text,sentiment
Net investment income,neutral
"no compensation for its news , opinions or distributions .",neutral
No financial details were available .,neutral
No financial details were disclosed .,neutral
No financial details were provided .,neutral
No financial details were reported .,neutral
No more waste-burning facilities should be built .,neutral
"No price was given for the transaction , which merges two London companies that have worked together on a number of projects including delivery of timetables for Britain 's National Express East Coast rail networks .",neutral
No pricing details were disclosed .,neutral
"Nokia said it still expects to sell 150 more million Symbian devices in years to come , giving an indication of how it expects the Phone 7 handoff to work .",neutral
Nordea Bank Estonia is part of the largest financial group in the Nordic countries .,neutral
"Of the company 's net sales , 38 % was acquired in Finland , 21 % in other European countries , 40 % in Asia , and 1 % in the US .",neutral
Officials did not disclose the contract value .,neutral
"On Dec. 1 , Grimaldi acquired 1.5 million shares and a 50.1-percent stake in Finnlines .",neutral
"Only L+ñnnen Tehtaat showed a loss , but it has only recently started streamlining measures .",neutral
Operating cash flow after investments totalled EUR 61.3 mn compared to EUR 75.3 mn in the corresponding period in 2007 .,negative
Oriola-KD expects its invoicing in 2008 to be higher than the comparable invoicing of 2007 .,positive
Otherwise the situation is under control .,neutral
"Our customers come from the following countries : UK , USA , Spain , France , Italy , Germany , China , Hong Kong , Sweden , Norway , Netherlands , Austria , Belgium , Switzerland , Czech Republic , Finland , Canada , Russia , Ukraine , Denmark , Ireland , South Korea and Liechtenstein .",neutral
"Our customers come from the following countries : UK , USA , Spain , France , Italy , Germany , China , Sweden , Norway , Netherlands , Austria , Belgium , Switzerland , Czech Republic , Serbia , Finland , Canada , Russia , Ukraine , Portugal , Denmark , Ireland , South Korea , Estonia and Liechtenstein .",neutral
"Our in-depth expertise extends to the fields of energy , industry , urban & mobility and water & environment .",neutral
"Particular attention is being paid to energy efficiency in the construction of the building , as it is designed to meet the requirements of energy class B , and LEED certification will be applied for .",neutral
"Paychex has more than 100 offices serving approximately 554,000 payroll clients nationwide as of May 31 , 2009 .",neutral
Payment of shares shall be effected on subscription .,neutral
"PCS Digital Guatemala has been using Tecnomen 's prepaid system in Telgua fixed networks as well as code division multiple access , or CDMA , and global system for mobile communication , or GSM , since 2003 .",neutral
"Poyry is a global consulting and engineering firm focusing on the energy , forest industry and infrastructure & environment sectors .",neutral
Poyry is a global expert in consulting and engineering .,neutral
"POYRY PLC Additional information by : Heikki Malinen , President and CEO , Poyry PLC tel. +358 10 33 21307 Poyry is a global expert in consulting and engineering .",neutral
Price talk is in the Euribor plus 2 bps area and the sole lead is Citigroup .,neutral
"Product deliveries will not be interrupted , the refiner said , giving no financial details .",neutral
Production is scheduled to start by the end of April 2007 .,neutral
Protalix has $ 42 million in cash and no sales .,neutral
Public services will also be available .,neutral
"Published by Globes online , Israel business news - www.globes-online.com - on November 16 , 2009 -® Copyright of Globes Publisher Itonut 1983 Ltd. 2009",neutral
Ramirent Finland is the domestic unit of machinery rental company Ramirent Oyj HEL : RMR1V .,neutral
Raute is listed on the Nordic exchange in Helsinki .,neutral
Registration is required .,neutral
Related links : Flexiblebaseloadoperation TheWartsila32generating set Gasconversions This is the shorter of two versions of this press release .,neutral
"rosendal at outotec.com Eila Paatela , Vice President - Corporate Communications tel. +358 20 529 2004 , +358 400 817198 e-mail eila .",neutral
Runway Visual Range is a calculated assessment of the distance that a pilot can see down a runway .,neutral
"Salcomp 's charger manufacturing plant in India is located in the Nokia Telecom Park in the state of Tamil Nadu , in the eastern part of India .",neutral
Saunalahti is a part of the Elisa group .,neutral
"says Brian Burton , Head of IT Security , Vodafone UK .",neutral
"Seller is the Finnish Elcoteq Group , the largest European electronics manufacturing services company .",neutral
Solteq Plc ANNOUNCEMENT 16.12.2010 SHARE REPURCHASE 16.12.2010 In the Helsinki Stock Exchange Solteq Plc now holds a total of 486.969 shares including the shares repurchased on 16.12.2010 .,neutral
"Some of the most recent technology deliveries include refinery technology to Anrak Aluminium , an iron ore pelletizing plant to Tata Steel and iron ore sintering plants to Bhushan Steel .",neutral
Sponda Plc 's Annual General Meeting decided on 23 March 2005 to establish a Shareholders ' Nomination Committee to prepare proposals for the Annual General Meeting in 2006 on the composition of the Board of Directors and their remuneration .,neutral
"SRV will also build an aqua park with wellness area , a restaurant and a multifunctional ice arena .",neutral
"SSH Communications Security Corporation is headquartered in Helsinki , Finland .",neutral
"SSH Communications Security Corporation is headquartered in Helsinki , Finland .",neutral
SSH Establishes New Global Sales and Marketing Group to be led by George Adams ; Adams Establishes Global Sales and Marketing Group to Drive Worldwide Programs Supporting SSH Tectia Enterprise Security Solutions,neutral
Status : Agreed,neutral
"Steek , which was set up in 2002 , is based in Bordeaux , southwestern France .",neutral
"STOCKMANN plc COMPANY ANNOUNCEMENT February 20 , 2007 , at 13.40 An annual summary of Stockmann 's stock exchange and financial press releases in 2006 is available on the company 's website at the address www.stockmann.com .",neutral
"Stora Enso , a global paper , packaging and wood products company , and Neste Oil , a Finnish company engaged in the refining and marketing of oil , have inaugurated the demonstration plant at Varkaus , Finland for biomass to liquids production utilizing forestry residues .",neutral
STUK today is a full service house expert in radiation and nuclear safety issues .,neutral
"Sullivan said some of the boards `` really involve a lot of work , and people should get paid for their time . ''",neutral
Suomen Paikallissanomat Oy is part of Alma Media Group and it currently publishes 15 local newspapers across Finland .,neutral
Talvivaara is listed on the London Stock Exchange Main Market and NASDAQ OMX Helsinki and is included in the FTSE 250 Index .,neutral
"Tecnotree 's convergent charging solution includes functionality for prepaid and post-paid billing , charging and rating of voice calls , video calls and raw data traffic for both mobile and fixed networks .",neutral
"Telecom has a foreign investment limit of 74 % , but it appears that mobile VAS does not , which means that Tecnomen can pick up as much as 96.6 % .",neutral
Teleste BK Optiflex amplifier products will be used in ongoing capacity upgrade of KDG 's network to bi-directionality .,neutral
Teleste has some 30 offices worldwide and is listed on the Nordic Exchange in Helsinki .,neutral
Teleste was set up in 1954 and is divided into Broadband Cable Networks and Video Networks business areas .,neutral
"The 2500-passenger ferry will have dimensions of 185 m length overall , 170 m length between perpendiculars , 27.70 m breadth and 6.55 m design draught .",neutral
"The acquisition does not have to be from the frozen foods or fish sector , as long as it has synergies with L+ñnnen Tehtaat 's other businesses .",neutral
The acquisition price was not disclosed .,neutral
The aforementioned shareholders have informed that they will propose to the Annual General Meeting that the number of members of the Board of Directors shall be five and that besides the present members of the Board of Directors also Mr Lassi Noponen shall be elected to the Board of Directors .,neutral
"The aim of the CEO 's Q&A sessions is to give further clarity on information , which has been made public already earlier .",neutral
The Board of Directors was authorized to decide on other terms of the share issue .,neutral
The bridge will be 1.2 km long and is located between Anasmotet by the road E20 and the new traffic junction in Marieholm by the road E45 .,neutral
"The buildings , with about 40 condominiums each , will be built in 4 or 5 stages .",neutral
"The business area has operations in Finland , Sweden , Denmark , Estonia , Latvia and Lithuania .",neutral
"The buyer is real estate owner Propertos Oy , but the companies have agreed not to disclose financial details of the deal .",neutral
The capital structure of Solidium may be complemented by other financial instruments in the future .,neutral
The category was marked by maturity and the recession .,neutral
The chain is to unite 45-50 centres by the end of 2008 .,neutral
The company has some 410 employees and an annual turnover of EUR65 .4 m. Vaahto Group is listed on the Nordic Exchange in Helsinki .,neutral
"The company is also seeking possibilities to relocate the Luumaki personnel , some 50 people , to other UPM mills .",neutral
"The company offers payroll services , including payroll processing , payroll tax administration , and employee pay services , including direct deposit , check signing , and Readychex .",neutral
"The company operates its business through two reportable segments , including Banking and Investment Services , and Non-Life Insurance .",neutral
The company 's board of directors has proposed a dividend of EUR0 .12 per share for 2006 .,neutral
The company 's board of directors will propose a dividend of EUR 0.14 for 2008 at the annual general meeting .,neutral
"The company 's plant in Russia will continue to make tyres for its near markets , while the plant in Nokia in Finland will manufacture tyres for other markets .",neutral
The company 's share is listed in the Mid Cap segment of the NASDAQ OMX Helsinki .,neutral
The company 's share is quoted on NASDAQ OMX Helsinki Rautaruukki Oyj : RTRKS .,neutral
"The company 's US subsidiary Vaisala Inc. acquires Aviation Systems Maintenance , Inc ASMI , a Kansas , U.S. based airport service company with over 2.6 million USD net sales in 2008 .",neutral
The company said that it has started to investigate streamlining its operations in order to meet the tightening competition on the mobile phone charger market .,positive
The company then said it will focus its resources on clinical research .,neutral
The Company turnover amounted to MEUR 27.9 in 2007 .,neutral
The company website is www.ahlstrom.com .,neutral
The company will be part of Teleste 's Video and Broadband Solutions business area .,neutral
"The company will publish its financial statement for 2008 on February 25 , 2009 .",neutral
The company will release its 2010 results on 11 February 2011 .,neutral
"The company will use the money for product development and research activities through 2013 in its key markets Finland , Germany , Italy and France .",neutral
The continued operations mean the structure after the restructuring of the Aspocomp group including Aspocomp Oulu and the headquarter operations .,neutral
"The contract covers turnkey deliveries to all five airports operated by the authority -- John F Kennedy , LaGuardia , Newark , Teterboro and Stewart International .",neutral
The contract includes heating plant equipment and associated installation work .,neutral
The contract involves refurbishing the bathrooms of 189 units as well as re-plumbing their water and sewer pipes .,neutral
The contracts comprise turnkey orders for RoRo systems for two RoRo-cruise vessels under construction for Viking Line and Tallink .,neutral
"The cost of the deal could range from 70 million to 90 million euros depending on the financial results of the two companies in 2008 , the statement says .",neutral
The cranes would be installed onboard two freighters ordered by Singaporean ship owner Masterbulk .,neutral
The customers will have an access to integrated propeller and gear packages from one source .,neutral
The deal is subject to approval by the Norwegian competition authorities .,neutral
The deal means that ten persons in three countries will transfer to Tieto .,neutral
The deal will have no significant effect on the acquiring company 's equity ratio .,neutral
The deliveries are scheduled for the summer and autumn of 2008 .,neutral
"The development of the technological park , which will specialize in telecommunications and information technologies , is part of the state program for the formation of technoparks for hi-tech sectors in Russia .",neutral
"The e-commerce site and flagship will be managed by Marimekko North America Retail LLC , a subsidiary established in the U.S. last year .",neutral
"The final price will be specified by 14 May 2010 , the acquiring company said .",neutral
"The Finland-based company says it will move into an existing 260,000-square-foot facility in September .",neutral
"The Finnish business delegation includes representatives from over 20 companies that include Nokia Corp , Finnfund , Outokumpu Oyj , OKO Bank , Alteams Oy and Cargotec Corp. .",neutral
"The Finnish company is building a 800,000 mt-year biodiesel plant in Singapore .",neutral
"The firm 's UK head office is in Rugby Road , Lutterworth .",neutral
The first group of customers to be trained will be paint-shop owners and their assistants .,neutral
The first stage of the contract covers 133 stores and 600 cash registers .,neutral
"The fish content of the nuggets is 85 % , and the fish comes from Canada and Finland .",neutral
The following information was released by Comptel : Tomorrow the Chairman of the Federal Communications Commission is scheduled to deliver the National Broadband Plan to Congress .,neutral
The front surfaces of these valve plates are directed towards each other .,neutral
The ground barleycorn has been fully produced in Finland and will be available in stores as of the beginning of 2010 .,neutral
The implementation of the deal is subject to the approval by the Finnish Competition Authority .,neutral
"The inaugural speech will be given by Hannu Kyrolainen , Finland 's Ambassador to the Czech Republic .",neutral
The increase range will vary up to 10 % .,neutral
The initial estimated total value was 1744900 EUR and the final award value was 1744900 EUR .,neutral
"The Internal Revenue Service sees about 20 percent of all taxpayers wait until the last two weeks to file , with about 40 million returns filed in April .",neutral
"The latest date for registration is on 4 April , 2006 .",neutral
The lay-offs will affect 240 people out of the total 320 Okmetic employees in Finland .,negative
The Line 4 will run fully underground and will comprise 10 stations which will be executed in two implementation stages .,neutral
The majority of the company 's personnel in Finland is temporarily laid off from one to six weeks in the period from February to June 2009 period .,negative
"The mall will be financed on a parity basis by Pearl Plaza LLC , the joint venture company established by the Chinese investor Shanghai Industrial Investment Holdings Co Ltd , and SRV Group .",neutral
"The maximum amount of the capital loan will be EUR30m and the minimum subscription -- EUR10 ,000 .",neutral
The maximum number of new shares to be offered is 22 million .,neutral
The measures taken will cause one-time costs during the final part of 2006 .,neutral
"The mill will have capacity to produce 500,000 tonnes of pulp per year .",neutral
"The money will be spread mainly over 2011 and 2012 , the company said .",neutral
"The natural source of isoprene is the tree species Hevea brasiliensis , also known as the rubber tree .",neutral
The new activity will incur an investment of about 5 MEUR .,neutral
"The new company will likely hold an IPO on the NYSE or another international stock exchange , according to Altimo which manages the Alfa Group 's telecommunications assets and TeliaSonera 's agreement , which has been published on the website of the U.S. Securities and Exchange Commission .",neutral
"The new majority owners of Aspocomp Thailand Co. , Ltd are certain private persons belonging to immediate circle of Aspocomp 's present Joint Venture partner , Saha Pathana Inter-Holding Plc. .",neutral
The new organization consists of two business units : Charging & Messaging and Finance & Administration .,neutral
The new SEPA cads will replace Finnish bank cards .,neutral
"The order comprises all production lines for a plywood mill , company said in a statement received by Lesprom Network .",neutral
"The order comprises four ball mills , which will be organized in two different streams for treating ore in the Pilanesberg platinum mine .",neutral
"The order includes a new Crecent former , headbox , and reel .",neutral
The output of the contracts totals 72 MWe .,neutral
"The parties have agreed not to disclose the price of the deal , the group said in a press release .",neutral
The parties have agreed not to disclose the transaction value .,neutral
"The payment date is March 25 , 2010 .",neutral
The plans will result in the introduction of new and highly specialized manufacturing methods and also entail changes to personnel at the facility .,neutral
"The platform is based built on Intel s second-generation MID platform , called Moorestown .",neutral
"The price of the 10,000 kroon par value bonds was 9663,51 kroons in the primary issue .",neutral
The proposal by the Board of Directors on the issuance of option rights will otherwise correspond to the proposal by the Board of Directors in the Notice to the General Meeting .,neutral
The purchase sum is about EUR 10mn US$ 12.97 mn .,neutral
"The recruitment is related to the relocation of Stora Enso 's research operations to Karlstad , central Sweden .",neutral
The Remote Radio head module will be available at 4W power for 2.5 GHz and 3.5 GHz TDD frequency bands .,neutral
"The report examines the medical equipment business structure and operations , history and products , and provides an analysis of its key medical equipment revenue lines .",neutral
The restructuring measures will not affect the production of packaging printing material .,neutral
"The sale , comprising the margarine business in Finland and Poland , follows the approval of the Polish competition authorities earlier in October .",neutral
"The sale of Savcor FACE to Cencorp will result in a profit or loss which can not yet be determined , owing to factors including the valuation of the consideration shares to be received and prevailing exchange rates .",neutral
"The sale will be finalized in September or October , the company said .",neutral
"The share capital of Alma Media Corporation business ID 1944757-4 is EUR 44,767,513.80 and it is divided into 74,612,523 shares .",neutral
"The shares subscribed for under the stock options were registered in the Trade Register on 20 January 2011 , as of which date the new shares will establish shareholder rights .",neutral
"The ship cranes , which will be manufactured by MacGREGOR 's partner plants in China , will be delivered between 2008-2010 for vessels ordered by Chinese COSCO , German Peter Dohle and Hong Kong based Cido Shipping .",neutral
The ship unloader is totally enclosed along the entire conveying line to the storage facilities .,neutral
The site will cover over six hectares .,neutral
"The study was not designed to enable formal statistical evaluation of therapeutic activity , the company said .",neutral
The transaction will take place without payment of merger consideration .,neutral
The unit is planned to be operational during the second half of 2007 and in full stream in 2008 .,neutral
"The wireless industry is bracing itself for the iPhone , which will launch on June 29 .",neutral
Their offering also covers localisation services related to production transfer to the Finnish company 's customers that already have production in Asian market or have made the decision to transfer production there .,neutral
"There are currently some ten shops selling Tikkurila 's paints in Kazakhstan , and more shops will be opened continuously .",neutral
"There have been 15 initial public offerings announced in Sweden this year , compared with two during the same period a year earlier , Bloomberg data shows .",neutral
They both will report to Oriola-KD 's chief executive officer Eero Hautaniemi .,neutral
This is the company 's first contract abroad .,neutral
This release is not an offer of securities for sale into the United States or elsewhere .,neutral
This solution is an extension to the existing online mediation solution delivered earlier by Comptel and IBM .,neutral
"Through its partnership with Finnish Paulig 's Danish subsidiary Oscar , Puljonki acquired a sales organization in the European market .",neutral
"Tieto in Latvia is represented by IT services companies TietoEnator Alise and TietoEnator , which has operations in the industries of Financial Services Cards , Retail and Logistics and IT Outsourcing and Managed Services .",neutral
"Together with Latvia , Cramo will operate 54 rental outlets in the Baltic States .",neutral
Two other sites will be included later on .,neutral
"Under a preliminary estimation , the technology park will measure about 50,000 square meters .",neutral
"Under the changes envisaged , HK Ruokatalo would reduce its number of industrial places of business in Finland from eight to six .",neutral
Upon completion of the sale Proha would get some USD12 .7 m for its stake in Artemis .,neutral
W+ñrtsil+ñ 's aim is to serve the rapidly growing number of vessels and increasing marine activity in the Barents Sea region .,neutral
Valga Lihatoostus markets its products under the Maks & Moorits trademark .,neutral
"We know that it exists , '' Artemyev said .",neutral
We offer our customers solutions based on renewable raw materials .,neutral
"When dialing in , the participants should quote 877417 as conference ID .",neutral
Work on the assignment has already started and is due for completion in spring 2011 .,neutral
"Yesterday , Legrand issued its E300 million fixed rate deal maturing 2017 .",neutral
Yvonne Jones is owner of Chameleon Interiors .,neutral
ZAO YIT Moskovia builds housing in Moscow and its surrounding cities .,neutral
"BAWAG - Is to issue a benchmark , covered deal .",neutral
"JVC will stop producing DVD players in Brazil : JVC do Brazil , a subsidiary of Japan 's JVC group announced it will stop the production of DVD players in Brazil .",neutral
"Swedbank Hypotek - Is to issue a benchmark , fixed rate covered deal in Euros , maturing January 2010 .",neutral
"Argentine agricultural export company Calafate has tapped compatriot firm Finnegans for a software solution , the latter company said in a statement .",neutral
"Finnish printed circuit boards ( PCBs ) maker Aspocomp Group Oyj said on December 4 , 2006 it named Henry Gilchrist senior vice president of the group 's Asian operations , as of January 8 , 2007 .",neutral
` Nordic infrastructure construction is one of our strategic growth areas .,neutral
` Pulp and paper industries are growing in countries like China and Russia .,neutral
"` Sanoma is a buyer not a target , ' he said .",neutral
"`` After the transaction , Tikkurila has no powder coatings-related operations , '' the company said .",neutral
"`` If you need malware removal tools , type the URL of your vendor of choice directly into the browser bar and use links on their website , '' wrote Trend Micro 's Rik Ferguson on Monday .",neutral
`` It wo n't happen overnight .,neutral
`` Printed fabrics and related design expertise have always been the core of Marimekko 's business and brand .,neutral
`` Serving customers locally is one of the cornerstones of customer focus for us .,neutral
"`` We have become convinced that we can do that very quickly , '' he told Finnish business reporters .",neutral
`` We know there are some of our own people out there . '',neutral
"+£lemiste City is the environment for a knowledge-based economy providing work for 3,300 people with the total turnover of its companies amounting to EEK 5.4 bn , '' said +£lo P+ñrnits , chairman of the supervisory board of +£lemiste City and Mainor .",neutral
"19 May 2010 - Finnish company Lemminkainen Oyj ( HEL : LEM1S ) said today that it will construct an office building at Toolonlahti in downtown Helsinki , without disclosing financial details .",neutral
25 November 2010 - Finnish paints and coatings company Tikkurila Oyj ( HEL : TIK1V ) said today that Finnish state-owned investment company Solidium Oy sold its 14.7 % stake in the company for a total of EUR98m .,neutral
26 January 2011 - Finnish software solutions provider Basware ( HEL : BAS1V ) said yesterday it adjusted its strategy and goals for the next four years with focus on international growth mainly via acquisitions .,neutral
26 November 2010 - Finnish sports-equipment maker Amer Sports Oyj ( HEL : AMEAS ) said today it has obtained a EUR30m Schuldschein note loan from a pool of international investors .,neutral
"3 January 2011 - Scandinavian lenders Sampo Bank ( HEL : SAMAS ) , Pohjola Bank ( HEL : POH1S ) and Svenska Handelsbanken ( STO : SHB A ) have provided a EUR160m ( USD213m ) line of credit to Lemminkainen Oyj ( HEL : LEM1S ) , the Finnish construction firm said on Friday .",neutral
55 workers in +àm+Ñl will be affected by the close-down .,negative
"A coker crane will be supplied to Tesoro Corporation 's Golden Eagle Refinery in Martinez , California , while a similar crane will be delivered to BP 's Castell refinery in Spain .",neutral
A few employees would remain at the Oulu plant in support functions for other group units .,neutral
A huge issue for us is the button placement .,neutral
A merger between UPM and Finnish-Swedish Stora Enso is not likely either .,neutral
A paper mill in the central Maine town of Madison soon will have a new owner .,neutral
A total 30 % of the order value was booked in the fourth quarter of 2009 and the remainder will be booked in the second quarter of 2010 .,neutral
"A total of 131000 Talvivaara Mining Company Plc 's new shares were subscribed for during the period between May 1 , 2010 and June 30 , 2010 under the company 's stock option rights 2007A .",neutral
"A total of 38,244 new Citycon shares with a nominal value of EUR 1.35 per share were subscribed on 19 April exercising the A-B-C options based on the company 's stock option plan 1999 .",neutral
"A total of 750,330 new Citycon shares with a nominal value of EUR 1.35 per share were subscribed in December exercising the A-B-C options based on the company 's stock option plan 1999 .",neutral
"ABN Amro Capital has agreed to sell its Helsinki-based designer homeware producer , Iittala Oyj , to crosstown consumer products group Fiskars Corp. , for EUR230 million to EUR235 million ( $ 310 million to $ 316 million ) .",neutral
"According to preliminary information by the Finnish Forest Industries Federation , imports of roundwood to Finland increased to about 20 million m3 in 2005 , representing an increase of 15 % from 2004 .",neutral
Finland-based Stockmann Group has closed seven franchising sports stores Nike in Russia .,negative
"Finnish AC drives manufacturer Vacon is acquiring the AC drives business of TB Wood 's , part of the US group Altra Holdings .",neutral
Finnish beverage company Olvi is one of the last listed companies in Finland that has not yet published its financial result for the second quarter of 2009 .,neutral
Finnish department store group Stockmann is planning to acquire about EUR 141mn through a directed issue and a rights offering .,neutral
"Finnish Kemira Group 's CEO , Lasse Kurkilahti , says the Group 's structural reorganisation will continue for at least a year .",neutral
Finnish power company Fortum reports 89 % of its electricity was generated without carbon dioxide emissions in 2007 .,neutral
Finnish Rautaruukki 's engineering division Ruukki Engineering will re-organise its operations in the Mo i Rana plant in Norway .,neutral
Finnish stainless steel manufacturer Outokumpu in Degefors is planning to recruit new engineers in order to meet a retirement wave over the next few years .,neutral
"Finnish W+ñrtsil+ñ that provides power solutions for the marine and energy markets has opened a Service Centre in Murmansk , in Russia .",neutral
"In Finland , Sampo Bank , now part of the Danske Bank group , will lay off staff from the administrative and support functions .",negative
"Local government commissioner of +àm+Ñl , Kurt Svensson , says he will contact the management of Finnish company Componenta to find out if there are any alternatives to the company 's decision to close down its plant in +àm+Ñl .",neutral
"Private equity investor CapMan , the owner of Finnish Lumene cosmetics company , is planning to list Lumene .",neutral
"Scanfil , a systems supplier and contract manufacturer to the communications sector , will give notice to 20 productional employees , and temporarily lay off 15 employees at the company 's plant in Sievi , in Finland .",negative
"Scanfil , a systems supplier and contract manufacturer to the communications sector , will start personnel negotiations in Oulu , in Finland , to lay off staff temporarily .",negative
"Swedish engineering consultant firm Etteplan is to establish a unit in town Borl+ñnge , by the turn of the month March-April 2008 .",neutral
"The Finnish investment company Sponda is conducting negotiations to acquire the business center Dukat Palace-2 located in the center of Moscow , from London & Regional Properties .",neutral
"According to Finnish FIM Bank , Alpro 's price would be around EUR 100mn-150mn .",neutral
"According to Heikkil+ñ , more than just `` refreshment and energy '' will soon be found in soft drinks also in Finland .",neutral
"According to HK Ruokatalo , almost all the meat used by the company comes from Finland .",neutral
"According to L+ñnnen Tehtaat 's CEO Matti Karppinen , the company aims to deliver fish products to its customers a day earlier than it currently does .",neutral
"According to Olvi , the company is already negotiating new agreements .",neutral
"According to Saarioinen 's Managing Director Ilkka M+ñkel+ñ , the food industry sector has a significant excess of production machinery .",neutral
According to the announcement of the Helsinki Stock Exchange the share of Sentera shall be delisted from the NM-list of the Helsinki Stock Exchange accordingly .,neutral
Activities range from the development of natural resources to the retailed marketing of finished products .,neutral
"Additionally , information on business segments , competitors and future outlook are provided .",neutral
"Additionally , the company will terminate a maximum nine salaried and senior salaried employees ' employment contracts .",negative
"Additionally , the company will use the solutions to automate the preparation of financial statements according to IFRS standard .",neutral
Affecto has participated in the program for the development of the Norwegian pension system since 2007 .,neutral
"Affecto will provide a new EFI Data Warehouse and reporting solution , behavioural scoring system supporting operational decision processes and Data Migration from old legacy systems to the new EFI system .",neutral
AffectoGenimap builds highly customised IT solutions for its customers in Finland and the Baltic countries .,neutral
After 1 April 2007 Cencorp will not have any own employees in the territory .,neutral
"After buying Eukor Car Carriers 50 percent stake , Grimaldi Group is now the sole owner of the Swedish roll-on , roll-off port of Wallhamn .",neutral
"After completion of the acquisition , Poyry 's oil and gas expertise will cover multi-discipline engineering and consulting services across the complete oil and gas asset lifecycle , including deepwater engineering services .",neutral
"After the restructuring , UPM 's average paper machine capacity in Europe will be 320,000 tons ( 350,000 short tons ) in coated magazine paper and 420,000 tons ( 460,000 short tons ) in coated fine paper .",neutral
"After the transaction , M-real will own 30 % in Metsa-Botnia and UPM -- 17 % .",neutral
"After the transaction , Tikkurila has no powder coatings related operations .",neutral
"Ahlstrom Corporation STOCK EXCHANGE ANNOUNCEMENT 23.4.2007 Ahlstrom Corporation will publish its first quarter financial results 2007 on Friday , April 27 , 2007 approximately at 8.30 a.m. Finnish time .",neutral
"AHMS will also offer Hotel and Hotel Project Consultancy , Management Services , Brand Franchise , Training and Sales and Marketing services on a pan-India basis .",neutral
Aktia forecasts Finland 's inflation at 1.1 % in 2010 .,neutral
Aldata noted that its Voice Supply Chain Technology approach enables VDW to integrate with warehouse management systems .,neutral
"Aldata Solution Oyj Stock Exchange Release 11 August 2006 , at 11.00 am ALDATA SHARES SUBSCRIBED FOR WITH 2003 STOCK OPTIONS A total of 95,000 new shares of Aldata Solution Oyj have been subscribed for with the company 's 2003A stock options .",neutral
"ALEXANDRIA , Va. , Dec. 17 -- Reijo Salovaara , Nastola , Finland , has developed a veneer cutter .",neutral
"ALEXANDRIA , Va. , Dec. 19 -- United States Patent no. 7,853,620 , issued on Dec. 14 , was assigned to Nokia Corp. ( Espoo , Finland ) .",neutral
"ALEXANDRIA , Va. , Dec. 22 -- United States Patent no. 7,854,608 , issued on Dec. 21 , was assigned to Outotec Oyj ( Espoo , Finland ) .",neutral
"ALEXANDRIA , Va. , Jan. 9 -- United States Patent no. 7,862,685 , issued on Jan. 4 , was assigned to Kemira Chemicals Inc. ( Marietta , Ga. ) .",neutral
"ALEXANDRIA , Va. , March 15 -- Jaakko Vilo of Turku , Finland , has developed a panel press .",neutral
"ALEXANDRIA , Va. , May 23 -- Matti Harkonen and Pentti Sipponen , both of Espoo , Finland , Osmo Suovaniemi of Helsinki , Finland , and Tapani Tiusanen of Vantaa , Finland , have developed a paper web press device .",neutral
"ALEXANDRIA , Va. , Oct. 23 -- Hans-Otto Scheck of Espoo , Finland , has developed a method of identifying remote radio units in a communication system .",neutral
"ALEXANDRIA , Va. , Oct. 6 -- United States Patent no. 7,804,288 , issued on Sept. 28 , was assigned to Vacon Oyj ( Vaasa , Finland ) .",neutral
"Alma Media Corporation Press Release 15 March 2010 TYRVAAN SANOMAT AND PAIKALLISSANOMAT BEING BOUGHT BY SUOMEN PAIKALLISSANOMAT Two local papers , Tyrvaan Sanomat and Paikallissanomat , appearing in Sastamala and its neighbouring municipalities , are to be bought by Suomen Paikallissanomat Oy .",neutral
"Alma Media Corporation PRESS RELEASE March 25 , 2010 TYRV+ä+äN SANOMAT PURCHASE CONFIRMED The business operations of Tyrv+ñ+ñn Sanomat Oy will be transferred to Suomen Paikallissanomat Oy .",neutral
"Also Finnish Industry Investment , a government-owned investment company , will participate in the project .",neutral
"Also in Latvia , we act as a partner for bakery customers in both production and product development .",neutral
"Also Ruukki Construction , Rautaruukki 's construction division , is initiating employer-employee negotiations at its sites in Alaj+ñrvi , Vimpeli and Per+ñsein+ñjoki in Finland .",neutral
"Also the city 's insurance company , If P & C Insurance , has said it will not pay compensation .",negative
"Altogether CapMan employs approximately 150 people in Helsinki , Stockholm , Copenhagen , Oslo , Moscow and Luxembourg .",neutral
"Altona stated that the private company of Altona chairman Kevin Maloney , Tulla Resources , would take up its entitlement in full .",neutral
"An acquisition of TeliaSonera would be France Telecom 's biggest since its 2000 purchase of Orange plc for  27.8 billion ( $ 55.1 billion ) and would create the world 's fourth-largest telecom company behind AT&T Inc. , Verizon Communications Inc. and NTT Corp. of Japan .",neutral
An earn-out payment of up to 4.0 mln euro ( $ 5.3 mln ) can also be paid depending on Intellibis financial performance in 2007 .,neutral
An EU law on the issue may be introduced around 2010 .,neutral
"And earlier this month , the company signed a deal with India-based information technology services giant Wipro Technologies to transfer and sell its radio access related R&D activities in Berlin .",positive
Another firm Air Liquide was exempted because it left the market in 1998 .,neutral
"Apartments of YIT Home may be purchased in 5 regions of Russia , where YIT subsidiaries carry out their activities : Moscow and Moscow region , St. Petersburg , Ekaterinburg , Kazan and Rostov-on-Don .",neutral
"Approximately SEK 166 million in repayments has been demanded for overcharging in the Stockholm area , with the remaining SEK 87 million taken from the Western coast , the inspectorate said .",neutral
Arena Partners Oy is a development company for electronic business .,neutral
"As a condition to the deal , Savcor Alfa has to have bought Photonium and Akseli Lahtinen Inc. 's business operations prior to the deal .",neutral
"As a result , the company has decided it will implement fixed-term temporary lay-offs .",negative
"As a result , the company will temporarily lay-off 25 % of the whole personnel , approximately 270 persons at Kirkkonummi and Nivala factories .",negative
"As a result of the negotiations , the amount of employment contracts to be terminated is 13 .",negative
"As a result of the negotiations , the company will terminate total 5 employment contracts .",negative
"As of July 2 , 2007 , the market cap segments will be updated according to the average price in May 2007 .",neutral
"As part of the agreement , Aspocomp will also give Meadville a 10 pct slice of a subsidiary operating in Oulu , Finland .",neutral
"As part of the reorganisation , Pohjola Insurance 's 250 field staff for private customers will join the payroll of local cooperative banks from the beginning of October 2008 .",neutral
"As part of the reorganization , Kauko-Telko Ltd will be divided into Telko Ltd , Leipurin Ltd , Hamina Terminal Services Ltd and Kaukomarkkinat Ltd. .",neutral
Aspo 's Group structure and business operations are continually developed without any predefined schedules .,neutral
Aspo serves demanding business-to-business customers .,neutral
"Aspocomp said it will spin off its Chinese and Indian units , and some equipment from its Salo plant in Finland , into a newly-formed unit , most of which it will then sell on to Hong Kong-listed Meadville .",neutral
"At some point , it will spread also to Iran and Iraq .",neutral
"At the end of last week , Protalix BioTherapeutics Inc ( AMEX : PLX ) published a prospectus for a first offering on AMEX of about 5 % of its share capital .",neutral
"At the end of March 2009 , the company 's loans amounted to EUR 10.113 mn .",neutral
"At the moment , there are approximately 20 Vianor sales offices in Russia .",neutral
Automation makes it possible to conduct several tests simultaneously .,neutral
"Barclays Plc ( LSE : BARC ) ( NYSE : BCS ) , Credit Agricole SA ( EPA : ACA ) ( CAGR .",neutral
"Based on the design of previous handsets , the Nokia E72 and Nokia E63 this Symbian-based model is promised to offer direct access to over 90 per cent of the world s corporate email through Mail for Exchange and IBM Lotus Notes Traveler .",neutral
Basware Business Transactions Service enables the customer to receive and send invoices in an electronic format .,neutral
Basware finances the acquisition with a bank loan .,neutral
"BasWare Invoice Processing , BasWare Contract Matching , BasWare Order Matching and BasWare KPI Reporting Tool are part of the BasWare 's Enterprise Purchase to Pay product suite .",neutral
"BasWare Invoice Processing , BasWare Contract Matching , BasWare Order Matching and BasWare KPI Reporting Tool are part of the BasWare 's Enterprise Purchase to Pay solution suite .",neutral
Basware offers full support for all SAP versions starting from SAP 4.5 .,neutral
"Beef imports fell slightly from 2006 , to 14mn kilos .",neutral
Benefon will turn the Salo unit into a B2B business unit and establish a B2C business unit in the UK .,neutral
"Berling Capital , Umo Capital and Veikko Laine are the biggest shareholders in Amanda Capital .",neutral
Bluewin Security is available as a monthly subscription .,neutral
"Blyk is launching first in the UK market in mid-2007 , with other markets to follow .",neutral
"Body ES Vostok also owns stakes in power sales companies MosenergosbytBody ( RTS : MSSB ) ( 50.9 % ) , Altaienergosbyt ( 100 % ) , Saratovenergo ( RTS : SARE ) Body ( 48.36 % ) and Tambov Power Sales Company ( RTS : TASB ) ( 49.01 % ) , all ofBodywhich it received from the distribution balance .",neutral
Both sources said Nokia would unveil its new phone code-named `` Tube '' on Oct. 2 at an analyst and media event in London .,neutral
"Byline : Tim Moran Cellular phone giant Nokia Corp. is offering $ 8.1 billion for digital map supplier NAVTEQ Corp. , of Chicago .",neutral
Capital base and capital adequacy measurement is based on approaches under Basel II .,neutral
"CapMan , with offices in Helsinki , Stockholm , Copenhagen and Oslo , manages Nordic buyout , mezzanine , technology , life science and real estate funds with approximately EUR2 .6 bn in total capital .",neutral
"CapMan 's first real estate fund , which had a total investment capacity of ( EURO ) 500 million and closed in June 2005 , invested in commercial properties in the Helsinki metropolitan area .",neutral
"Cardona slowed her vehicle , turned around and returned to the intersection , where she called 911 .",neutral
"Cargotec 's brands , Hiab , Kalmar and MacGREGOR , are global market leaders in their fields and their solutions are used on land and at sea - wherever cargo is on the move .",neutral
"Cencorp would focus on the development , manufacture and marketing of standard products for production automation .",neutral
Changes to the as-built models from the design were communicated to the subcontractors to accommodate them into the steel and GRC fabrication process .,neutral
Choose from a Giant Countdown with red head or rainbow trout -- or the Giant Shad Rap in perch color .,neutral
Closing of such transaction took place today .,neutral
"Cohen & Steers , Inc. : 5 534 530 shares representing 4.985 % of the share capital and voting rights .",neutral
"Cohen & Steers , Inc. : 5 534 626 shares representing 4.985 % of the share capital and voting rights .",neutral
com and possibly also through photo-msn .,neutral
"Companies evaluated in the report include Aladdin , CA , F-Secure , Kaspersky , Marshal , McAfee , Microsoft , Panda , Proofpoint , Sophos , Symantec , Trend Micro , Tumbleweed , and Websense .",neutral
COMPTEL CORPORATION Sami Ervio President and CEO Distribution : NASDAQ OMX Helsinki Major media Comptel Dynamic OSS solutions enable telecom service providers to deliver services flexibly and charge them effectively .,neutral
Connectivity Services include outsourced Scan and Capture which transfers paper invoices into electronic format and Basware Business Transactions Service enables the customer to receive and send invoices in an electronic format .,neutral
Consumption is forecast to grow by about 2 % .,positive
"Country : , Finland Sector : Construction-Real Estate Target : Pohjolan Design-Talo Oy Buyer : CapMan Oyj Vendor : Ruukki Group Oyj Deal size in USD : 102.6 m Type : Divestment Status : Agreed",neutral
"Country : , Switzerland Sector : Pharmaceuticals Target : Synosia Therapeutics Holding AG Buyer : Biotie Therapies Corp Deal size in USD : 129.4 m Type : Corporate acquisition Financing : All-stock Status : Closed",neutral
Country : ; Germany Sector : Construction-Real Estate ; Machinery-Engineering Target : Caverion GmbH Buyer : YIT Oyj Deal size in USD : 90.3 m Type : Corporate acquisition Status : Agreed,neutral
"Cramo is a service company specialising in construction machinery and equipment rental and rental-related services , as well as the rental and sale of modular space .",neutral
"Cramo Plc is a service company specialising in construction machinery and equipment rental and rental-related services , as well as rental and sale of modular space .",neutral
credit 20 November 2009 - Finnish glass technology company Glaston Oyj Abp ( HEL : GLA1V ) said today it concluded a EUR74m revolving credit facility agreement with its core banks .,positive
"CS Cabot exports 55 % of its production mainly to Goodyear , Bridgestone and Michelin plants in Poland , as well as to Germany 's Michelin or Italy 's Pirelli through the company 's logistics center in Paris , Stefan said .",neutral
"Currently , the plant operates on full capacity .",neutral
Danske Bank is Denmark 's largest bank with 3.5 million customers .,neutral
Decisions are to be made as quickly as possible .,neutral
Deliveries by Outotec will take place over 30 months .,neutral
"Deliveries of Nokia 1112 , Nokia 2310 and Nokia 2610 are expected to start in the second quarter of 2006 .",neutral
Delivery is due in the second half of 2011 .,neutral
"Den Bosch-based TomTom is Europe 's largest maker of automotive navigation devices , while Cayman Islands-based Garmin is larger in the U.S. and overall .",neutral
"Depending on the market situation , such projects are sold after 1 to 3 years after completion .",neutral
"Dubbed Nokia Money Solutions , company officials say the initiative would seek to bridge the gap between the banked and unbanked in developing countries .",positive
"Due to market conditions , the company will also temporarily lay off about 3,200 people at different sites .",negative
"Due to Pirkka beer , Olvi 's brewery in Iisalmi is moving to 7-day , 24-hour work shifts .",neutral
"During the rally , which was authorized by the city administration , a consulate official came out to the workers , spoke to them and took a letter from them .",neutral
Efore has decided to establish a company for eletric vehicle ( EV ) business in China .,neutral
"Elcoteq Dongguan was established in 1999 in the Nancheng District of Dongguan , China and is one of Elcoteq s four volume manufacturing plants in the Asia-Pacific region .",neutral
"Elcoteq SE Stock Exchange Announcement February 4 , 2009 at 10.00 am ( EET ) Elcoteq will publish its financial statements bulletin 2008 on Wednesday , February 11 , at 9.00 am ( EET ) .",neutral
Electricity consumption grows with higher frequencies .,neutral
Elisa has commissioned Finland 's Poyry Telecom Oy to conduct a study of reception in some of Estonia 's largest cities besides Tallinn .,neutral
"Elsewhere , the tendency is towards more developed packaging than before .",neutral
"Equipment will be manufactured in Vaahto 's workshop in Hollola , Finland and is scheduled for shipments during the first quarter of 2009 .",neutral
Eriikka S+Âderstr+Âm has previously held several positions in finance and control at Nokia Networks including acting as the Business Group Controller and having the corporate controller position at Nokia Siemens Networks .,neutral
"Estonia 's Agriculture Minister Helir-Valdor Seeder is in Finland on a two-day visit , in the course of which he will meet with his Finnish counterpart Sirkka-Liisa Anttila .",neutral
Etteplan targets to employ at least 20 people in Borl+ñnge .,positive
EUR 220 million of the transaction consideration was paid in the form of four-year interest-bearing vendor notes .,neutral
"Featuring the S60 user interface , this 135-gram model also comes with a 2.4-inch quarter VGA display and 100 megabytes of internal memory , expandable through the Micro Secure Digital slot .",neutral
Feed companies Suomen Rehu and Raisio do no import GMO feed .,neutral
"Financial , strategic and operational factors are considered .",neutral
Financial details were not disclosed .,neutral
Financial details were n't disclosed .,neutral
Financial terms were not disclosed .,neutral
Financial terms were n't disclosed .,neutral
"Finland 's Technopolis is planning to bring the first section of a technopark on stream in St. Petersburg at the end of 2008 , Kari Mikkonen , vice president of Technopolis , told reporters in Helsinki .",neutral
"Finland-based companies , L+ñnnen Tehtaat and Raisio , have decided to dissolve the joint venture company ZAO Scandic Feed , which was established to start local animal feed business and feed production in northwest Russia .",neutral
"Finnish cargo handling solutions company Cargotec Oyj said on June 17 , 2008 that it will acquire New Zealand tailgates distributor Zepro Tailgate ( 1987 ) Limited for an undisclosed sum .",neutral
"Finnish construction machinery and equipment rental group Cramo Oyj said on March 21 , 2007 its Swedish sector subsidiary Cramo AB will sell its Dutch subsidiary Cramo Nederland B.V. ( CNL ) to Dutch rental and scaffolding company Jaston Groep B.V. for an undisclosed sum .",neutral
"Finnish drug distributor and wholesaler Oriola-KD Oyj said on October 11 , 2006 it named Anne Kariniemi vice president of its Logistics and Sourcing department as of January 15 , 2007 .",neutral
"Finnish electronics contract maker Incap Oyj said on January 3 , 2008 it sold its manufacturing facilities in Helsinki to local real estate company Sponda Oyj for 5.3 mln euro ( $ 7.8 mln ) .",neutral
Finnish fibre-based materials maker Ahlstrom Corp ( HEL : AHL1V ) said today it decided to close down its spunlace composite production line number 23 at Chirnside plant in the UK by the end of March 2011 .,neutral
Finnish investment company Neomarkka is the main owner of Kuitu Finland 's successor .,neutral
"Finnish investment group Neomarkka Oyj ( HEL : NEMBV ) said today that it will buy the former production facilities of Kuitu Finland Ltd , as part of negotiations on the option to invest in specialty cellulose fiber business .",neutral
"Finnish investor Scanfil Oyj ( HEL : SCF1V ) said last Friday it has bought 57 million shares , or 32.96 % , in Norwegian contract electronics manufacturer Kitron ASA ( OSL : KIT ) for NOK 143.9 million ( USD 24.4 m-EUR 18.1 m ) .",neutral
Finnish plastic pipe maker Uponor is selling its Irish and UK infrastructure businesses to private equity company 3i .,neutral
"Finnish property investor Sponda said it has agreed a 100 mln eur , five-year mln credit facility with Swedbank and a 50 mln eur , seven-year facility with OKO Bank .",neutral
"Finnish publisher Alma Media ( HEL : ALN1V ) said Wednesday it has decided to further extend its EUR1 .85 ( USD2 .75 ) apiece mandatory tender offer for media group Talentum ( HEL : TTM1V ) , which started on 19 August , until 16 November .",neutral
"Finnish real estate company Sponda Oyj said on April 11 , 2008 it would build Vuosaari Harbour Service Center at the Port of Helsinki .",neutral
Finnlines said that the deal is part of its strategy to focus on its core businesses .,neutral
"First Industrial will seek LEED designation for Uponor 's new building and a 282,000 square-foot speculative distribution center at First Park Lakeville .",neutral
"Following the move , Stora Enso holding in NewPage will remain unchanged .",neutral
"Following the registration , the share capital of Biotie is EUR 52,556,678.10 .",neutral
"Foodservice and consumer goods markets are served by approximately 13,000 people in 54 manufacturing units and several sales offices in 33 countries .",neutral
For the new shares subscribed with stock options all shareholder rights commence from the date on which they are entered into the Trade Register .,neutral
"Fortum expects its annual capital expenditure in the next four to five years to be within a range of EUR 0.8-1 .2 billion , as earlier announced .",neutral
Fortum had intended to spend as much as ( EURO ) 2.7 bn to become the sole owner of TGK-10 .,neutral
"Fortum holds 90.2 pct of the share capital and 94.4 pct of the voting rights in the company , which it now plans to delist from the Warsaw Stock Exchange .",neutral
"Founded in 1985 , Quatrocon 's clientele consists of public sector builders , central trading companies and major construction firms .",neutral
"from BUSINESS LINE , May 16 , 2008 Sriperumbudur , May 15 - Nokia 's two key suppliers - Aspocomp and Wintek - are likely to start operations within three months in the Nokia Telecom Park at Sriperumbudur , 45 km west off Chennai .",neutral
"F-Secure Internet Security 2010 is a security service for surfing the web , online banking and shopping , e-mail , and other online activities .",neutral
"F-Secure reported that : - The first half of 2008 has seen a growing number of targeted malware attacks on individuals , companies , and organizations .",neutral
"Furthermore , Novator Finland Oy has entered into a securities lending agreement , whereby Novator Finland Oy will hold directly the same amount of shares that are underlying of the OMX market forwards from May 23 through May 26 , 2008 .",positive
Gearing was 43 % compared to 67 % in 2004 .,neutral
"GENEVA , Feb. 10 -- Tero Aaltonen , Finland has developed a radio resource control method .",neutral
"Germany 's innovational centers are united in focusing at companies , which aim at use of technologies and development of new kinds of activity , through supporting the beginner companies with the entire spectrum of their services .",neutral
"Glaston , headquartered in Tampere , Finland , is a growing , international glass technology company .",positive
"Glaston 's own glass processing unit , Tamglass Glass Processing , is a manufacturer of high quality safety glass products , and operates in Finland .",neutral
"Glaston 's own glass processing unit , Tamglass Glass Processing , is a manufacturer of high quality safety glass products operating in Finland .",neutral
"Global Markets Direct 's Pohjola Bank plc - Financial Analysis Review is an in-depth business , financial analysis of Pohjola Bank plc. .",neutral
GSK announced in November 2008 that it would close its operations in Dartford .,negative
He is a Chartered Accountant in British Columbia and Alberta as well as a Certified Public Accountant in Washington State .,neutral
He joined Rautakirja in 1997 to lead one of its four business areas and took up the position of President and CEO in 2001 .,neutral
"Headline of release dated March 26 , 2008 should read : Acacia Subsidiary Enters into Settlement Agreement for Rule Based Monitoring Technology with F-Secure ( sted Acacia Technologies Licenses Rule Based Monitoring Technology to F-Secure ) .",neutral
"HELSINKI , Finland , Sept. 18 , 2009 ( GLOBE NEWSWIRE ) -- Ixonos Plc expands the company 's smartphone R&D services and establishes a new next-generation smartphone design unit in connection with Ixonos ' site in Jyvaeskylae .",positive
"Helsinki 19 May 2010 - Finnish company Lemminkainen Oyj ( HEL : LEM1S ) said today that it will construct an office building at Toolonlahti in downtown Helsinki , without disclosing financial details .",neutral
"HELSINKI ( Thomson Financial ) - M-real said it will exercise an option to buy a 50MW natural gas power plant and land in Kyroskoski , Finland , for around 13 mln eur from Kyro Oyj .",positive
Her last position in Nokia Siemens Networks was head of Business Human Resources NSN global IT .,neutral
Her present position is the director of Stockmann 's international department stores .,neutral
Her work at NetApp included strategically repositioning the brand in the category and a major global relaunch .,neutral
"Honkarakenne also decided yesterday to sell 88,500 of its B series shares to key staff members for EUR2 .9 per share .",neutral
"Honkarakenne also decided yesterday to sell 88,500 of its B-series shares to key staff members for EUR 2.90 per share .",neutral
hu will offer a further discount of between 25 % and 50 % on selected books .,neutral
"If needed , she provides also further information on ferry connections and hotels .",neutral
"Igor and Oleg Yankov , who currently manage Moron and Vitim , will hold onto the 25 % stake for now .",neutral
Image data produced by the browser at the phone server is converted into a bitmapped image that is sent to the handset for display . '',neutral
Implementation of the project will be carried out by the Finnish company YIT in association with the investment fund Evli Property Investment Russia ( EPI ) .,neutral
"In 2006 , 452 million tonnes CO2 of EUA ( EU Allowance ; emissions credit in EU ) was traded with an underlying market value approx .",neutral
"In 2007 Talentum will disclose three Interim Reports - Q1 ( January - March ) on Friday , 27 April , 2007 - Q2 ( April - June ) on Friday , 20 July , 2007 - Q3 ( July - September ) on Friday , 26 October , 2007 .",neutral
"In 2008 , the steel industry accounted for 64 percent of the cargo volumes transported , whereas the energy industry accounted for 28 percent and other industries for 8 percent .",neutral
"In a letter to Economic Affairs Minister , the listed Estonian shipping company Tallink asks for the approval to be entitled to a 15 % cut in port fees in 2010 .",neutral
"In a recent interview with the Financial Times ( FT ) , Sampo 's board chairman Bjorn Wahlroos said If P&C was certainly for sale and the price had been set at SEK 85 billion , confirming earlier statements .",neutral
"In a release on Oct. 28 , Peab said the two businesses will continue to be conducted under the brands Cliffton and Stockholm Entreprenad , both part of the Peab Group .",neutral
"In addition , a further 29 employees can be laid off until further notice and the whole workforce can be laid off for short periods if needed .",negative
"In addition , MIDs are always online and enable full Internet browsing .",neutral
"In addition , the contract includes modification of the effluent treatment plant at Follum .",neutral
In addition the deal includes a call option which will enable Maritim Food AS to increase its holding in Sandanger AS to 51 % in the future .,positive
"In connection with the deal , Digia will employ 19 persons from Nokia in Oslo and in Silicon Valley in the USA .",neutral
"In his current position , Manty has worked since 1996 .",neutral
"In terms of power generation , Fortum produced 39.3 TWh of electricity during the first nine months of 2006 , compared with 38.0 TWh during the same period in 2005 , according to figures released in the group 's latest financial results .",neutral
"In the financial statement for the first quarter of 2010 , Tikkurila is reported under discontinued operations .",neutral
"In the fourth quarter of 2006 , OKO Banks expects the operating environment for Banking and Investment Services to remain similar to that in January-September 2006 .",neutral
In the meantime the CEO 's duties will be assumed by Outotec 's Deputy CEO Seppo Rantakari .,neutral
"In the sinter plant , limestone and coke breeze are mixed with the iron ore concentrate and sintered into lump form or sinter for use in the blast furnaces as a raw material for iron-making .",neutral
"In this way , the industry 's starting point has been the consumers ' needs .",neutral
"In total , more than 3000 surveillance cameras will be handled and managed according to a variety of needs , the company said .",neutral
"In volume , the focus is already outside Finland , as 60 % of the group 's products are made in Poland and the Baltic countries .",neutral
"Incap , headquartered in Oulu , Finland , is a electronics contract manufacturer with some 750 employees in Finland , Estonia and India .",neutral
Incap Contract Manufacturing is a subsidiary of Incap Corporation of Finland .,neutral
"Includes company and brand share data by category , as well as distribution channel data .",neutral
"Indigo and Somoncom serve 377,000 subscribers and had a market share of approximately 27 % as of May 2007 .",neutral
"industry in Asia +ó Pakistan , Malaysia , Taiwan and Philippines Today , Global Research & Data Services is going to publish several market analyses about the cement markets in Asia .",neutral
"Intellisync Wireless Email from Nokia is a full-featured wireless e-mail solution that connects users to their e-mail , calendar , contacts , notes and task lists while away from the office , according to the company .",neutral
Investment management and investment advisory services are the company 's sole line of business .,neutral
Investments are not disclosed .,neutral
Investments in product development stood at 6.0 mln euro ( $ 8.8 mln ) .,neutral
"ISMS does not disclose its financial results , the daily said .",neutral
"It also includes the installation of new equipment , training and start-up services , as well as service work of the shoe press delivered by Vaahto in 2001 .",neutral
"It currently employs about 750 people and expects headcount to reach 1,000 by end of 2007 .",positive
It has been agreed with the company 's Board of Directors that she will be available in an advisory role .,neutral
It is also in the process of taking a seat on CapMan 's board - a course which has the support of CapMan management .,neutral
"It is also set to launch a messaging service in the next few days , which would enable users to access their e-mail accounts on MS Exchange .",neutral
"It is Estonia 's second-largest meat processing company by market share ( according to AC Nielsen 's 2008 data , 13 percent ) .",neutral
It is expected to be online by 2011 .,neutral
"It rose by 15.7 % and by 24.8 % in Finland and abroad , respectively , to EUR 7 million and EUR 4.2 million , due to a 40 % growth in Russia .",positive
It 's not .,neutral
It was decided that the auditors are reimbursed according to invoice .,neutral
It will report full-year results on August 22 .,neutral
"Its annual capacity is some 10,000 MW .",neutral
"Its main business area , the Glass Machinery Group of Glaston Technologies , is the global market leader in glass processing machines .",positive
Its market share is 6 percent according to AC Nielsen 's 2008 data .,neutral
"Its product portfolio comprises harvesters , forwarders , harvester heads , as well as cranes and loaders .",neutral
"Janis Arbidans , CEO of YIT Celtnieciba , said the company was focusing on housing and real estate development market .",neutral
"Jeder Beta-Tester erh+ñlt kostenlos sechs Monate lang Updates und hat laut eigener Aussage die M+Âglichkeit , die finale Version zu beeinflussen .",neutral
"Jobs will not be transferred from Finland , however .",positive
Joint procurement will be later extended to the factories in the Baltic countries .,neutral
"Jon Risfelt has previously held operational executive positions in Europolitan , Ericsson , SAS , American Express card and travel divisions , as well as Nyman & Schultz ( CEO ) , Vodafone Sweden ( CEO ) , and Gambro Renal Products ( CEO ) .",neutral
"Kaleva Kustannus Oy ( business ID 0187274-0 ) has , according to its notice , on 10 August 2009 acquired 4,458,000 Alma Media shares .",neutral
Karppinen expects the consolidation trend to continue in the Finnish market .,neutral
Kaupthing forecasts a significant price increase for printing paper in 2007 .,positive
"Kaupthing forecasts that Finnish-Swedish Stora Enso will close its mill in Reisholz , in Germany .",neutral
Kemira shares closed at (  x20ac ) 16.66 ( $ 22US .71 ) .,neutral
KESKO FOOD LTD PRESS RELEASE 04.01.2006 AT 13.00 Kesko Food Ltd is launching a major TV campaign to recruit as many as one hundred new K-food retailers .,positive
"Kesko has about 2,000 stores engaged in chain operations in the Nordic and Baltic countries , Russia , and Belarus .",neutral
Kirsi Rantanen was previously development director for HK Ruokatalo 's poultry business .,neutral
"Koduextra is operating a retail chain of 11 stores , controlled by Finnish Non-Food Center KY , Rukax OY , and Scan-Tukka OY .",neutral
"Koff 's market share of the volume of the market was 23.4 % , Karhu 's 21.4 % .",neutral
"L+ñnnen Tehtaat 's Food Division was reorganised into two strategic business units , Apetit Frozen Foods and Jams , and Apetit Fish .",neutral
"Last year , the firm also acquired Realprojekti Oy , a real estate development company , to advise CapMan on its property activities .",neutral
"Later on , about 150 Finnish-made houses will be build in the area .",neutral
Lemmink+ñinen started the manufacture of roofing felt in 1920 and the production of asphalt in the 1930s .,neutral
"Like all other mechanical pipettors from Biohit , also Proline Plus is CE-IVD marked and comes with a 3-year warranty .",neutral
"LONDON ( AFX ) - Intertek Group PLC , a testing and inspection company , said its commercial and electrical division has bought Finland-based company Natlabs Oy from Etteplan Oyj for 1.3 mln eur in cash .",neutral
"Loudeye Corp. , up $ 2.56 at $ 4.33 Nokia Corp. , down 10 cents at $ 19.46 Nokia agreed to buy the digital music distributor for $ 60 million .",neutral
( A spokesperson told WWD to expect a 50-50 mix of clothing and home decor . ),neutral
"( ADP News ) - Dec 11 , 2008 - Finnish power-supply solutions provider Efore Oyj ( OMX : EFO1V ) said yesterday it opened a technology research and development ( R&D ) laboratory at Helsinki University of Technology .",neutral
"( ADP News ) - Nov 28 , 2008 - Finnish power-supply solutions provider Efore Oyj ( OMX : EFO1V ) announced today the launch of OPUS DC , the latest power system in its OPUS product line .",positive
"( ADP News ) - Nov 3 , 2008 - Finnish cargo handling systems and services company Cargotec Oyj ( OMX : CGCBV ) said today that it acquired 80 % stakes in Italian service companies CVS Technoports Srl and CVS Service Srl from Italian handli",positive
"( ADP News ) - Nov 3 , 2008 - Finnish paper , packaging and forest products company Stora Enso Oyj ( OMX : STERV ) said today that it would invest EUR 137 million ( USD 176.6 m ) in the building of a power plant at its Ostroleka Mi",neutral
"( ADPnews ) - Nov 9 , 2009 - Four companies have agreed to buy for a combined SEK 5.9 billion ( USD 854m-EUR 571.8 m ) all drug stores offered for sale as part of the restructuring of Swedish stated-owned pharmacy monopoly Apoteket AB , t",positive
( The acquisition sum has not been disclosed . ),neutral
"Luna took fifth place on six-under 207 , a shot behind Spain 's Beatriz Recari and Germany 's Martina Eberl , while Welsh player Becky Brewerton was the highest-placed British finisher , sharing seventh place on three-under 210 after shooting 71 .",neutral
"Maggie Ramsey 's wait - and those of thousands of Oregon and Washington guides , anglers and others who flock to his frequent seminars - is nearly over .",neutral
"MANAVIGATOR-November 1 , 2010-Deal snapshot : SWEDISH PEAB BUYS EQUIPMENT RENTAL FIRM CRAMO Swedish construction company Peab AB ( STO : PEAB B ) announced the acquisition of equipment rental company Cramo Entreprenadmaskiner AB from Finnish group Cramo Oyj ( HEL : CRA1V ) .",neutral
"Marathon now has a 4.6 percent stake in PLX , it said , according to Bloomberg .",neutral
Market data and analytics are derived from primary and secondary research .,neutral
"Martela said plans to expand its recycled furniture business elsewhere in Finland , too .",positive
"May 29 , 2010 ( CompaniesandMarkets.com delivered by Newstex ) -- This report provides key data and information on the meat , fish and poultry market in Finland .",neutral
"Meanwhile , Alfa owns 25.1 % of MegaFon through Altimo , and 4.99 % of Turkcell via an 18.5 % stake in Cukurova Holding .",neutral
"Mercator will use the software for its logistic , retail and wholesale operations in Slovenia and its other markets in southeastern Europe .",neutral
Metsa-Botnia will sell 82.1 % of its stake in the Uruguayan companies and Metsaliitto -- 5.5 % .,neutral
"Metso Foundries Jyvaskyla , Inc. will begin personnel negotiations on temporary lay-offs and personnel reductions in Jyvaskyla , Finland .",negative
"Metso Foundries Jyvaskyla Oy will discontinue production on this line by 30 September 2008 , the company said .",neutral
Metso Foundries Jyvaskyla Oy will discontinue production on this line by 30 September 2008 .,neutral
"Metso Oyj said it has sold its spreader roll manufacturing business and related assets in the town of Nokia , southern Finland , to a group of Finnish investors , who will operate the business under the name of Finbow Oy .",neutral
"Microsoft also churned up its courtship , agreeing to use the Navteq mapping service , which is offered by a company Nokia bought for $ 8.1 billion a few years ago .",positive
Microsoft last week also issued the first patch for the Windows 7 operating system beta it had released days earlier .,neutral
"More than 50,000 tonnes of asphalt mix will be used in the contract .",neutral
"M-real , which is part of Finnish paper maker Metsaliitto Group , is due to release its second-quarter report at around 12:00 EET on 5 August 2010 .",neutral
"M-real Corporation Stock Exchange Release 27 August 2009 at 3.15 pm M-real has received the EUR 190 million cash payment from Sappi M-real Corporation , a part of Mets+ñliitto Group , divested its Graphic Papers business to Sappi Limited at the end of 2008 for EUR 750 million .",neutral
"N +1 Group will pay EUR16 .5 m of the transaction price upon closing , and the remaining sum in 2012 .",neutral
"National Conciliator Juhani Salonius , who met both parties on Wednesday , said they were too far apart in their views for him to propose mediation .",negative
ND = Not disclosed .,neutral
Negotiations with representatives of the personnel regarding the restructuring process have now been ended .,neutral
Neither of the companies use genetically engineered soy at the moment .,neutral
"Neste Oil will publish its third quarter 2008 results on Friday , 24 October 2008 at approximately 9 am ( EET ) .",neutral
"New Delhi , Feb. 12 -- Korteniemi Anneli , Helokunnas Tuija , Peltola Marjo , Keskinen Jukka , Salminen Jussi , Tusa Kia and Janhonen Risto of Nokia Telecommunications Oy , Espoo , Finland have developed cable adjustment device .",neutral
New Novator products are supposed to be exported .,neutral
New product launches in Finland will more than double from 2005 .,positive
"Niina Nenonen , Marimekko 's current director for clothing , bags and accessories lines , will take up this role .",neutral
No changes in media activity were seen in October compared with September .,neutral
No decision on such sale of the now issued or existing treasury shares to YA Global has been made yet .,neutral
No financial detail were available .,neutral
No financial details were revealed .,neutral
No financial information was provided .,neutral
No other ev3 devices were involved in this action .,neutral
Nokia is also negotiating the product portfolio of the new company .,neutral
"Nordea Pankki Suomi Oyj , according to previously announced , has made forward contracts on Alma Media Corporation shares .",neutral
Nordea 's chairman of the board Hans Dalborg has informed the nomination committee that he will not be up for re-election at the Annual General Meeting in 2011 .,neutral
Nordea was the cheapest also for a couple in their 30s with debt .,neutral
"NORDIC BUSINESS REPORT-17 January 2006-Efore Plc inaugurates new plant in Estonia -® 1998-2006 M2 COMMUNICATIONS LTD Finnish power electronics manufacturer Efore Plc said on Tuesday ( 17 January ) that it was inaugurating its new plant in Parnu , Estonia .",neutral
"Nordstjernan will make the offer in approximately one month , in September 2007 .",neutral
Number of offers received for this contract is two .,neutral
NWC ANALYSIS :,neutral
Odell has not contacted the State of Finland in this issue .,neutral
"Okhta Center area is expected to have about 700,000 square metres of office premises by 2016 .",neutral
Okmetic has used the furnaces for the contract manufacturing of solar crystals .,neutral
Okmetic revised its 2010 financial outlook based on its order book .,neutral
"On 25 August 2009 , Sampo 's stake in Nordea was 19.45 % .",neutral
"On the other hand , Montevideo said that having the two mills working in the area will generate jobs .",positive
"On Wednesday he announced that the government would propose granting a licence for two reactors , one to be built by Fennovoima , and the other by TVO .",positive
"One can also apply for jobs directly from the iPad , select which CV to attach and which covering letter is most appropriate for each position .",neutral
"One price category is for calls on the preferred operator 's network , and another for calls on other operators ' networks .",neutral
"Operators only need to learn how to use one device for multiple levels of applications , including voice-directed operations .",neutral
"Originally posted to the PCMag.com security blog , Security Watch .",neutral
Oriola-KD is a spin-off of Finnish pharmaceutical group Orion Oyj 's wholesale division .,neutral
"OTHER  North-Rhine Westphalia - Is to issue a benchmark , 5 year fixed rate deal in Euros .",neutral
Other details were not provided .,neutral
"Our objective is to yield a significant part of our turnover in Russia in a couple of years , '' says Solteq 's Managing Director Hannu Ahola .",neutral
"Outotec is currently delivering a new oil shale processing plant for Eesti Energia in Estonia based on Enefit technology , which has been developed jointly by Eesti Energia and Outotec .",neutral
"PA ) , JPMorgan Chase and Co ( NYSE : JPM ) and Pohjoa Bank are joint lead-managers on the senior , unsecured deal .",neutral
Panostaja did not disclose the purchase price .,neutral
Pharmaceutical market in Belgium Global Research & Data Services published recently a market analysis about the pharmaceutical markets in Belgium .,neutral
Pharmaceutical market in Poland Global Research & Data Services published recently a market analysis about the pharmaceutical markets in Poland .,neutral
Philips was not available to comment on the report .,neutral
Pohjola and cooperative banks have continued to combine their branch office network .,neutral
Pohjola will act as the manager of the issue and the bond will be listed on NASDAQ OMX Helsinki Ltd. .,neutral
Ponsse will divide its sales and maintenance service network into six geographical areas .,neutral
"POYRY PLCCompany Announcement 10 December 2010 at 4.10 p.m. Pursuant to Poyry PLC 's stock option program 2004 , 63 792 new shares of the company have been subscribed since 27 October 2010 with stock options 2004B .",neutral
"Presentation materials will be posted on the company 's website : www.seahawkdrilling.com in the `` Investor Relations '' section , on the `` Webcast & Presentations '' tab .",neutral
"Previously , Grimaldi held a 46.43 pct stake in the Finnish company following the takeover bid launched in November 2006 .",neutral
"Price talk is in the mid-market swaps plus 105 bps area and the leads are Barclays , BNPP , UBS and CBA .",neutral
"Prior to the transaction , whose financial terms have not been disclosed , Alma Media owned 40 % of Kotikokki net .",neutral
"production facilities 6 July 2010 - Finnish investment group Neomarkka Oyj ( HEL : NEMBV ) said today that it will buy the former production facilities of Kuitu Finland Ltd , as part of negotiations on the option to invest in specialty cellulose fiber business .",neutral
"Products include Consumer Electronics devices such as mobile phones and their accessories , set-top boxes , flat panel TVs as well as System Solutions products such as infrastructure systems , modules and other industrial segment products .",neutral
"Proha Plc ( Euronext :7327 ) announced today ( 19 May ) that its fully-owned subsidiary , Safran Software Solutions AS , has agreed to sell its 49 % share of Safran North America LLC to a SNA Holding AS , an investment group based in Norway .",neutral
"Proha Plc ( Euronext :7327 ) announced today ( 19 May ) that its fully-owned subsidiary , Safran Software Solutions AS , has agreed to sell its 49 % share of Safran North America LLC to a SNA Holding AS , an investment group based in Norway .",neutral
"Proline Plus is available in both adjustable single and multichannel models and fixed volume single-channel models , in volume ranges from 0.1 micro litres to 10 ml .",neutral
"Protalix closed at $ 10.71 on Friday on the American Stock Exchange , giving a market cap of $ 827 million .",neutral
Protalix is developing genetically engineered proteins from plant cells .,neutral
"Purchase it for the 12MP snapper , if nothing else .",neutral
R&D Loan ) .,neutral
Radiation and today is a full service house expert in radiation and nuclear safety issues .,neutral
Raisio is the site of the main production plants as well as company headquarters .,neutral
Rapala VMC Corporation ( Rapala ) is a Finland-based company engaged in the manufacture and distribution of fishing equipment and accessories .,neutral
"Rautalinko was resposnible also for Mobility Services , and his job in this division will be continued by Marek Hintze .",neutral
Recently the company decided to build a second identical plant at the same site due to be commissioned toward the end of 2008 .,neutral
"Retail chain Suomen L+ñhikauppa was given the index 5.8 , airline SAS 5.8 , TeliaSonera 's broadband 6.1 , German retail chain Lidl 6.1 , Tele Finland 's mobile subscriptions 6.1 , Tallink shipping line 6.3 , and power company Helsinki Energy 6.3 .",neutral
"Risto Jalo , chief executive of Dormus Print and also owner of the remainder of the company , will keep his position after the acquisition .",neutral
RL-Nordic is a part of Raiffeisen-Banking-Group Austria and is a subsidiary to Raiffeisen-Leasing GmbH in Austria .,neutral
"Rockwell Collins is a provider of flight deck , cabin and information management solutions for business aircraft operators .",neutral
"s business sectors are building construction , infrastructure construction and technical building services .",neutral
Salcomp Manufacturing Oy will pay EUR 35 million in cash to Salcomp in connection with the implementation of the sale and transfer of the Business .,neutral
"Sampo Housing Loan Bank , a unit of Finland 's Sampo Bank , has priced its EUR1bn ( USD1 .3 bn ) bond at 99.889 % , Reuters reported .",neutral
SAMPO PLC Jarmo Salonen Head of Investor Relations and Group Communications tel. +358 10 516 0030 Distribution : NASDAQ OMX Helsinki The principal media Financial Supervisory Authority www.sampo.com This announcement is distributed by Thomson Reuters on behalf of Thomson Reuters clients .,neutral
"SAN FRANCISCO ( MarketWatch ) -- Nokia Corp , the world 's largest cell-phone maker , is using the Consumer Electronics Show in Las Vegas to introduce a high-end , thin folding phone , according to a media report Monday .",neutral
Sanoma Magazines International will invite other shareholders holding approximately 15 % of the shares to sell their shares .,neutral
Scanfil plc is a global contract manufacturer and systems supplier for communication and industrial electronics .,neutral
"schwalm ( at ) outotec.com Eila Paatela , Vice President - Corporate Communications tel. +358 20 529 2004 , mobile +358 400 817198 e-mail eila .",neutral
"SDM offers general rental equipment , aluminium scaffolding , power generator and hoists to customers in the construction sector .",neutral
services supplier Efore Plc to streamline operations in Finland and the US Finnish electronic systems and services supplier Efore Plc ( OMX Helsinki : EFO1V ) said on Tuesday ( 3 February ) that it has initiated statutory negotiations regarding a streamlining of its operations in Finland .,positive
"Seventy-three of those also have more extensive training in products built on the latest ArchestrA technologies , such as the Wonderware System Platform .",neutral
"Simultaneously , Alma Media has purchased a 35 % share of Arena Interactive , a subsidiary of Arena Partners with a focus on mobile solutions development .",neutral
"Simultaneously with this merger plan another merger plan has been signed , according to which Suomen Projektivuokraus Oy , a subsidiary of VTM-Rakennuskonevuokraamo Oy , would be merged with VTM-Rakennuskonevuokraamo Oy .",neutral
Singapore in May 2011 1 July 2010 - Finnish air carrier Finnair Oyj ( HEL : FIA1S ) said today it will open a daily route to Singapore on 30 May 2011 as part of its growth strategy in Asia .,positive
"So far as is known , he did not sell shares that he owns personally .",neutral
Solidium now holds 5.0 per cent of the shares Solidium Oy has acquired 5.0 per cent of the shares in Tieto Corporation for approximately EUR 58 million .,neutral
"Some 3.8 mln euro ( $ 5.2 mln ) of the base acquisition price will be paid in cash and the rest through a subscription offering of a total of 850,000 new Ixonos shares .",neutral
Some of the lay-offs will be implemented using part-time employment contracts .,neutral
"Sonoco Products Co. , a U.S. packaging company , said Friday it bought the 75 percent of Italy 's Demolli Industria Cartaria SpA it did not already own .",neutral
"Sponda is a property investment company , specialising in commercial properties in the largest cities in Finland and Russia .",neutral
"ST. PETERSBURG , Oct 14 ( PRIME-TASS ) -- Finnish tire producer Nokian Tyres plans to invest about 50 million euros in the expansion of its tire plant in the city of Vsevolozhsk in Russia 's Leningrad Region in 2011 , the company 's President Kim Gran told reporters Thursday .",positive
Stichting Pensioenfonds ABP : 4 118 122 shares representing 5.19 % of the share capital and voting rights .,neutral
"Stockholm , 3 March 2011 About Cybercom The Cybercom Group is a high-tech consultancy that offers global sourcing for end-to-end solutions .",neutral
"Stockmann and Swedish sector company AB Lindex entered into an agreement on September 30 , 2007 , whereby Stockmann , or a wholly-owned subsidiary of it , will make a public tender offer for all of Lindex 's issued shares .",positive
"Stora Enso has also had meetings with the labor authorities , Employment and Economic Development Centres and representatives of the government in order to find solutions .",neutral
"Stora Enso Oyj , the largest papermaker , in October said it would close four mills .",negative
"Subscribers of China Unicom , the nation 's second largest mobile phone operator after China Mobile , are expected to release pictures , videos and blog on the Internet via mobile phones as of March 2008 .",neutral
Sunrise Resources operates in Russian near-shore development markets through its wholly-owned Russian subsidiary and has 80 % of its personnel in Russia .,neutral
"Swiss bank Credit Suisse International will act as an investor in the locomotive manufacturing plant , the Astana administration said .",neutral
"Talvivaara Mining Company PLC ( Talvivaara Mining ) ( LSE : TALV ) , a Finland-based nickel mining business , has installed its second production line at its metals recovery plant on June 9 , 2010 .",neutral
Talvivaara Mining Company Plc Talvivaara Mining Company is an internationally significant base metals producer with its primary focus on nickel and zinc using a technology known as bioheapleaching to extract metals out of ore .,neutral
"Tampere Science Parks is a Finnish company that owns , leases and builds office properties and it specialises in facilities for technology-oriented businesses .",neutral
"Target company : Tieto Corporation , Business Identity Code : 0101138-5 Date of change in holding : 22 January 2010 Portion of the shares and votes : The current group holding of OP-Pohjola Group Central Cooperative ( OPK ) is 2982 587 shares , which represents 4.14 % of the shares and voting rights .",neutral
Technopolis has approximately 130 customer companies in Jyvaskyla .,neutral
"Tecnomen , headquartered in Espoo , Finland , develops messaging and charging solutions for telecomms operators and service providers worldwide .",neutral
"Tecnomen 's solution can be used for prepaid and post-paid billing , for charging and rating of voice and video calls , data traffic and any kind of content services in both mobile and fixed networks .",neutral
"Tecnomen 's system features a new range of value-added services for prepaid and post-paid billing , charging and rating of voice calls , data traffic , or any kind of content services in both mobile and fixed networks .",neutral
"TeliaSonera s subsidiary , the mobile operator EMT in Estonia , has created a world s first mobile identification service which makes it possible to vote via a mobile phone .",neutral
TeliaSonera said about $ 100 million will be invested in the next year in the region to bring mobile coverage to about 90 % of Nepal s population .,positive
"Temporary lay-offs , affecting the entire workforce , will also be implemented .",negative
"Teollisuuden Voima Oyj , the Finnish utility known as TVO , said it shortlisted Mitsubishi Heavy s EU-APWR model along with reactors from Areva , Toshiba Corp. , GE Hitachi Nuclear Energy and Korea Hydro & Nuclear Power Co. .",neutral
Terms of the acquisition were not disclosed .,neutral
Terms were not disclosed .,neutral
"Thanks to the development of a system that enables it to trace the origin of all the palm oil that it uses , it knows exactly where and how its palm oil has been produced .",neutral
"The 19,200-square metre technology center is located near University of Tampere in central Tampere .",neutral
"The 5,000 megawatt wind farm being planned in Raahe would be built offshore in front of Ruukki 's Raahe Works .",neutral
"The acquired plant has an annual capacity of some 300,000 tonnes and most of its production is sold to domestic customers .",neutral
The acquisition is expected to take place by the end of August 2007 .,neutral
The acquisition of AVC Systemhaus and the majority stake in Cableway will increase the number of Teleste personnel by 250 .,neutral
"The acquisition was financed with $ 2.56 billion of debt arranged by Goldman , Sachs & Co. .",neutral
"The airline was targeting travel agents , tour operators and travel management companies to raise awareness first before targeting consumers , he added .",neutral
"The Annual Report contains the financial statements , the consolidated financial statements , the report by the Board of Directors and the auditor 's report .",neutral
"The Annual Report will be sent automatically to shareholders holding at least 2,000 Sampo plc shares .",neutral
"The Apple Inc. iPhone wo n't change the game plan for Verizon Communications Inc. , Chief Executive Ivan Seidenberg said Wednesday .",neutral
"The approximately 20,000 dwt vessel has been ordered from India .",neutral
The arrangements do not apply to the group 's units outside Finland .,neutral
"The Bank of +àland acquired the private banking business , asset management , and share brokerage business of Kaupthing Sweden in early 2009 .",neutral
"The Bank of Tokyo-Mitsubishi UFJ , Ltd acted as agent for the loan .",neutral
The bank VTB24 provides mortgage loans to buy apartments in the complex at 11-13 % per annum in rubles .,neutral
"The biggest sellers in the chain 's supermarkets in Finland are organic Pirkka tomatoes , carrots , eggs , and meat products .",neutral
The bond has a value of EUR150m and a maturity of 4 years .,neutral
The bridge will be built to the south of the existing bridge spanning the strait .,neutral
"The building will house , for example , Respecta Oy 's Jyvaskyla premises , as well as other companies to be announced later , says Samuel Koivisto , Director of Technopolis operations in Jyvaskyla .",neutral
"The business goals for 2009 will realize with the temporary lay-offs carried out in the summer of 2009 , and with other savings measures .",neutral
"The business units of the InvestLesProm Group cover the full forest industry chain , and the Group owns forests , sawmills , paper and pulp mills , and other processing plants .",neutral
"The businesses to be divested offer dairy , edible fats , ready-meal and ice-cream packaging to multinational and local customers .",neutral
"The casing comprises a first side casing member provided with the first side vat segment and a second side casing member provided with the second side vat segment , at least the first side casing member being pivotable about a rotation axis .",neutral
"The changes will take effect on 1 January 2010 , and they are not estimated to have an impact on the number of employees .",neutral
"The city will invite , however , a public procurement tender for the tailor-made public furniture , such as park benches , litter receptacles , public toilets , as well as bus shelters , street lights , and other .",neutral
The combined value of the orders is almost EUR 3mn .,neutral
The combined value of the orders is EUR 45mn .,neutral
The combined value of the planned investments is about EUR 30mn .,neutral
The companies aim to close the deal before the end of the year .,neutral
The company also said that it will sell approximately 150 hectares of land to the city of Valkeakoski by the end of the year a part of its `` From job to job '' program .,neutral
"The company can not give up palm oil altogether , however .",neutral
The company did not disclose the price of the acquisition .,neutral
The company distributes Hiab 's products as well as other products .,neutral
The company does not at present hold any of its own shares .,neutral
The company does not disclose the sum it applied for .,neutral
The company expects meat purchases to remain at about 8mn kilos in 2011 .,neutral
The company expects to open its first online shop in the US in the summer in 2011 .,neutral
"The company has decided to stop the operations of Ruukki Construction Division in Latvia and Lithuania , and concentrate the production and logistics in Parnu , Estonia in 2009 .",neutral
"The company intends to launch housing development at the acquired land plots and to construct 50,000-60 ,000 square metres of housing per annum by 2011 .",neutral
"The company is headquartered in Sievi , Finland , and is listed on the Nordic Exchange in Helsinki .",neutral
The company may at any time have in its possession one tenth of all its shares at the maximum .,neutral
The company operates power plants in the Tyumen and Chelyabinsk regions and in the Khanty-Mansi Autonomous District .,neutral
"The company operates worldwide and employs in total approximately 47,000 persons .",neutral
The company reiterates its outlook for 2009 .,neutral
"The company 's board of directors will propose a dividend of EUR 0.95 per share for 2008 at the annual general meeting , scheduled to be held on March 23 , 2009 .",neutral
The company 's board of directors would propose a dividend of EUR0 .15 per share for 2005 .,neutral
The company 's board of directors would propose a dividend of EUR1 .00 per share for 2005 .,neutral
The company 's equipment rental portfolio consists primarily of tools for small and mid-sized customers in the construction industry .,neutral
The company 's model is based on developer contracting construction projects and customer focused project management .,neutral
The company said that the results of the third quarter do not include non-recurring items .,neutral
The company says the measures are no longer needed .,neutral
"The Company serves approximately 3,000 customers in over 100 countries .",neutral
"The company serves customers in various industries , including process and resources , industrial machinery , architecture , building , construction , electrical , transportation , electronics , chemical , petrochemical , energy , and information technology , as well as catering and households .",neutral
"The company serves customers in various industries , including process and resources , industrial machinery , architecture , building , construction , electrical , transportation , electronics , chemical , petrochemical , energy , and information technology , as well as catering and households .",neutral
"The company was supposed to deliver machinery to a veneer mill in the Tomsk region , in Russia .",neutral
"The company will also shut one paper machine in Finland and one in Austria , as well as two label paper machines in Finland for up to 10 months , Helsinki-based UPM said yesterday .",neutral
"The company will disclose further details , including the anticipated transaction timetable and the name of the new investor , within one week .",neutral
The company will issue an inaugural Eurobond deal in the near future subject to market conditions .,neutral
The company will propose a dividend of EUR0 .12 per share for 2008 .,neutral
The compnay also said that it would lower the price of development projects by about one third compared with last November .,neutral
The construction project is scheduled to start in the second quarter of 2009 and the new building is scheduled to be in place by the end of 2010 .,neutral
"The contract also includes installation work in a new multistorey carpark for close on 1,000 vehicles .",neutral
"The contract comprises a log handling line , a peeling line , and a veneer drying and grading line .",neutral
"The contract covers the supply of temporary heating equipment for LKAB 's new pellet plant in Kiruna , in northern Sweden .",neutral
The contract has been allotted as per lowest price criteria .,neutral
"The contract includes design , construction , delivery of equipment , installation and commissioning .",neutral
"The contract includes software licences , application maintenance and training .",neutral
"The contract incorporates a Convergent Charging rating solution for voice and data , which includes Internet , GPRS , SMS , MMS and WAP .",neutral
The contract is for next year .,neutral
The contract will take effect in 2009 for a five or ten year period .,neutral
"The contracts between Raute Corporation and Muling Kemian Wood Products Co. , Ltd. , which were announced on 3 November 2010 , have taken effect .",neutral
"The contracts of the employees , 96 of whom are blue-collar workers , will be ended between March and August 2011 .",negative
The current lay-offs are additional to the temporary lay-offs agreed in December 2008 and in May 2009 .,negative
The CVs of the proposed members are available for viewing from 12 March 2008 onwards on the Internet at www.sampo.com/ir .,neutral
The deal also includes a ten-year maintenance agreement .,neutral
The deal includes an option for Cramo to buy out the minority stake in 2011 .,neutral
"The deal includes the entire personnel of PlanMill Oy , who will transfer to the new company as so-called old employees .",neutral
"The decision means temporary lay-offs of fixed duration at the company 's Nastola and Jyvaskyla units , in southern and central Finland , respectively .",negative
"The decision of the French Court relates to the claims raised by twenty-one former Aspocomp S.A.S employees , the company said .",neutral
The divested stake represented about 2.7 m shares in Okmetic 's capital .,neutral
The dividends payable annually shall be deducted from the share subscription price .,neutral
The duration of the contract is 37 months .,neutral
The duration of the lay-offs per employee will vary from one to six weeks .,neutral
The ECB can mainly target inflation .,neutral
The Efore plant at Saarijarvi in central Finland is one of the largest employers in the region .,neutral
The employee negotiations are to address measures needed to adjust the operations to the present production situation .,neutral
The energy shot is packed in a 100-millilitre bag with a screw cap .,neutral
"The engine has an electrical output of 18,321 kW , making it the largest gas powered generating set in the world .",neutral
The Estonian parliament was set to vote on amendments to the excise duty law on Wednesday that would add 0.42 kroons to the price of a liter of diesel and 0.45 kroons to the price of a liter of gasoline from the start of 2010 .,neutral
The executive group will participate in the adjustments with a fixed-term 5 % salary cut .,positive
The exercise price of the option will be based on Safran Software Solutions ' license and maintenance sales as well as the result of the company .,neutral
"The facility will be used to refinance Citycon 's existing credit facility , the company said .",neutral
The fair value of CapMan Plc 's own investments on 30 September 2008 amounted to MEUR 59.8 .,neutral
The financial details of the acquisition were not disclosed .,neutral
The financial details of the transaction were not disclosed .,neutral
The Financial Statements and Interim Reports will be released around at 9.00 a.m. ( Finnish time ) on the given dates .,neutral
The financial statements release will be available after publishing on the Company 's internet pages at www.cargotec.com .,neutral
The Finnish company has also reached arrangements regarding the working hours and annual holidays .,neutral
The Finnish paints company acquired the remaining 49 pct that it did not own from Ukraine 's LGU for an undisclosed sum .,neutral
"The Finnish real estate investment company Interavanti Oyj said on Monday ( 22 September ) that it has agreed to sell its 65 % ownership in the Finnish ticket service company Lippupiste Oy to CTS Eventim AG ( 56,1 % ) and to the managing director of Lippupiste Oy .",neutral
"The firm is headquartered in Vantaa , southern Finland and has 16 employees .",neutral
"The firm 's services include copying , printing , CAD-modelling , digital printing , scanning , SokoPro project bank and courier services .",neutral
"The first four of the new shop-in-shops will be opened this spring : on Madison Avenue in New York as well as in Chicago , Los Angeles and San Francisco .",neutral
The fixed acquisition price amounts to NOK 70 ( approximately EUR 8.7 ) million and additional price NOK 15 ( EUR 1.8 ) million at maximum .,neutral
"The fixed-term contract of Mr. Jarmo Ukonaho , the current General Manager of Incap 's Indian operations , will finish by the end of the year .",neutral
"The flagship will open this fall in Manhattan 's Flatiron District in the `` Toy Building , '' at 200 Fifth Avenue .",neutral
The full MidnightTrader extended-hours trading analysis and news service is available in real-time through COMTEX .,neutral
The full-function PC weighs 1.25 kilograms and measures slightly more than two centimeters thin .,neutral
The government has instead proposed an exchange of the state 's stake in LMT to TeliaSonera 's stake in Lattelecom .,neutral
The group reiterated its forecast that handset manufacturers will sell around 915 mln units this year globally .,neutral
"The Group 's business sectors are Building Construction , Infrastructure Construction , Technical Building Services , and Building Products .",neutral
The group said it intends to initiate within this year the process of buyout of minority shareholders of Ragutis with the aim of becoming the sole owner of the company .,neutral
The GyPSii mobile social networking application is available in China with both Chinese and English language support .,neutral
The handset maker did not disclose any financial details .,neutral
"The hosting mobile terminal guides information flow between itself , the participating terminals , and optionally , with network servers that may assist the hosting mobile terminal .",neutral
"The huge bridge girders will be delivered to the site from our plant in Ylivieska , Finland .",neutral
The idea of saving electricity in data transfer is still a new one .,neutral
The identity of the buyer is not yet known .,neutral
The Insolvency Act regulates the amount of debt that borrowers are permitted to write off .,neutral
The intent of the article was to focus attention on the fact that the development model that China had followed was very different than the model that India had followed .,neutral
The investment would be some EUR5m .,neutral
"The latest result included per-share charges of 5 cents for stock compensation , 1 cent for research and development and 1 cent for strategic investments .",neutral
The lay-offs will start gradually and will last from one to six weeks .,neutral
The machinery now ordered will be placed in a new mill with an annual production capacity of 40 000 m3 of overlaid birch plywood .,neutral
"The major part of the deliveries include different AC and CXE amplifier solutions and products by Belgian DINH Telecom , a broadband solutions company acquired by Teleste in the spring of 2007 .",neutral
"The major part of the deliveries include different AC and CXE amplifier solutions and products by DINH Telecom , a company acquired by Teleste last spring .",neutral
"The market share of Volkswagen passenger cars in Finland was 10.1 percent , Audi had a market share of 3.1 percent and Seat 's share was 0.9 percent .",neutral
"The market value of one crane is some USD6m , reported the Finnish news agency STT .",neutral
"The markets are almost completely controlled by three banks : Nordea , OP Bank Group , and Sampo .",neutral
"The maximum grade of the veneer yield is calculated , based on the dimensions and grades of the veneer products , as well as by iterating the places of the peeling axes and simulating the peeling process .",neutral
"The maximum obligated total trades per day is ISK 400,000,000 market value .",neutral
The medium-term operative targets of the company remain unchanged .,neutral
The MET is located in the Central Business District ( CBD ) of Bangkok .,neutral
The most significant challengers in the market are Logset and Sampo-Rosenlew .,neutral
The name of the buyer was not disclosed .,neutral
The name of the newspaper publishing and printing division Sanoma will be changed to Sanoma News .,neutral
"The negotiation has resulted in the reduction of 80 people in regular employment , around half of which will be covered with pension arrangements .",negative
"The Network Test Business is part of Elektrobit 's Test and Automation Business Segment and employs 39 people in Finland and 22 people abroad , mainly in the US and Asia .",neutral
The new chain has 700 discount stores and 250 supermarkets .,neutral
"The new company , DiaPol S.r.l. , would manufacture tools meant for glass and stone pre-processing .",neutral
"The new Kroksberg railway tunnel will be built on a new section of track between Harnosand and Veda , forming part of the line that follows the coast of the Gulf of Bothnia .",neutral
The new location is n't the only change Wellmont has in store for its air transport service .,neutral
The new name of the Sanoma Division will be Sanoma News .,neutral
The new shares will provide the shareholders with full shareholder rights .,neutral
The new units should become one of the largest ones within the company .,neutral
The Notice in its entirety with other proposals from the Nomination Committee and the Board will be published at least four weeks before 28 April on the company 's website and in Post - och Inrikes Tidningar and Dagens Industri .,neutral
"The number of class A shares remains unchanged at 9,526,089 shares .",neutral
The number of magazine and newspaper readers remained unchanged .,neutral
"The number of permanent reductions of clerical workers is 22 employees , of which 19 in Finland .",negative
"The objective is that trading in the shares will commence on May 2 , 2007 .",neutral
The online ice chart shows no ice in the area of Estonia 's sea ports on the coast of the Gulf of Finland .,neutral
"The order includes a log handling line , peeling line and drying line for the production of parquet base layer veneer for Plyfa 's Hassela mill , central Sweden .",neutral
The order is a follow-on to an 11 mln euro ( $ 16.1 mln ) deal made in July 2007 .,neutral
The order is included in Metso 's fourth quarter 2007 order backlog .,neutral
The order is related to renewing the network of the telecommunications operator .,neutral
The orders are part of a long-term development plan of Latvijas Finieris .,neutral
"The orders consist in total of over 1,600 panels of lift-away weatherdeck hatch covers and they will be delivered for container vessels with capacities ranging from 2,000 to 13,300 TEUs .",neutral
The other deal is for process cranes to the Russian steel mill PNTZ in Pervorouralsky through an order placed by Turkish construction company Gama Endustri Tesisleri Imalat ve Montaj AS .,neutral
"The other two sellers were the Finnish National Fund for R&D ( Sitra ) and Oras Invest Oy , which also sold half of their shareholdings , leaving them with 3.8 pct and 3.2 pct of the company respectively .",neutral
"The outsourcing agreement , which covers equipment and depots in Turku and Tampere , will run for five years , Cramo said on Thursday .",neutral
The owners who have participated in the business operations of the company will continue in Poyry 's employment after the transaction .,neutral
The parties have therefore agreed to leave Avena out of the deal .,neutral
The passenger tunnel is expected to be put into operation in 2009 .,neutral
"The permanent magnet generators and power converters are today the preferred solution in new wind turbine designs , the company said .",neutral
"The personnel reduction will be carried out in Anjalankoski , Hollola , Jyvaskyla , Jarvenpaa , Karhula , Turku and Valkeakoski units .",negative
The personnel s expertise and high level of technology play a major role in Exel Composites operations .,neutral
The plant is expected to enter commercial operation by mid-2009 .,neutral
The plant is expected to start production in the first half of 2007 .,neutral
The plant will collect raw material from the Baltic Sea region .,neutral
"The plant will go on stream in November 2008 and its estimated daily production will be 120,000 litres of bioethanol .",neutral
"The platen edges in contact with the band are provided with a seal having a protrusion directed towards the middle area of the platen , and means are provided to exert and maintain a pressure in the volume defined by the platen , the band and the seal . ''",neutral
The platform would continue to be the development framework for Symbian and MeeGo .,neutral
"The Point Village , designed by Scott Tallon Walker , will include a shopping center , office premises , a hotel and a cinema .",neutral
"The port facilities ' throughput is 250,000 TEUs and 7.5 mln tons of general cargo .",neutral
The power generated annually by Loviisa covers about 10 % of Finland 's electricity consumption .,neutral
"The power supplies , DC power systems and inverters designed and manufactured by Efore , and systems incorporating them are used in many different applications .",neutral
The presentation material can be viewed on the company 's website in English after the conference .,neutral
The previous offer was 3.4 % of voting rights and 12.3 % of capital .,neutral
The price of GMO soy is 5 % -7 % lower than that of non-GMO .,neutral
The prices of stainless steel also rose in Europe .,neutral
"The Process Products orders are for the installation of separation-filtration equipment at three natural gas pipeline projects in China , South America , and Saudi Arabia .",neutral
"The product advisory does not apply to any other Nokia-branded battery , the company said .",neutral
The project also implies an underground parking lot for 56 vehicles .,neutral
The properties were purchased from Swedish private equity real estate firm Niam and Goldman Sachs ' Whitehall Street Real Estate Funds .,neutral
The proposal that the Board of Directors will make at the Annual General Meeting is attached as a whole to this release .,neutral
The proposed consolidation activities will impact approximately 30 positions .,neutral
The purchase price was not disclosed .,neutral
The reduction notice applied to 17 people .,negative
The reductions will be concluded by autumn 2010 .,neutral
"The reductions will be implemented immediately , beginning in October 2009 .",neutral
The reductions will be implemented mainly in the course of the first half of 2009 .,neutral
"The repo rate will gradually reach 2 % at the end of 2010 , according to Nordea 's Economic Outlook .",neutral
"The report profiles 158 companies including many key and niche players including major Nonwovens manufacturers such as Ahlstrom Corporation , Asahi Kasei Corporation , Buckeye Technologies , Inc. , EI .",neutral
The report will be emailed within 2 business days of an order .,neutral
"The RME from Telcontar enables the handset to calculate the best route and includes support for user-defined routes , feature navigability and multi-modal routing such as via foot and ferry .",neutral
The sale of the food potato business is part of Raisio 's plan to streamline and clarify its business operations .,neutral
The sale price was not disclosed .,neutral
The sales price was not disclosed .,neutral
"The second variant offers complete final finishing of any selected apartment with foreign high quality materials ( Finland , Denmark , Germany , France ) .",neutral
The secondary antenna can also be used for reception of the high power signal of the radar to calibrate the transmission channels of the radar . '',neutral
"The Segu companies and PKC 's Polish unit will form a business servicing the western European markets with `` annual sales of about hundred million '' and about 2,500 employees , the Finnish company 's CEO , Harri Suutari , said .",neutral
"The sellers include 40 shareholders , including Intellibis management , employees and other investors .",neutral
The sellers were EOSS Innovationsmanagement and a group of private individuals .,neutral
The sellers were the founders of the company .,neutral
The serial bond is part of the plan to refinance the short-term credit facility .,neutral
"The share capital of Basware Corporation is 11,720,829 .",neutral
"The share capital of Biotie Therapies Corp. constitutes 90,211,860 shares in the aggregate and the number of voting rights attached to the shares amounts to 90,211,860 .",neutral
"The share sale , to foreign and Finnish investors , is expected to raise some euro300 million ( US$ 380 million ) .",neutral
The share subscription period for stock options 2007A is between 1 April 2010 and 31 March 2012 .,neutral
The shares represented 4.998 % of total share capital and 2.14 % of total voting rights .,neutral
The shares shall be acquired according to the Rules of NASDAQ OMX Helsinki and otherwise according to the rules related to acquisition of the company 's own shares .,neutral
The shares subscribed will be eligible for trade on the following day from the registration .,neutral
The size of a cider bottle will remain unchanged .,neutral
The solution will now be expanded to include all ground staff tasks .,neutral
"The start of the negotiations , relating to Glaston 's efficiency program , was announced in October .",neutral
"The study is expected to provide proof of pharmacodynamic activity in humans , corroborate the safety profile and establish dose ranges for further therapeutic studies .",neutral
"The subject of the project is provide to the company like : Software programming and consultancy services , Computer-related services , Data services , Computer support and consultancy services , Internet services etc. .",neutral
The Swedish player became majority owner of UCell in mid-2007 .,neutral
"The talks involved the Food and Ingredients Divisions , as well as group service functions , the company said .",neutral
The technology park will be built near St. Petersburg-based Pulkovo airport .,neutral
"The technology will become available to businesses from the fourth quarter , Nokia said .",neutral
"The Tecnomen Convergent Charging solution includes functionality for prepaid and post-paid billing , charging and rating of voice calls , video calls , raw data traffic and any type of content services in both mobile and fixed networks .",neutral
"The Tekla Structures 16 installation has been built according to Microsoft 's requirements for the Windows 7 certification , the Company added .",neutral
"The total number of voting rights is 74,612,523 .",neutral
"The total restructuring costs are expected to be about EUR 30mn , of which EUR 13.5 mn was booked in December 2008 .",neutral
"The total service concept also includes technology services , with which Raute supports its customers throughout the entire life cycle of their investments .",neutral
"The total size of the complex is around 25,000 m2 and the project will be constructed in stages .",neutral
The total value of the deliveries is some EUR65m .,neutral
"The total value of the order , placed by Aspo ' marine transportation subsidiary ESL Shipping Oy , is EUR 60 million ( USD 77.5 m ) .",neutral
"The train is expected to cross the Russian territory in 9 days , reaching the Vostochny port .",neutral
"The transaction covers a building lot of 46,763 sq m and factory buildings of 19,631 sq m. Since the autumn of 2007 , when Scanfil discontinued its production operations in Oulu , the facilities have been partly leased to other parties .",neutral
The transaction is expected to be finalized by Dec 2009 .,neutral
"The transaction is subject to a final agreement between the parties , approvals of their decision-making bodies and approval by the Finnish Competition Authority .",neutral
The transaction was announced on September 29 when Pohjola Insurance agreed to pay EUR 80 million ( USD 106.3 m ) in cash for Pohjantahti .,neutral
The turbines are expected to be launched by the end of 2012 .,neutral
The use of validation rule base enables verifying that processing rule bases managed by different administrators fulfil some set requirements .,neutral
The value of the order is about EUR 30mn .,neutral
The value of the order is around EUR 100 million .,neutral
The value of the order is EUR 2.5 mn .,neutral
The value of the order is EUR 4mn .,neutral
"The value of the order is EUR 700,000 .",neutral
The value of the order is nearly EUR400m .,neutral
The value of the order is USD 2.2 mn .,neutral
The value of the order is USD 2.3 mn .,neutral
The value of the orders is about EUR 25mn .,neutral
The value of the orders is about EUR 70mn .,neutral
The value of the orders is over EUR 10mn .,neutral
The value of the orders is over EUR 25mn .,neutral
The value of the total investment is about EUR 600mn .,neutral
The webcast may be followed online on the company website at www.ruukki.com/investors .,neutral
The venture recently agreed to buy Motorola 's wireless networks business for $ 1.2 billion and to deploy LightSquared 's national 4G network .,neutral
The vessels are the largest and fastest ropax vessels in the world that will be built by Fincantieri .,neutral
"The Whitehall Street Real Estate Funds invest in real estate and real estate related assets , principally through the acquisition of real estate companies , real property and mortgage loans .",neutral
The volume of investments in the two phases of the project is estimated at USD 300mn ( EUR 215.03 mn ) .,neutral
The volumes are expected to increase during the next few years .,positive
"The world of glass is coming to Egypt and we invite Visitors from all around the world to attend Glass World Exhibition 2009 , Register Now at www.glassworldex.com",neutral
Their names have not yet been released .,neutral
There are no substitutes to AC drives .,neutral
There did not seem to be enough hours in a day for Pekkarinen .,neutral
"There will be return flights from Stuttgart every morning , as well as evening departures on Thursdays , Fridays and Sundays .",neutral
"Therefore , Phase III of the research will not be conducted by Abbott .",neutral
"These include software development for internet and mobile telephone content , communications , value-added software , financial services , security applications , systems integration and electronics , '' EBRD informed .",neutral
"These include software development for internet and mobile telephone content , communications , value-added software , financial services , security applications , systems integration and electronics .",neutral
These module products will be available for trials during 3Q-07 and for volume deliveries during 4Q-07 .,neutral
"These sections will be put into place to form the load-bearing steel structure of the bridge , '' says Sami Eronen , Senior Vice President , Infrastructure and Northern Europe , Ruukki Construction .",neutral
"They can be used to control the speed of electric motors used by industry and municipal engineering , and in power generation using renewable energy .",neutral
They will be sunk to a depth of some 360-380 metres and fixed to the bottom mud by vacuum .,neutral
This amount will not be included in the pensionable salary .,neutral
This corrensponds to 4.628 percent of Okmetic 's share capital and voting rights .,neutral
This corresponds to 6.81 percent of Okmetic 's share capital and voting rights .,neutral
This includes a EUR 39.5 mn change in the fair value of investment properties .,neutral
"This will be done domestically and in neighboring markets , both organically and through acquisitions .",neutral
This would be a huge process .,neutral
"Through the new production lines at the Novator mill in Veliky Ustjug , Vologda Oblast , Sveza will change its current 1.5 m by 1.5 m birch plywood production targeting the domestic market to produce 1.5 m by 3.0 m overlaid birch plywood for the global market .",neutral
"Through the Nordic Exchange , OMX offers access to approximately 80 percent of the Nordic and Baltic securities market .",neutral
"Tiimari 's registered share capital is 16,474,755 shares as per today .",neutral
"Tikkurila , a division of Kemira group , controls about 23 % of the Russian market in its field and owns St. Petersburg paint producer TEX. .",neutral
TN means that the handset supports TeliaSonera 's Telia Navigator global positioning system service .,neutral
"treatment products in Usa , Canada , Mexico , Australia and Brazil Today , Global Research & Data Services is going to publish several market analyses about the markets for water treatment products in some selected countries .",neutral
Two of these contracts are for turntable anode vibrocompactors that will be delivered to Gansu Hualu Aluminum Co Ltd and another unnamed costumer .,neutral
"Tyrvaan Sanomat , published twice a week by Tyrvaan Sanomat Oy , appears in Sastamala and Kiikoinen .",neutral
"U.S.-based T Corp. is in talks with Scandinavian telecoms company TeliaSonera to sell its stake in Uzbek cellular operator Coscom , an executive at Coscom told Interfax .",neutral
"Uncertainties still exist , however .",neutral
"Under the contract , Ericsson will more than double the number of radio base stations in the Elisa network over the coming year .",neutral
"Under the deal , Know IT will pay SEK90m ( USD12 .8 m-EUR8 .6 m ) in cash and stock .",neutral
"Under the plan , which CSES worked out together with Public Policy Management Institute ( PPMI ) and other partners , buildings with a total area of 10,000 square meters should be built on the territory in the first phase .",neutral
Unilever 's Turun Sinappi that is made in Sweden holds 40 % of the market .,neutral
Union and company officials did not return calls yesterday .,neutral
"UPM is talking to Myllykoski+ó s creditor banks -- Nordea ( STO : NDA ) , Nordic Investment Bank and Danske Bank+ó s ( CPH : DANSKE ) Sampo Bank -- over a deal , the paper said .",neutral
UPM 's aim is to secure Botnia 's strategic development and investments .,neutral
"Upon completion of these transactions , Metso 's stake will amount to more than 60 % .",neutral
"Upon establishment , the plan is directed to approximately 20 persons .",neutral
Vacon recently announced plans to build its North American headquarters at 5 Business Park in Chambersburg .,neutral
"Vaisala , headquartered in Helsinki in Finland , develops and manufactures electronic measurement systems for meteorology , environmental sciences , traffic and industry .",neutral
"Vaisala 's Present Weather Detector measures visibility up to 20 km , as well as precipitation type and intensity .",neutral
"Water Treatment Products In Australia Today , Global Research & Data Services is going to publish a market analysis about the market for chemical water treatment products in Australia .",neutral
We are now taking Marimekko there on a distinctly more significant scale .,neutral
What we think ?,neutral
"When the negotiations were started , Neste Oil anticipated that 450 people would be affected .",neutral
"When the product is manufactured in Finland , it is also packed in the country .",neutral
Why not give your bedroom a cool makeover for summer .,neutral
"Virala Oy Ab was allocated by the Board of Directors an amount of EUR 1,9 million which is EUR 0,25 million lower than maximum announced on 12/30/2010 .",neutral
"With five different game modes , co-op tournaments , 4 player split-screen and multiplayer modes , players can have as much fun as they would if they were actually fishing .",neutral
"With sales of $ 12.7 billion over the last twelve months ending October , 2010 and over 9,200 stores in 35 states , Dollar General is the nation 's largest small box discount retailer .",neutral
"With the U.S. Federal Government putting a stake in the ground , vendors - and their customers - are focused on meeting the deadline .",neutral
"With this , the company will exit the contract manufacturing service segment .",neutral
"Von Koskull will oversee a new unit of Nordea , which brings together corporate merchant banking , financial institutions and capital markets products divisions .",neutral
"Votorantim Celulose e Papel ( VCP ) is part of the Votorantim Group , a major Brazilian conglomerate .",neutral
"YIT acquired investment rights to a 10,000 square metre residential project in Yaroslavl and to a 16,400 square metre project in Moscow .",neutral
"YIT CORPORATION SEPT. 24 , 2007 at 13:30 CORPORATE RELEASE STOCK EXCHANGE RELEASE YIT 'S CAPITAL MARKETS DAY IN LONDON , SEPT. 26 , 2007 On Wednesday , September 26 , 2007 , YIT will hold a Capital Markets Day for investors and analysts in London .",neutral
YIT Kausta will build commercial and residential highrises in Virsuliskes area .,neutral
You 're not alone .,neutral
"---------------------------------------------------------------------- -------------- Munich , 14 January 2008 : BAVARIA Industriekapital AG closed the acquisition of Elcoteq Communications Technology GmbH in Offenburg , Germany , with the approval of the",neutral
- Cash flow from operating activities before investments was EUR 0.8 -1.2 million .,neutral
- Cash flow from operating activities before investments was EUR 7.6 million EUR 2.5 million .,neutral
-- Christine Idzelis EQT Partners sheds Salcomp Swedish financial investor EQT Partners is selling a majority of its stake in mobile phone charger manufacturer Salcomp Oyj to Nordic investment company Nordstjernan AB .,neutral
- Profit before taxes was EUR 105.9 82.7 million .,neutral
"- The Group -¦ s cumulative sales during the review period were EUR 48.2 million EUR 53.1 million , 1-9/2007 and profit before taxes was EUR 1.2 1.4 million .",neutral
"- The Group -¦ s profit before taxes was EUR 0,2 7,8 million .",neutral
"- The Group -¦ s sales during the period were EUR 31.6 million EUR 36.6 million , 1-6/2007 and profit before taxes was EUR 0.2 1.3 million .",neutral
"Compagnie de Financement Foncier - Is to issue a benchmark , 10 year covered deal in Euros .",neutral
The company continued the development of a fully human antibody in its VAP-1 antibody program .,neutral
The profit after taxes was EUR 57.7 11.1 million .,neutral
"Westpac Banking Corp - Is to issue a benchmark , 3 year FRN deal in Euros .",neutral
"`` Because we 're a pension insurance company , we 're required to diversify and not put too much in one asset class .",neutral
`` Lemminkainen Talo Oy 's Lahti office is a significant logistics and business premises constructor .,neutral
`` Marimekko aims to expand its distribution network primarily by increasing the number of concept stores and shop-in-shops .,neutral
`` Marimekko operates in an industry in which changes in the business climate are reflected in consumer demand .,neutral
"`` Over the years , the color orange has become synonymous with quality .",neutral
"`` The enterprise value of the Fray Bentos pulp mill and Forestal Oriental totals approximately euro1 .6 billion , '' UPM said .",neutral
`` The new unit is a major investment in the Finnish media scene .,neutral
`` These developments partly reflect the government 's higher activity in the field of dividend policy . '',neutral
"`` This agreement is a direct result of LCC 's strategy and plan that was announced earlier this year , '' said Dean Douglas , LCC 's chief executive officer .",neutral
`` This could be us .,neutral
`` We are selling an information systems development business to the Finns .,neutral
"`` We have a group of 120 volunteers made up of Digicel employees who will manage the distribution ... Over the next week , they will distribute the 19,000 tents to more than 150 organizations , '' Digicel Haiti CEO Maarten Boute said .",neutral
"`` We have come out with a decision which is based on our preliminary economic , operational and environmental findings , '' Karvinen said .",neutral
1 April 2011 - Finnish machinery rental company Ramirent Oyj HEL : RMR1V said today it has acquired the assets of sector player Stavebni Doprava a Mechanizace SDM in the Czech Republic for an undisclosed sum .,neutral
18 March 2010 A leakage in the gypsum pond was detected today at the Talvivaara mine .,negative
7 March 2011 - Finnish IT company Digia Oyj HEL : DIG1V announced today an agreement with mobile-phone major Nokia Oyj HEL : NOK1V to acquire the commercial licensing and service business related to Nokia 's Qt technology .,positive
"8,600 m , and at the time of investment it is fully leased to several tenants .",neutral
A filter is used to pre-process packets to determine if they need to be further processed by the processor of the network device .,neutral
A profit is still on target .,positive
A spokeswoman for the Italian fashion house declined comment on the settlement .,neutral
"A total EUR73 .7 m will be provided as secured senior three-year debt from the syndicate , involving Pohjola Bank HEL : POH1S , the Finnish arm of Nordea Bank AB STO : NDA , and Sampo Bank HEL : SAMAS .",neutral
A total of 140 jobs will be reduced at the Raahe Steel Works .,negative
"A total of 15,000 new Citycon shares with a nominal value of EUR 1.35 per share were subscribed between 17 and 23 March 2006 exercising the A-B-C options based on the company 's stock option plan 1999 .",neutral
"A total six of the polled analysts rated M-real -- two gave `` buy '' - `` accumulate '' , three gave `` hold '' and only one gave `` sell '' .",neutral
ABN : 59 087 901 620 now represent 5.10 % of the voting rights and share capital of Citycon Oyj .,neutral
"According to Finnish Aktia Bank 's Managing Director Jussi Laitinen , the bank 's aim is to triple the number of its customers in Finland in the next five years .",positive
"According to Finnish financial services group Sampo 's CEO , Bj+Ârn Wahlroos , Danish Danske Bank 's acquisition of Sampo Bank for EUR 4bn was the largest cash deal in Finland 's economic history .",neutral
"According to Finnish L+ñnnen Tehtaat 's CEO Matti Karppinen , now that L+ñnnen Tehtaat has sold the majority of its feed and grain business , it will quickly start to look for acquisitions .",neutral
"According to Finnish Scanfil 's founder and chairman of the board , Jorma J. Takanen , the company has to look for growth abroad .",neutral
"Finnish property investment company Citycon will expand and refurbish +àkersberga shopping center in Stockholm , in Sweden .",neutral
"After non-recurring items of EUR 177mn , profit amounted to EUR 20mn .",neutral
"After the acquisition , Basware 's preliminary pro forma net sales for 2005 amount to EUR 52.6 mn , and preliminary pro forma operating profit amounts to EUR 7.1 mn .",neutral
"After the sale , Outokumpu 's share of the technology unit will be reduced to some 12-20 percent .",neutral
"After the transaction , Danske Bank becomes an equal player with Nordic bank group Nordea in the Nordic countries .",neutral
"Ahlstrom , headquartered in Helsinki , Finland , is a global company involved in the development , manufacture and marketing of high performance fibre-based materials .",neutral
"Ahlstrom , headquartered in Helsinki , Finland , is a global leader in the development , manufacture and marketing of high performance fibre-based materials .",neutral
"Ahlstrom Corporation Anne Pirila Director , Financial communications Distribution : Helsinki Stock Exchange Main media Ahlstrom in brief Ahlstrom is a leader in the development , manufacture and marketing of high performance fiber-based materials .",neutral
"Ahlstrom Corporation Seppo Parvi , CFO Distribution : Main media www.ahlstrom.com Ahlstrom in brief Ahlstrom is a global leader in the development , manufacture and marketing of high performance nonwovens and specialty papers .",neutral
"Ahlstrom Corporation STOCK EXCHANGE ANNOUNCEMENT 7.2.2007 at 10.30 A total of 56,955 new shares of Ahlstrom Corporation have been subscribed with option rights under the company 's stock option programs I 2001 and II 2001 .",neutral
"Aldata Solution , a global company engaged in supplier to consumer business process optimization , has announced the details of its Dollars for Dinosaurs program .",neutral
"Aldata Solution Oyj Thomas Hoyer CFO More information : Aldata Solution Oyj , Thomas Hoyer , CFO , tel. +358 45 670 0491 Aldata in brief Aldata Solution is one of the global leaders in supply chain software for retail , wholesale and logistics companies .",neutral
"ALEXANDRIA , Va. , March 20 -- Patrik Flykt and Timo Alakoski , both of Helsinki , Finland , and Tapio Suihko and Nadarajah Asokan , both of Espoo , Finland , have developed a method of mobility support of Internet-type protocol traffic in a communication system .",neutral
"ALEXANDRIA , Va. , Nov. 19 -- Erkki Aho , Elimaki , Finland , has developed a method and apparatus in conjunction with a shoe press .",neutral
"ALEXANDRIA , Va. , Nov. 5 -- Risto Kontturi of Rajamaki , Finland , and Jari Ylinen of Hyvinkaa , Finland , have developed an automated transportation system with a user-controlled transport selection .",neutral
All depends on financing .,neutral
Almost two thirds of Olvi 's net sales come from outside Finland .,neutral
"Also , CBA is to issue a benchmark , 10 year fixed rate deal in Euros .",neutral
Amanda Capital has investments in 22 private equity funds and in over 200 unquoted companies mainly in Europe .,neutral
"Among other industrial stocks , Metso added 0.53 pct to 40.04 eur , Wartsila B was down 0.77 pct at 47.87 eur and Rautaruukki K was 1.08 pct lower at 37.56 eur .",neutral
"Among paper issues , Stora Enso R was little changed -- up 0.08 pct at 12.03 eur , UPM-Kymmene was 0.48 pct higher at 18.77 eur and M-real B added 0.50 pct to 3.99 eur .",neutral
An Android app will be coming soon .,neutral
An Apple spokeswoman said the company declined to comment .,neutral
Analysts surveyed by Thomson Financial expected revenue of $ 69 million for the quarter .,neutral
Around 250 of these reductions will be implemented through pension arrangements .,neutral
Around 50 percent of the world 's ro-ro fleet is over 25 years old and needs to be scrapped for environmental reasons .,neutral
As a consequence of the merger the number of administration personnel at the factories will be reduced by six .,neutral
"As a result , the number of personnel in Finland will be reduced by 158 .",neutral
As a result some 20 persons will no longer be needed .,negative
"As much biomass will be used as can be sourced locally , with the rest of the plant 's fuel needs met by peat .",neutral
"As part of the transaction , the +ä+ñnekoski paper mill remained in M-real 's ownership and continued Galerie Art production for Sappi under a long-term contract .",neutral
"ASPO Plc STOCK EXCHANGE ANNOUNCEMENT May 4 , 2006 at 10:00 a.m. An increase in the share capital of Aspo Plc totaling EUR 1,125.60 was registered today .",positive
Aspo 's Group structure and business operations are developed persistently without any predefined schedules .,neutral
"Aspocomp Group , headquartered in Helsinki , Finland , develops interconnection solutions for the electronics industry .",neutral
"Based in Helsinki , Finland , Ramirent has branches in 13 Nordic , central and Eastern European countries .",neutral
"Based on the 2005 calendar year the combined company had EUR15 .8 bn in pro forma annual revenues and is expected to start operations with 60,000 employees .",neutral
"BAVARIA Industriekapital AG 's 2006 revenues were EUR 333 million , with an EBITDA of EUR 51 million .",neutral
"Biohit said that it will reduce the number of leased personnel by 10 , and lay off 10 of its own personnel .",negative
BM4 middle layer headbox will be equipped with a dilution control system .,neutral
Boomerang Boats had net sales of EUR 4.1 mn and it made an operating profit of EUR 0.4 mn in 2006 .,neutral
"By the end of 2006 , the number of joint branch offices will total 170 .",neutral
Cameco typically prices sales contracts using a 40:60 ratio of fixed prices and spot prices .,neutral
"CapMan , the Stockholm-headquartered private equity firm , has held a first close on its second private equity real estate fund as it continues its push into the property sector .",neutral
Cargotec 's business areas also include the container handling solutions business area Kalmar and the marine cargo handling and offshore load handling solutions business area MacGREGOR .,neutral
"Cargotec 's sales totalled EUR 3.4 billion in 2008 and it employs approximately 11,000 people .",neutral
Cargotec will also move Hallberg-Ivarsson 's service and installation business under the same roof with its service center for Kalmar and MacGregor solutions in Gothenburg .,neutral
"Citigroup , Inc NYSE : C , Deutsche Bank NYSE : DB and Pohjola Bank are lead managers for the sale .",neutral
Coffee will be served starting at 14:30 EET as well as after the event .,neutral
Combined net sales in 2006 were $ 27 million and EBITDA was $ 13.7 million .,neutral
"Combined with the Basware Enterprise Purchase to Pay portfolio , it provides a high level of automation for procurement and invoice workflows .",neutral
"Commenting on the deal , Shane Lennon , SVP of Marketing & Product Development at GyPSii said : ?",neutral
"Comparable net sales are expected to increase more than 10 % in 2008 , in line with group target .",positive
"Componenta has production lines for similar-sized products at Karkkila in Finland , at Weert in the Netherlands and at Orhangazi in Turkey , and these had a combined output of approximately 100,000 tonnes and net sales of EUR 135 million in 2007 .",neutral
Componenta will also offer a five-year subordinated loan for subscription by the public .,neutral
CS Cabot 's main consumers on the Czech and Slovak market are tires producers Barum Continental and Matador Continental .,neutral
Curators have divided their material into eight themes .,neutral
"Currently , 95 % of Trainers House 's revenues are attributed to the Finnish market .",neutral
"Currently , the company uses eight similar reach stackers and four empty container handlers by Konecranes .",neutral
Currently Alfred A Palmberg is putting the finishing touches to one of Finland 's biggest ever re-plumbing and bathroom refurbishment projects also in the district of Vuosaari .,neutral
"Currently Glaston employs approximately 1,500 persons .",neutral
"Currently it operates a fleet of eight carriers , as well as nine pushers and barges .",neutral
Customers include hotels and restaurants as well as wholesalers and some retailers .,neutral
"Customers wave cards in front of the reader to make payments , similar to `` touch and go '' cards used in transport systems .",neutral
Deliveries will start in the second half of 2007 and the start-up of the mill is scheduled for 2008 .,neutral
Delivery is expected to take place later this month .,neutral
"Deutsche Beteiligungs , as well as a private equity fund it manages , first bought 75 % of MCE in a secondary buyout from White Plains , N.Y. , financial investor Andlinger & Co. in 2007 .",neutral
Earnings per share EPS in 2005 amounted to a loss of EUR1 .26 .,neutral
Earnings per share EPS in the first quarter amounted to a loss of EUR0 .20 .,neutral
"Economic development in China is no longer taking place only on the East coast and in the Shanghai area , Vauramo says .",neutral
"Eero Katajavuori , currently Group Vice President , Human Resources , will take a year-long sabbatical starting from October 1 , 2010 .",neutral
Elcoteq expects its net sales for the last quarter of 2010 to be on the level of the third quarter .,neutral
"Elcoteq 's global service offering covers the entire lifecycle of products , from product development to after-market services .",neutral
"ENP Newswire - 22 March 2011 Release date - 21032011 - A total of 13,000 Talvivaara Mining Company Plc 's new shares were subscribed for during the period between 1 January 2011 and 28 February 2011 under the company 's stock option rights 2007A .",neutral
"EQ Bank forecasts Olvi 's net sales at EUR 67mn in the second quarter of 2009 , and operating profit at EUR 6.4 mn .",neutral
"Established in 1989 , CapMan manages Nordic buyout , mezzanine , technology , life science and real estate funds with approximately EURO 3 billion $ 4 billion in total capital .",neutral
EUR 152.4 mn of this was net interest income .,neutral
"Exel 's board of directors will propose a dividend of 0.2 euro $ 0.3 per share for 2006 at the annual general meeting on April 19 , 2007 .",neutral
Financing of the project will come mainly from China .,neutral
Finnish component supplier Componenta Corporation OMX Helsinki : CTH1V said on Monday 16 June that it is changing its pricing cycle due to the increase of raw material prices .,neutral
Finnish construction company YIT HEL : YTY1V said it had agreed to take over German facility engineering and facility systems firm Caverion for EUR73m USD90 .3 m .,neutral
Finnish fibers and plastics producer Suominen Corporation OMX Helsinki : SUY1V reported on Wednesday 22 October an operating loss of EUR0 .8 m on net sales of EUR55 .2 m for the third quarter of 2008 .,neutral
"Finnish Neste Oil that was previously on the list , has fallen off the list completely .",neutral
Finnish silicon wafer technology company Okmetic Oyj OMX Helsinki : OKM1V said on Wednesday 17 September that it will invest EUR6m in its sensor wafer business during 2009 .,neutral
"Finnish silicon wafers maker Okmetic Oyj said on September 17 , 2008 that it will invest a total of 15 mln euro $ 21.3 mln in its sensor wafer business .",neutral
Finnish sports equipment company Amer Sports said it has decided to lay off 370 workers from its Salomon division in France .,negative
"Fiskars is also engaged in the global supply of marine and energy equipment solutions and services through its associated company , Wartsila Corporation .",neutral
"Fiskars R , founded in 1649 , is one of the oldest companies in the world and is the largest manufacturer of lightweight stainless steel scissors in the U.S. .",neutral
"FL Group 's private equity division manages all operating companies , including Icelandair Group , FL Travel Group , Bluebird and Sterling .",neutral
"Following the acquisitions , Panostaja will establish a new business unit which will focus on heat treatment of metals .",neutral
"Following the demerger , the vice president of the group 's pharmaceutical trade in Finland , Jukka Niemi , will be appointed managing director of Oriola in addition to his current responsibilities .",neutral
"Following the divestment , Fiskars 's Outdoor unit will comprise the brands Gerber , Silva and Buster , and will focus on multi-tools , knives , compasses , mobile lighting , pedometers , and aluminium boats .",neutral
"Following the issue , the number of shares in the Swedish company will grow by 9 % .",neutral
"Following the transaction , Tulikivi restructured its operations into the Soapstone Fireplaces Business , Natural Stone Product Business and Ceramic Products Business units .",neutral
"For 2009 , net profit was EUR 3 million and the company paid a dividend of EUR 1.30 apiece .",neutral
"For 2009 , net profit was EUR3m and the company paid a dividend of EUR1 .30 apiece .",neutral
Fortum is now considering taking part in nuclear energy projects outside of Finland .,neutral
"From 2003 on , the emphasis of Kyro 's strategy has been on Glaston 's growth .",neutral
"Garmin fell 4.5 percent to $ 34.53 at 1:33 p.m. in New York , while Google slid 0.7 percent at $ 576.50 .",neutral
GE is building the facility with wind power developer Invenergy Wind LLC .,neutral
"Glaston , headquartered in Tampere , Finland , is a growing and international glass technology company .",neutral
Group net sales in the third quarter of 2007 totaled EUR 142.3 mn and operating profit EUR 4.3 mn .,neutral
"GS Engineering will install the valves at a liquefied natural gas LNG plant it has built for UAE LNG extraction and gas plants operator GASCO in Ruwais , UAE .",neutral
"GUANGDONG , October 26 , SinoCast -- Nokia Telecommunications Dongguan branch entered into a letter of intent to open a Nokia Class in Qingyuan Polytechnic , Qingyuan City of Guangdong Province .",neutral
"He joins Technopolis from KONE where he has held various positions within the Group , most recently as Director of Service Business and Business Development for KONE s Middle Eastern operations .",neutral
High winds also toppled three semi-trailers on I-15 north of Barstow .,neutral
HK Ruokatalo 's target is to know the consumers .,neutral
"Honkarakenne 's customer in this project is one of the biggest real estate companies in Kazakhstan , according to the company .",neutral
"However , the production is almost entirely very labor intensive and based on small investments only .",neutral
"In 2006 , the company intends to invest significantly in expanding its distribution and maintenance network .",positive
"In 2007 , Etteplan had turnover of EUR125 .2 m.",neutral
"In 2007 , the Group 's net sales stood at EUR 42 million and it had about 1,445 employees .",neutral
In 2007 Etteplan reported a turnover of EUR125 .2 m.,neutral
"In 2008 , AVC Systemhaus had net sales of EUR 10 million USD 7.1 m .",neutral
In 2008 Stockmann earned 3.398 million lats in profit on 48.012 million lats in turnover .,neutral
"In 2010 , Sanoma Magazines expects net sales to be at the 2009 level .",neutral
"In addition , the company is considering the start of production in Russia .",neutral
"In addition , the company will reduce a maximum of ten jobs .",negative
"In addition , the Kazakh delegation will visit Finland 's SITRA investment fund , Honkarakenne Ltd and Nokia headquarters to study TeliaSonera Ltd JSC 's activities .",neutral
"In addition to its stake in MegaFon , Telecominvest currently owns 100 % of shares in Web Plus and St. Petersburg Payphones , 51 % in telecom equipment producer Peter-Servis and a number of other minor assets .",neutral
"In addition to Russia , we now seek additional growth in Ukraine .",positive
"In addition to software development , the new design unit will provide for mechanical engineering and electronics design .",neutral
"In addition to verification of an identity and digital signatures , new state-approved Mobile ID enables to cast votes in elections as well .",neutral
"In April 2010 , Olvi 's range of ciders will expand with a strawberry-rhubarb and an apple-pear cider in green bottles with a new shape .",neutral
"In April-June 2008 , Scanfil 's net sales totalled EUR 58.7 mn and operating profit EUR 6.6 mn .",neutral
"In banking , Sampo A was unchanged at 14.24 eur and Nordea rose 0.42 pct to 9.51 eur .",positive
"In Finland , Alma Media will focus on quality and developing chain operations .",neutral
"In Finland , the five largest brands control 90 % of the beer market .",neutral
in Finland Finnish pharmaceutical company Orion Corporation OMX Helsinki : ORNAV said on Wednesday 7 January that it has concluded its personnel negotiations in Finland and will reduce the number of personnel by 205 .,negative
In July it and Quadriga Capital sold their Lewa GmbH pump-making business to Japan 's Nikkiso Co. .,neutral
"In November , the Finnish government decreased its ownership in the company further to 31.1 percent from 38 percent .",neutral
In Sweden the agreement covers data communication services as well .,neutral
"In the automobile space , Maruti is the most searched brand in cars .",neutral
"In the autumn , it plans to expand service to St. Petersburg and Moscow and launch service to Yekaterinburg , Russia , flying there three times a week .",positive
"In the beginning of the negotiations , the estimated number of reductions was 50 at the maximum .",neutral
"In the Czech Republic , the profiling unit at Ostrava will be closed and the machinery will be relocated to Ruukki 's bigger plants in Hungary , Poland and Romania by the end of the first quarter of 2009 .",neutral
"In the Czech Republic , the smaller profiling unit at Ostrava will be closed and the machinery will be gradually relocated to Ruukki 's bigger plants in Hungary , Poland and Romania by the end of the first quarter of 2009 .",neutral
"In the first quarter of 2008 , Sacanfil 's net sales totalled EUR 50.0 mn and its operating profit EUR 4.7 mn .",neutral
"In the third quarter of 2007 , net sales totaled EUR 25.95 mn , and operating profit EUR 3.88 mn .",neutral
"Incap Contract Manufacturing Services Pvt Ltd , a subsidiary of Incap Corporation of Finland , is acquiring the manufacturing unit of the TVS Electronic Ltd at Tumkur , near Bangalore , for Rs40 crore .",neutral
Inha Works has invested in its product development and market research .,neutral
"It comes complete with an LCD touch screen system for selection of your chosen function and prices start at around the pounds 4,805 mark .",neutral
"It grew in Finland , Norway , Denmark and the Baltic countries .",neutral
It includes options for additional 30 communal building sites as well as construction supervision works for all construction sites .,neutral
"It is being developed by Symbian , the software licensing consortium led by Nokia .",neutral
It is estimated that the consolidated turnover of Kausta Guder will reach Lt 53mn US$ 22.53 mn EUR 15.35 mn in 2007 .,neutral
It is the first application in the market for invoice and purchase requisition approval with a mobile device .,neutral
"It now owns 80,565 shares in Amer Sports Corporation , equaling 0.11 % of the company 's share capital and voting rights .",neutral
It posted a turnover of 4.5 mln euro $ 6.1 mln and an operating profit of 1.5 mln euro $ 2.0 mln for 2006 .,neutral
Ixonos will finance the acquisition through a 3.8 mln euro $ 5.2 mln loan .,neutral
J+ñrvi-Suomen Portti is also planning to reduce the use of sodium nitrite .,neutral
"Karachi , Sept. 14 -- Ixonos , a world leader in the development and integration of solutions for handheld devices , announced that it is implementing a touch screen mobile user interface solution for the Intel Atom processor Z6xx based smartphones .",neutral
Kauko-Telko 's centralized administration will be dissolved and appropriate parts of it will be transferred to operating activities and Group administration by the end of the year .,neutral
"Kemira 's R&D organization comprises approximately 750 people , the company said .",neutral
"Konecranes has previously communicated an estimated reduction of about 1,600 employees on group level in 2009 .",negative
L&T also acquired a 50 pct stake in local sector company Salvor Oy at the beginning of September 2007 .,neutral
"Laavainen said Benecol was well known in Europe and the US , where it had been in the market for 15 years .",neutral
"Latin America currently accounts for approximately 40 % of sales at Tecnotree , company president and CEO Eero Mertano recently told BNamericas .",neutral
Latvenergo has ordered a significant expansion to the Tekla Xpower network information system .,positive
"LCS 's services cover the whole life cycle of software and information systems , from process modelling and tailored software development , to hosting services , solution management , maintenance and support .",neutral
Lemcon has also signed a pre-contract for the purchase of the park 's entire 130-hectare site .,positive
Lieksaare Oy has earlier been regarded under the control of Saarelainen Oy and the individual shareholders under the shareholder agreement .,neutral
"Liquid handling products include electronic and mechanical pipettes , disposable tips as well as pipette maintenance and calibration services for research institutions , healthcare and industrial laboratories .",neutral
"ADP News - Jan 13 , 2009 - Finnish industrial and environmental measurement equipment maker Vaisala Oyj OMX : VAIAS said yesterday it will develop an operational reference radiosonde for climate change observations .",neutral
"ADPnews - Dec 23 , 2009 - Norwegian financial services group SpareBank 1 Gruppen AS OSL : SBGRP said its board of directors appointed today Jarle Haug managing director of its claims collection subsidiary SpareBank 1 Gruppen Finans",neutral
M+ñkel+ñ is demanding a new Board for the company as well as discussions on the merger of Alma media and media company Talentum .,neutral
Marathon estimates the value of its remaining stake in Protalix at $ 27 million .,neutral
Margin call of Zanadvorov has given the chance to make such purchase under the credit of Deutsche Bank for USD 560 million .,neutral
Marimekko is considering further measures in the matter .,neutral
Marketing will use Tikkurila 's existing infra structure and local knowledge in Russia .,neutral
"Metsaliitto will sell 1.1 million B shares of Neomarkka , accounting for about 18.3 pct of Neomarkka 's equity and about 12.7 pct of the voting rights .",neutral
"Moreover , Konecranes and Kito intend to transfer the hoist distribution business of Konecranes ' Japanese joint venture MHS Konecranes to Kito .",neutral
"Most of the growth in beer consumption took place in the Far East , Latin America and Africa .",neutral
"Most of the new substations support EDGE technology , which enables faster data traffic .",neutral
"Most of the raw materials come from Europe and the US and are paid in euros or US dollars , while sales take place in rubles .",neutral
"Most recently , he founded Virent Energy Systems , Inc. , an 80 person catalytic biofuels company , where , as president and CEO , he led the company through multiple financings , defined the company 's market strategy , and secured the company 's first customers .",neutral
"Motorola accounted for 11.5 percent of the South Korean handset market as of the end of April , Samsung held 55 percent and LG Electronics 19 percent , according to Korea-based ATLAS Research Group .",neutral
"Motorola Inc. of the United States came second with shipments of 217.4 million units for a 21.3 percent market share , followed by South Korea 's Samsung Electronics Co. with shipments of 118.0 million units for an 11.6 percent share .",neutral
Mr Jortikka is president of the base metal division of Outotec Oyj in Finland and is on the executive committee of Outotec .,neutral
Mr K.R. Vasantha has been appointed Managing Director of Incap Contract Manufacturing Services Pvt. Ltd. .,neutral
Mr. Doring has been with Eaton since 1989 and acted as the Business Unit Manager for Eaton 's Power Controls Business Unit since January 2007 .,neutral
Mr. Koistinen joins from Nokia Siemens Networks where he has held various senior sales management and business development positions since 1997 .,neutral
"Mr. McDonald started the evening with his own set , featuring hits from his solo career and his Doobie Brothers years and a selection of R&B cover songs that met with mixed results .",neutral
"M-real Corporation Stock Exchange Announcement 29 September 2006 at 4.15 p.m. Kyro Corporation and M-real Corporation , a Metsaliitto Group subsidiary , have agreed on an arrangement which gives M-real option to purchase the Kyroskoski natural gas powerplant from Kyro .",neutral
M-real plans to discontinue production of standard coated fine paper in the Hallein and Gohrsm++hle mills .,neutral
Neste Oil will offer outplacement services to the 111 employees to be reduced .,neutral
News Corp. 's MySpace.com Web site will display submissions for the expanded Broadband Emmy Awards as part of an effort to identify aspiring video artists .,neutral
Niam offer financial investors a high return via investments in funds that in turn invest in all types of properties .,neutral
No changes regarding the Virala Oy Ab s ownership of shares of Tiimari has taken place .,neutral
No financial details of the deployment were disclosed .,neutral
No financial or pricing details were disclosed .,neutral
No planned closing date was provided .,neutral
No service pricing details were disclosed .,neutral
"Nordea Bank AB publ holds 6.000 Alma Media shares , representing 0.008 % of share capital and voting rights .",neutral
Nordea Pankki Suomi Oyj 's ownership in Stonesoft Corporation has decreased below 1-20 .,neutral
Nordea will coordinate the syndicated loan .,neutral
Nordstjernan has used its option to buy another 22.4 % stake of Salcomp 's shares and votes .,neutral
N-Viro operates processing facilities independently as well as in partnership with municipalities .,neutral
"Okmetic closed its plant in Espoo in early 2004 , and all production lines from the site were moved to Okmetic 's plants in Vantaa , Finland and Texas , USA .",neutral
"Okmetic has a global customer base and sales network , production plants in Finland and the US and contract manufacturers in Japan and China .",neutral
"On preliminary estimate , the hotel will operate under the brand Novotel .",neutral
One of the largest projects of the magazine division of SanomaWSOY - Sanoma Magazines International in 2006 became launch of the Russian magazine Gloriya .,neutral
"Operating profit of operations in Finland in the period under review totaled EUR 11.3 mn , remaining at the 2005 level .",neutral
OP-Pohjola Group 's capital adequacy ratio under the Act on Credit Institutions stood at 12.1 % and Tier 1 ratio at 12.1 % .,neutral
"Our customers include companies in the energy and process industry sectors , in particular .",neutral
"Our key geographical markets are Europe , Russian Federation , Middle-East , South-Africa and Japan .",neutral
Our tools are specifically designed with the needs of both the business users and ICT experts in mind .,neutral
"Outotec 's delivery covers the engineering , supply and construction of a circulating fluid bed calcination plant with a capacity of 1,600 tons of alumina per day .",neutral
"OVA Press has a 60 % stake in the joint venture , while IMSM holds a 40 % stake .",neutral
"Panostaja owns a 68.77 pct of share capital and the voting rights of Suomen Helasto shares following an exchange of shares which was carried out on May 30 , 2007 .",neutral
"Panostaja Plc today acquired the entire share capital of Suomen Graafiset Palvelut Ltd , a provider of printing services .",neutral
"Paper company M-real calculated that if 100,000 biscuit cartons are made using a 25gsm lighter board , the CO2 saved over the course of 12 months would be equal to that generated by driving 1,000 km by car .",neutral
"Paper stocks were among the biggest fallers , with Stora Enso down 2.30 pct to 14.01 eur , M-real down 2.86 pct to 5.09 eur and UPM-Kymmene 1.14 pct lower at 19.10 eur .",negative
Part of the reductions will be made through retirement arrangements .,neutral
"Payment for acquired shares will be made in cash , and the price per share will be EUR 1 plus an administration fee .",neutral
"pct lower at 4,442.10 .",neutral
Pharmaceutical market in Czech Republic Global Research & Data Services published recently a market analysis about the pharmaceutical markets in Czech Republic .,neutral
Pharmaceutical market in Italy Global Research & Data Services published recently a market analysis about the pharmaceutical markets in Italy .,neutral
Pharmaceutical market in Netherlands Global Research & Data Services published recently a market analysis about the pharmaceutical markets in Netherlands .,neutral
"Previously , it projected the figure to be slightly lower than in 2009 .",neutral
"Previously , the company expected its 2008 financial performance to remain at the same level as in 2008 .",neutral
Profit after taxes totaled EUR 12.1 mn .,neutral
QPR ProcessGuide is available as a system solution with centralized storage and management of process content as well as a standalone desktop version ; QPR ProcessGuide Xpress .,neutral
"Quartal Oy now owns 2,094,063 shares in Satama Interactive Plc , which represents 5,19 per cent of the share capital and voting rights .",neutral
Renesas Mobile Europe Ltd has approximately 470 employees in Oulu .,neutral
Rihko said the sale will enable the company to concentrate on its grain-based business .,neutral
Rihko started to manage Raisio 's Benecol business in summer 2006 after heading tobacco company Altadis ' European operations .,neutral
RIM has revamped the BlackBerry OS UI with the 6.0 version of the mobile operating system .,neutral
Rimi supermarket is the key customer in Magistral center .,neutral
"Rimvesta is now controlled by the Estonian-owned real estate development company ELL Nekilnojamas Turtas , which a member of Merko , the largest construction group in the Baltic countries .",neutral
"Risto Raty , Tekla 's executive vice president , said that Tekla Structures and ArchiCAD will cover the entire design and documentation workflow throughout a construction project .",neutral
"Rohwedder Group is an automotive supplies , telecommunications and electronics industry provider for customers in Europe , North America and Asia .",neutral
Rosa is one of the best-known Duckburg illustrators .,neutral
RSA 's shares closed at 156.9 p at the time of going to press .,neutral
Rubin says he expects Capman to announce 1-2 additional transactions in 2009 .,neutral
Russia 's Video International Group holds a controlling stake in Russian Media Ventures .,neutral
"'s Outokumpu Technology business will begin trading on the Nordic Exchange in Helsinki starting Oct. 10 , becoming the sixth company to list on that exchange this year , the company said Friday .",neutral
"Salo , Finland , 29 August 2006 - Benefon has today announced its plans to further strengthen its in-house technology platform , by licensing the complete mobile software platform , Opna , from its long-standing technology partner , Pollex .",positive
"Sampo Group that has become a major shareholder in Nordea owns TrygVesta 's main competitor , If P & C Insurance .",neutral
Scanfil holdings include 100 % of contract electronics manufacturer Scanfil EMS Group .,neutral
"Since the registration of the shares subscribed in a directed share issue , the new number of Panostaja shares and voting rights is 41,733,110 .",neutral
"Stora Enso 's business in North America has annual capacity of about 3 million tons and employs about 4,350 people .",neutral
Stora Enso will receive a 19.9 pct equity interest in the combined company .,neutral
Stora is due to release its fourth-quarter and 2009 full-year earnings on Feb. 4 .,neutral
Storengy is the GDF SUEZ company that is dedicated to the underground storage of natural gas .,neutral
Strand Associates is expanding its Madison corporate headquarters with space to add about 100 employees to the engineering firm .,positive
Talentum acquired a 47.5 pct stake in Varesvuo Partners in 1997 and the remaining in 2002 and 2005 .,neutral
"Technopolis , St. Petersburg 's Telecommunications University and the Russian Support Fund for Legislative Initiatives signed a protocol of intent in May of this year to set up a technopark in St. Petersburg on the base of the St. Petersburg Telecommunications University .",neutral
"Technopolis has Finnish operations in Oulu , Vantaa , Espoo , Lappeenranta , Jyvaskyla and Tampere and is also preparing to expand its operations to Russia .",neutral
"Technopolis has set aside a plot of land measuring 4.6 hectares to build the park , Mikkonen said .",neutral
Tekla Group 's net sales for 2006 were approximately 50 million euros and operating result 13.6 million euros .,neutral
Teleste expects to start the deliveries at the end of 2009 .,neutral
"Thanks to its extensive industry and operations experience , Cybercom offers strategic and technological expertise to these markets : telecom , industry , media , public sector , retail , and banking and financial services .",neutral
"That address also happens to house Italian megamart Eataly , meaning that `` Come on , kids , we 're going to the Toy Building ! ''",neutral
"The 3C Expo is a signature show in Dongguan , which is supported by the Dongguan Municipal Government every year , featuring computer accessories , software , communication and network products .",neutral
"The acquired business main asset is a mobile authentication and signing solution , branded as Tectia MobileID , which provides authentication to web e-mail , SSL-VPN , MS SharePoint , Tectia Secure Solutions and other applications and resources .",neutral
The acquisition is part of Ramirent 's Central and Eastern European growth strategy .,neutral
The acquisition is part of Ramirent 's strategy to strengthen its position in selected locations .,positive
The agreement includes application maintenance and support services .,neutral
The agreement includes the entire process of managing Mercator 's supply chain in all regions where the company is currently present .,neutral
"The Americas represents 25 % of Gemalto 's billing , and Latin America is one of the fastest growing regions for the company .",neutral
The annual value of the contracts is estimated at USD 2mn over the next three years .,neutral
"The area will also include some central buildings , and Honkarakenne has started negotiations on their delivery .",neutral
"The bank also expects additional costs , related to the Dash 8 - Q400 jets , which the group shelved in October 2007 .",neutral
The bank 's leasing arm Nordea Liising ended the year with a profit of 4.4 million euros .,neutral
"The Board established a Remuneration Committee with following members : - Sari Baldauf Chairman - Tapio Hintikka - Heikki Westerlund In addition , the Board decided to appoint a Nomination Committee at a later stage .",neutral
"The bond , with a maturity of five years , is part of the bank 's domestic bond program .",neutral
The bridge is part of the highway 14 development project .,neutral
The building will house product development and test laboratories .,neutral
The business area 's net sales were slightly over 2m in 2006 .,neutral
The business development initiatives in North America are headed by Lynn Shanahan .,neutral
"The business is organised , as of February 1 , 2011 , in a way that production of design services is combined into one entity , Etteplan Operations .",neutral
"The business transfer will take effect from 1 January 2007 , and in connection with this 47 employees will transfer from Elisa to Daxtum as continuing employees .",neutral
The center will be built in the Kapuli district of Mantsala beside the Hanko-Mantsala-Porvoo road near the new direct rail link between Lahti and Jarvenpaa .,neutral
The changes in readership were not significant .,neutral
The closing of such transaction took place today .,neutral
"The closing of the transaction is scheduled to take place on January 10 , 2008 .",neutral
The combined capital of these funds is expected to be EUR 100mn-150mn .,neutral
The combined company had pro-forma net sales of 140 mln euro $ 188.9 mln and an operating profit of 13 mln euro $ 17.5 mln for 2006 .,neutral
"The commission found evidence of several meetings to discuss the cartel , including one in a Brussels restaurant in November 1997 at which the companies discussed price increases .",neutral
"The Committee proposes the following remuneration : a monthly remuneration of EUR 5,000 for the Chairman , EUR 3,500 for the Deputy Chairman , and EUR 2,500 for the other Board members .",neutral
"The companies will divest to UPM Fray Bentos pulp mill and Forestal Oriental , a company specialising in eucalyptus cultivation .",neutral
"The company , which has EUR2 .8 bn in assets , counts among its five largest shareholders Finnish insurers Ilmarinen 4.34 % and Varma 0.70 % , as well as the Finnish state pension fund VER 0.61 % .",neutral
The company also equipped the sculptural complex Rabochy i Kolkhoznitsa A Worker and a Collective Farmer in Moscow with snow melting system .,neutral
The company also said that the deployment of the Danish 4G network continues and it expects to cover 75 % of the Danish population in 2011 .,neutral
The company decided at the end of 2008 to temporarily shut down its ammonia plant in Billingham and extend the maintenance period at its Ince facility .,negative
The company did not distribute a dividend in 2005 .,neutral
The company expects its net sales for the whole 2009 to be at previous year levels .,neutral
"The company expects its net sales for the whole of 2007 to be EUR 950mn-1 ,000 mn .",neutral
"The company had net sales of EUR 10.8 million in 2008 , and today has approximately 120 employees in Finland , Estonia and Poland .",neutral
The company had net sales of EUR 19.8 mn and a pre-tax profit of EUR 1.8 mn in 2005 .,neutral
The company has 120 employees and annual sales of approximately EUR16m .,neutral
The company has an annual turnover of EUR32 .8 m.,neutral
"The company is involved in the the sale of financial products including insurance , mortgages , car and personal loans , financial brokerage and equipment finance leasing .",neutral
"The Company operates through four principal divisions : Consumer Packaging ; Office Papers ; Speciality Papers , as well as Market Pulp and Energy .",neutral
The company plans to increase the unit 's specialist staff to several dozen -- depending on the market situation during 2010 .,neutral
The company reported net sales of 302 mln euro $ 441.6 mln and an operating margin of 16 pct in 2006 .,neutral
"The company 's set of services include digital printing , printing preparation , offset-printing , after-treatment services and send out services .",neutral
"The company 's transportation business is conducted through Florida Rock & Tank Lines , which is a Southeastern transportation company concentrating in the hauling by motor carrier of liquid and dry bulk commodities .",neutral
"The company said that 80 % of the shares of the holding company will be sold to Meadville Holdings Limited , a Hong Kong listed parent company of the Meadville Group .",neutral
The company said that it has agreed to a EUR160m unsecured credit line from lenders .,neutral
The Company said that previously EB delivered a custom solution for LG Electronics and now is making it commercially available for other mobile terminal vendors as well as to wireless operators .,neutral
"The company said that the operations will be sold to a newly established company , CPS GmbH , where the present management of the plastics business is a co-owner .",neutral
The company will use the assets for strengthening its balance sheet and financial position .,positive
"The composite body is coated with a hard coating layer produced by thermal spraying , and the coating is ground . ''",neutral
"The connectivity unit has more than 100 e-invoice customers , and the number of annual transactions stands at nearly one million .",neutral
The contract includes an option to deliver an additional 75 ASCs in the next phases of the project .,neutral
The contract is worth some EUR 1 million .,neutral
The contract value amounts to EUR 2.4 million .,neutral
The credit covers approximately 70 % of the ship 's price .,neutral
The customer is cooperative retailer Osuuskauppa Suur-Savo .,neutral
The customer is local company Etera Mutual Pension Insurance Co and the principal tenant of the unit will be media company Alma Media Corp HEL : ALN1V .,neutral
"The customer is then forwarded to the site , and unknown to him logged in with the first number .",neutral
"The deal includes all rental equipment and related merchandise , the rental contract of the depot and two employees , the company said .",neutral
The deal is in line with Etteplan 's strategy to operate as a partner of global customers and provide industrial technology design services .,neutral
"The decision reflects the underutilisation of the line , which produces nonwovens used in medical and wipes applications as well as for the automotive industry .",neutral
"The decision will have to be made whether the group agrees to the import of Estonian meat and meat products to Finland , the paper added .",neutral
The devices also contains Finnair 's own application for compiling customer feed-back and ideas for product development .,neutral
"The devices would be launched in the Chinese market in late 2006 , the company said .",neutral
The Diameter Protocol is developed according to the standards IETF RFC 3588 and IETF RFC 3539 .,neutral
The divested activities had net sales of EUR 145.1 million in 2009 and an operating profit of EUR 8.9 million .,neutral
"The divested company is part of TietoEnator 's business area Government , Manufacturing & Retail .",neutral
The dividend will come on top of the 0.45 eur on A shares and 0.43 on K shares it has already paid on last year 's accounts .,neutral
"The Division also includes joint sales , marketing and controlling functions for these units .",neutral
The EA Reng group posted sales of approximately 84 million kroons for 2007 .,neutral
"The EBRD is using its own funds to provide a 21.6 million A loan while the B portion of 10 million Euros has been syndicated to two Finnish commercial banks , Nordea Bank Finland Plc and Pohjola Bank Plc. .",neutral
"The EBRD is using its own funds to provide a 21.6 million A loan while the B portion of 10 million Euros has been syndicated to two Finnish commercial banks , Nordea Bank Finland Plc 7.7 million Euros and Pohjola Bank Plc 2.3 million Euros .",neutral
"The EBRD is using its own funds to provide a 21.6 mln A loan while the B portion of 10 mln Euros has been syndicated to two Finnish commercial banks , Nordea Bank Finland Plc 7.7 mln Euros and Pohjola Bank Plc 2.3 mln Euros .",neutral
"The Economic Development and Trade Ministry and Industry and Energy Ministry , along with the Kostroma regional administration and the Russian Lumberman and Timber Exporters Union , has been carrying out work to acquire investment for the construction of a pulp and paper mill in Neya since 2003 .",neutral
The electricity requirement of networks will grow with the new mobile generation .,neutral
The employment contracts of 14 of the employees will end in March 2009 as a result of the company 's previous employer-employee talks .,negative
The energy sector accounted for approximately 33 % and the steel industry for about 57 % of the transportation volume .,neutral
The enterprise value of Maritim Food AS has been determined as approximately EUR15m .,neutral
"The equipment Ixonos acquires with this deal includes mechanical engineering hardware ; an RF and antenna measurement laboratory ; facilities for the measurement of audio , cameras and displays ; as well as devices and robot units for the testing of mobile devices .",neutral
"The equipment will be made at Vaahto 's plant in Hollola in Finland , and delivery is scheduled for the first quarter of 2009 .",neutral
The estimated annual value of the frame agreement is about EUR 50mn .,neutral
The estimated value of the deal is USD 9.2 million .,neutral
The EUR17m contract includes both design and construction works .,neutral
"The executive said that countries such as Brazil , Chile , Argentina and Mexico will lead the adoption in the business Ethernet services segment , while Brazil and Mexico will be the early adopters of carrier Ethernet for mobile backhaul .",neutral
The expanded company will continue to be called NewPage .,neutral
The expanded plant is scheduled to be operational by the middle of October 2009 .,neutral
The expansion is to be finalized in the autumn of 2009 .,neutral
The expansion will be delivered in the fourth quarter of 2006 .,neutral
The facility consists of a seven year bullet term loan of 200 mln euro $ 292.4 mln and a 150 mln euro $ 219.3 mln five year revolving credit facility .,neutral
"The facility will have a lettable area of some 19,000 sq m. The plot for the plant , located in the Ratasmaki business park , will be purchased from the City of Forssa .",neutral
The figure does not include food exports from Finland .,neutral
"The figure includes the change in the fair value of the property portfolio , EUR 26.2 million .",neutral
"The Filter Tips cover the volume range from 0.1-1200 -Ál including new sizes for 10 , 20 , 100-120 , 200 , 300 , 1000 and 1200 -Ál volume capacities .",neutral
The final outcome of the rights offering is to be reported around 23 October 2009 .,neutral
The firm builds components for mobile phones and other communications products .,neutral
The goal is significant expansion in Finland and in the northern Baltic region .,neutral
"The government started the sell-off last month , putting an 8 percent stake in TeliaSonera on the auction bloc .",neutral
"The group posted net sales of 35.3 mln euro $ 46.5 mln and an operating profit of 760,000 euro $ 1.0 mln in 2005 .",neutral
The group 's net sales in 2007 were EUR683 .6 m.,neutral
"The Group 's turnover in 2006 was EUR 39.2 million , and operating profit was EUR 3.9 million .",neutral
"The Liquid Handling segment offers laboratory equipment and accessories , including mechanical and electronic pipettes , and disposable tips used in the research institutions , universities , and hospitals , as well as in the pharmaceutical , food , and other industries under the Biohit brand .",neutral
"The manufacture of CPPs will be undertaken at the existing Export Oriented Unit EOU at Wartsila 's factory at Khopoli , near Mumbai .",neutral
The manufacturing will begin in Pietarsaari in the beginning of the year 2009 and the delivery will take place in October 2009 .,neutral
The markets expect Heineken to sell Hartwall as a whole or in parts .,neutral
The merger between the two telecoms operators was expected to result in the world 's fourth largest telecoms operator .,neutral
"The most significant capital expenditure items were in the global enterprise resource planning ERP project , product development and production machines .",neutral
"The move will be carried out by transferring HKScan 's production-related property , plant , equipment , as well as its holdings in subsidiaries and associate companies in the country to HKScan Finland .",neutral
The net sales of Healthcare Trade business in 2009 were EUR 145.1 million EUR 155.2 million and operating profit EUR 8.9 million EUR 7.9 million .,neutral
The net sales of the Power Plants business were EUR 710.3 million in 2005 .,neutral
The new shares entitle their holders to dividends for fiscal 2006 .,neutral
The newly created position has been established to strengthen Amer Sports ' management in strategic planning and execution .,positive
The newspaper 's best sales asset is high quality journalism and journalistic content .,neutral
The non-recurring costs caused to Talentum 's Premedia business area by the restructuring will amount to 2.0 mln euro $ 2.7 mln and will be included in the company 's financial results for the second quarter of 2007 .,neutral
The ongoing project where Tekla Structures is being used is the Vashi Exhibition Centre being developed by Insteel Engineers Pvt Ltd-IIVRCL Infrastructures & Projects Ltd & CIDCO .,neutral
"The operations to be sold include manufacturing units in Finland , France , Poland and Turkey , as well as sales units in Germany and Lithuania .",neutral
The options might include a partial or total divestment of their shareholdings in Ovako .,neutral
"The orange-handled scissors from Fiskars are part of the permanent design collection of the Museum of Modern Art in New York , as well as the Philadelphia Museum of Art .",neutral
"The order also covers design services , hardware , software licences , as well as maintenance services over six years .",neutral
The order also includes extensive maintenance work of a shoe press delivered by Vaahto in 2001 .,neutral
"The order consists of outsourced application management , support and planning for Tecnotree and third-party applications .",neutral
The order includes 48 ship cranes that will be delivered for 12 container feeders to be built at Wenchong shipyard in China .,neutral
"The order values at EUR 6.9 mn , and it consists of design services and hardware and software licences .",neutral
The orders also include a few high-power drives for the control of seismic compressors .,neutral
"The orders are for 26 machine-room-less KONE MonoSpace elevators , which would be installed during 2006 .",neutral
The Oulu plant employs approximately 120 people .,neutral
The percentages of shares and voting rights have been calculated in proportion to the total number of shares registered with the Trade Register and the total number of voting rights related to them .,neutral
The per-share subscription price of the shares subscribed with the option rights was EUR 1.35 .,neutral
"The plant is scheduled for completion in late February 2007 with hand over of some areas in January Two other suppliers of Nokia - Aspocomp Group Oyj and Perlos - have announced their plans to establish plants within the Nokia complex Together , they will invest Rs 365 crore .",neutral
"The Polish business employs about 1,000 people , and it had net sales of about EUR 70mn in 2007 .",neutral
"The portfolio comprises of 118,000 m2 of leasable space with a vacancy rate of roughly 5 % , let to around 140 tenants of which two of the largest are the Swedish government and Ericsson .",neutral
"The production capacity can be tripled without any major additional investments , the company said .",positive
"The program , which was started in the summer of 2007 , was originally estimated to last approximately two years .",neutral
The proposal of the shareholders to elect Mr. Hannu Krogerus to the Board is based on his long and unrivalled experience and knowledge of all matters related to Elcoteq .,neutral
"The remainder of its revenues will come from technology agreements with other firms , InterDigital said .",neutral
"The remaining amount will be funded through debt , the Danish bank said .",neutral
"The reorganisation will be carried out by transferring HKScan Corporation 's production-related property , plant and equipment in Finland as well as its holdings in subsidiaries and associates to HKScan Finland Oy , a holding company wholly owned by HKScan Corporation .",neutral
The report contains category level company and brand share as well as distribution share information for 2007 and 2008 .,neutral
The result before taxes was a loss of 25.0 million euros .,neutral
The results will enable the preparation of a conceptual plant design and capital estimates .,neutral
The retail chain launched in 2007 does not correspond to profit and sales forecasts of the company .,neutral
"The Russian gas giant invested another 46 million litas in the company in late 2004 and now owns 99.5 percent of its stock capital , which amounts to 86.936 million litas .",neutral
"The second company acquired is Sweden 's Reftele Maskinservice AB , whose business is mainly field services and spare parts manufacturing , with 10 employees and 1.2 mln eur sales a year .",neutral
"The segments through which the company operates are Frozen Food business , Seafoods , Vegetable Oil business , Grain Trading and Other business operations .",neutral
"The selling consortium includes funds managed by OKO Bank 's venture capital unit , Bio Fund Management and Finnish Industry Investment , a government-owned investment group .",neutral
"The solution is demonstrated on a tablet developed by Aava Mobile as a multi-window system , which enables the use of several applications simultaneously , for example the viewing of messages and calendar side by side .",neutral
The solution will be installed in the USA to support the North American operations of the customer .,neutral
"The staff reduction will start immediately , Glaston added .",negative
"The Stockmann department store will have a total floor space of over 8,000 square metres and Stockmann 's investment in the project will have a price tag of about EUR 12 million .",neutral
The studies are expected to start in 2008 .,neutral
"The Swedish buyout firm has sold its remaining 22.4 percent stake , almost eighteen months after taking the company public in Finland .",neutral
"The Swedish Maritime Administration has closed the Furusund Channel , which Viking Line normally charters en route to Stockholm .",neutral
"The tanks will be delivered to a company which is currently building a chemical tank farm in Antwerp , northern Belgium .",neutral
"The Tekla Structures product box , if needed , is now made from recycled material .",neutral
The terms of the transactions remained undisclosed .,neutral
The through service of FESCO is a telling example of strengthening the relationship between logistics companies and operators at the international level .,positive
The total capacity of the factory will be approximately 100 engines a year .,neutral
The total emissions reduction from 1999 to 2017 will be thus 41 % .,neutral
"The total floor area of the plant expansion is 29,000 square metres .",neutral
"The total headcount reduction will be 50 persons , the company said .",negative
The total investment in 2006 and 2007 is expected to amount to about EUR75m .,neutral
"The total investment in the company will be EUR58m , of which Wartsila 's share will be EUR29m .",neutral
The total investment of the project will be approximately EUR 36m .,neutral
"The total value of the agreement is USD4 .0 m , the company said .",neutral
The total value of the contract is some EUR 8 million .,neutral
The total value of the deal is USD 29mn .,neutral
"The total value of the project is about EUR53m , including the plots that will be transferred to Atria .",neutral
"The total value of the project is estimated to be over 3.0 mln euro $ 4.4 mln , of which the services will be over 2.0 mln euro $ 2.9 mln and third-party licences more than 1.0 mln euro $ 1.5 mln .",neutral
The total value of these two contracts is over EUR 21 million .,neutral
The transaction is planned to be financed with a EUR40m market-based loan granted by Standard Chartered Bank Hong Kong .,neutral
The transaction value is CAD 15 million approximately EUR 10 million .,neutral
"The unit 's clients are mainly in the field of specialist convenience goods , as well as in the textile , shoe and furniture businesses .",neutral
The value of the contract is about EUR 27mn .,neutral
"The value of the contract is about EUR1 .0 m. Poyry , headquartered in Vantaa , Finland provides consulting and engineering services to the energy , forestry and infrastructure & environment sectors .",neutral
The value of the contract is EUR 25mn .,neutral
The value of the contract is in total USD12m .,neutral
The value of the contracts is about EUR 3.3 mn .,neutral
The value of the deal has not been disclosed .,neutral
The value of the deal is estimated at between SEK25m and SEK50m .,neutral
The value of the deal was not disclosed .,neutral
The value of the multi-year agreement is over EUR 2mn a year .,neutral
The value of the three-year contract is estimated at EUR40m .,neutral
The value of this kind of order amounts usually between Euro 2 and 3 million .,neutral
"The Web-Marela application handles invitations to quote , quote comparisons , agreements , purchases , invoice inspections , inventory management , and deliveries .",neutral
"The venture , which will be 51 % owned by Kemira and 49 % by IVRCL , will operate an inorganic coagulant manufacturing facility , to be built in Vishakapatnam Vizag in the state of Andhra Pradesh and to kick off operations in the second half of 2011 .",neutral
"The workforce will be reduced also in the Amsterdam office , in the Netherlands .",negative
"The works will include the laying of natural stone pavements and the installation of underground heating , and surface water drainage systems .",neutral
There have not been previous share subscriptions with 2004 stock options .,neutral
"These new units will be built at Cargotec 's state of the art manufacturing facility in San Antonio , Texas , USA , which started operations in 2009 .",neutral
These share transactions are part of the company 's strategy of relinquishing assets that are not part of its core business .,neutral
These six agreements are the company 's first customer acquisitions in India since taking over TVS Electronics ' contract manufacturing facility in Jun 2007 .,neutral
"This could be any of us at any time , '' she said .",neutral
"This order , when delivered , will bring the total output of electricity in Italy generated by Wartsila equipment to more than 1,300 MW .",neutral
"This rating from A.M. Best is the highest among the CIS countries , Central and Eastern Europe .",neutral
This wood lacquered clock comes with a stripy hand-crocheted cover .,neutral
Tikkurila acquired a majority stake in Kolorit Paints in the autumn of 2004 .,neutral
To see a slide show of all the newest product releases from Fiskars .,neutral
Total value of the contract is about EUR 10mn .,neutral
"Trading under the name Velta UK , a former Uponor brand , the company has been Uponor 's long-term partner in supplying Velta-branded systems particularly for the commercial and industrial building sector in the UK and internationally .",neutral
"Tulikivi manufactures heat-retaining , soapstone and ceramic fireplaces , as well as natural stone products and utility ceramics .",neutral
"TVO 's two-unit 1,740 MW Olkiluoto plant generated 14.2 TWh with an operating ratio across both reactors of 93.5 % , which the company described as `` high by international standards '' .",neutral
"Tyrv+ñinen is of the opinion that the airline has been repeating this for some time already , however .",neutral
"Under Finnish law , Parliament grants licences to build nuclear power plants .",neutral
"Under the agreement , Larox will transfer 10 employees within engineering and documentation related to delivery projects and product maintenance in Finland to Etteplan as of January 1 , 2007 .",neutral
"Under the agreement Benefon 's forthcoming range of TWIG integrated GPS navigation and mobile phone devices will use the jointly developed web-based tracking and location technology , in both consumer and commercial applications .",neutral
"Under the terms of the agreement , Bunge will acquire Raisio 's Keiju , Makuisa and Pyszny Duet brands and manufacturing plants in Finland and Poland .",neutral
"Under the transaction agreement , Metsaliitto will purchase 24.7 % of Metsa-Botnia 's shares from UPM and 3 % from M-real .",neutral
Underground parking facilities will also be built on the basement floor .,neutral
"Unit prices for straddle carriers vary between EUR700 ,000 and EUR900 ,000 , the company added .",neutral
"Unlisted British Biologicals makes B - and D - proteins , and other disease-specific supplements that cover diabetes , hepatitis , asthma and other cardiovascular ailments .",neutral
"UPM is the biggest producer of magazine paper in Europe , with a market share of over 30 pct , and it is likely to say that prices in the segment were at best flat during the quarter , analysts said .",neutral
UPM-Kymmene said its has ` not indicated any interest in any domestic consolidations ' .,neutral
Upon completion of the deal Panostaja will establish a new business area within the group to focus on heat treatment of metals .,neutral
"Vacon aims to establish its presence in the solar energy business in various parts of the world towards the end of 2010 , said Olli Teva , marketing director renewable energy applications .",neutral
Vaisala 's board of directors will propose a dividend of 0.85 euro $ 1.24 per share at the company 's annual general meeting .,neutral
Vaisala 's expertise in lightning data and information systems is based on extensive experience and investment in R&D .,neutral
Valmet Automotive reports net sales of EUR 85mn and operating profit of EUR 8mn .,neutral
"We bring a new , committed leadership and business and strategic know-how to the company that we buy .",neutral
"We look forward to take part in the future development of the company , '' says Tomas Billing , President of Nordstjernan .",neutral
"Veidekke , headquartered in Oslo , Norway , is a Scandinavian construction and property development group with some 6,350 employees in Norway , Sweden and Denmark , with an annual turnover of NOK16 .4 bn .",neutral
"While the company did not indicate the level of investment in the unit , it said that has purchased the equipment of Nokia Corporation 's mobile phone R&D laboratory in Jyvaeskylae .",neutral
Why not subscribe to the magazine ?,neutral
Vianor sells tires for cars and trucks as well as a range of other car parts and provides maintenance services .,neutral
Viking Line and STX Finland said on Monday that there were plans to build a 240 million euro ferry that would be launched on the Turku-Stockholm route in spring 2013 .,neutral
"With the government exempting certain stainless steel products from anti-dumping duties , Finland-based Outokumpu today said it will look to enter into supply pacts with the Indian Railways soon .",neutral
"With the new arrangement , customer responsibilities will become mainly regional .",neutral
"With this acquisition the wireless modem unit and its approximately 1,100 employees were transferred to Renesas Electronics Corporation .",neutral
You will hear the latest insights and updates on Citycon 's strategy as well as the latest news from all the business units .,neutral
The personnel reductions will primarily affect those working for the parent company in the diagnostics business or in production and logistics in the liquid handling business .,negative
"In the Asia-Pacific region , Visa Wave is available in Malaysia , Taiwan and South Korea and will be expanded to Japan and Southeast Asia this year , Jung added .",positive
"In the third quarter of fiscal 2008 Efore swung to a net loss of EUR 400,000 versus a net profit of EUR 200,000 for the corresponding period of fiscal 2007 .",negative
"Konecranes Oyj KCR1V FH fell 5.5 percent to 20.51 euros , the biggest fall since June .",negative
"Meanwhile , minority shareholders , expecting TeliaSonera to retain the bid , sell shares now .",neutral
"Net sales for the financial year 2006 are expected to amount to about EUR20m and the operating result EBIT is expected to be a loss , as announced before .",negative
Operating loss totaled EUR 25mn compared to a profit of EUR 63mn in the corresponding period in 2005 .,negative
"Production levels have been agreed with producers a long time ago , so a fall in consumption will lead to losses .",negative
Return on investment ROI was 4.1 % compared to 43.8 % in the first half of 2008 .,negative
"SSH COMMUNICATIONS SECURITY CORP STOCK EXCHANGE RELEASE OCTOBER 14 , 2008 AT 2:45 PM The Company updates its full year outlook and estimates its results to remain at loss for the full year .",negative
"The sale will result in a capital loss of EUR5m for Solidium , which obtained Tikkurila shares in March 2010 .",negative
- The Group -¦ s result before taxes was a loss of EUR 0.6 ( +0.6 ) million .,neutral
- The Group -¦ s result before taxes was EUR -1.9 ( -3.0 ) million .,negative
"- The Group 's sales during the period were EUR 37.5 million ( EUR 48.2 million , 1-9/2008 ) and result before taxes was a loss of EUR -3.5 ( +1.2 ) million .",negative
The fair value of investment properties was EUR 2 251.0 ( 1 281.4 ) million .,neutral
"A total of 16.5 mn passenger ship journeys took place in the northern Baltic Sea in 2007 , slightly down from 16.5 mn in 2006 .",negative
Finnish media group Talentum has issued a profit warning .,negative
"Finnish shipping company Finnlines ' pretax loss totalled EUR 6.5 mn in the third quarter of 2009 , compared to a profit of EUR 0.3 mn in the third quarter of 2008 .",negative
"In Finland , the city of Forssa has said it will not pay compensation to food industry companies HK Ruokatalo and Atria for the lye leak into tap water that occurred in March 2008 .",negative
"Acando AB ( ACANB SS ) fell 8.9 percent to 13.35 kronor , the lowest close since Dec. 11 .",negative
"According shipping company Viking Line , the EU decision will have a significant financial impact .",neutral
"According to CEO Matti Perkonoja of the parent company HKScan , the company 's performance in the first quarter of 2010 has remained clearly below the level of the corresponding period in 2009 .",negative
"At some point in 2010 , all separate company names , such as Palmberg , Tekmanni , Lemcon , Forssan Betoni , Suonenjoen Betonituote , among others , will disappear .",neutral
"Cencorp 's net sales in the first quarter is estimated to be EUR0.9-1 .2 m , as compared to EUR4 .5 m in the first quarter 2008 .",negative
Diluted earnings per share ( EPS ) stood at EUR 0.25 versus EUR 0.42 .,negative
Earnings per share ( EPS ) amounted to a loss of EUR0 .05 .,negative
Earnings per share ( EPS ) amounted to a loss of EUR0 .38 .,negative
Earnings per share ( EPS ) amounted to a loss of to EUR0 .06 .,negative
Earnings per share were at loss of EUR0 .24 .,negative
Expense ratio was 102.6 % compared to 92.9 % in the corresponding period in 2005 .,negative
Finnish automation solutions developer Cencorp Corporation ( OMX Helsinki : CNC1V ) issued on Thursday ( 18 September ) a profit warning for the third quarter of 2008 .,negative
Finnish automation solutions developer Cencorp Corporation ( OMX Helsinki : CNC1V ) reported on Thursday ( 6 November ) an operating loss of EUR1 .3 m on net sales of EUR11 .9 m for the period January to September 2008 .,neutral
Finnish communication electronics components supplier Scanfil Oyj Tuesday said sales in the first half of 2006 will be 15 % lower than during the same period a year ago .,negative
Finnish forest industry group Stora Enso Oyj issued on Thursday ( 20 March ) a profit warning for the first quarter 2008 .,negative
Finnish home decoration and arts and crafts retailer Tiimari Plc ( OMX Helsinki : TII1V ) reported on Monday ( 18 August ) an operating loss of EUR3 .3 m on net sales of EUR33 .9 m for the period January-June 2008 .,neutral
Finnish technology company Raute Corporation ( OMX Helsinki : RUTAV ) issued on Tuesday ( 23 September ) a profit warning for the financial year 2008 .,negative
He said : `` It is for sale again and we will be actively marketing it .,neutral
"In Q1 of 2009 , the company 's operating loss totalled EUR 0.3 mn , compared to a profit of EUR 3.6 mn in Q1 of 2008 .",negative
"In the reporting period , EPS stood at EUR0 .07 versus EUR0 .11 .",negative
"Last year , 8.3 million passengers flew the airline , down 4 percent from 2007 .",negative
"Loss after financial items totalled EUR 9.7 mn , compared to a profit of EUR 1.3 mn in the corresponding period in 2008 .",negative
Loss for the period totalled EUR 15.6 mn compared to a profit of EUR 6.3 mn in 2008 .,negative
"Myllykoski , with one paper plant in Finland , one in the US and three in Germany , had revenues of EUR286m in the first half of 2010 and an operating loss of EUR12m , Reuters said .",negative
Net loss in the same period in 2009 was euro18 .6 million .,neutral
Nokia Siemens Networks has struggled to make a profit in the past two years .,negative
Operating loss amounted to EUR 0.9 mn in the first half of 2006 compared to a profit of EUR 0.5 mn in the first half of 2005 .,negative
"Operating loss of the Pulp & Paper Machinery unit was over EUR 3mn in September 2007 - August 2008 , compared to a profit of EUR 3.7 mn a year earlier .",negative
Operating loss totaled EUR 0.3 mn compared to a profit of EUR 2.2 mn in the corresponding period in 2007 .,negative
"Operating loss totaled EUR 0.8 mn , compared to a profit of EUR 0.5 mn .",negative
"Operating loss totalled EUR 12.7 mn , compared to a profit of EUR 17.7 mn in the first half of 2008 .",negative
"Operating loss totalled EUR 3.2 mn , compared to a profit of EUR 7.2 mn in the third quarter of 2008 .",negative
"Operating loss totalled EUR 4.0 mn , compared to a profit of EUR 8.6 mn in the second quarter of 2008 .",negative
"Operating loss totalled EUR 5.2 mn , compared to a loss of EUR 3.4 mn in the corresponding period in 2008-2009 .",negative
"Operating profit before non-recurring items was EUR 8.3 mn in the first nine months of 2008 , compared to EUR 8.4 in the corresponding period in 2007 .",negative
Pretax loss totaled EUR 117mn compared to a loss of EUR 65mn in the corresponding period .,negative
Pretax loss totalled EUR 162.3 mn compared to a profit of EUR 253.5 mn in 2007 .,negative
"Pretax loss totalled EUR 49.9 mn , compared to a loss of EUR 15.4 mn in the corresponding period in 2008 .",negative
Pretax profit totaled EUR 4.9 mn compared to EUR 5.2 mn in the first quarter of 2005 .,negative
"Publishing Sweden 's operating loss was EUR 1.1 mn in Q1 of 2009 , compared to a profit of EUR 0.6 mn a year ago .",negative
Raisio 's malting capacity was in full use in 2008 .,positive
"Raw materials prices have surged in the past year , fueled in part because of the rapid industrialization of China , India and other developing nations .",negative
Rivals say Qualcomm has fewer patents on 3G phones than on earlier versions and should lower its rates .,negative
The company reported today an operating loss of EUR0 .1 m on net sales of EUR4 .5 m for the first quarter 2008 .,negative
"The company 's annual loss amounted to EEK 18mn , compared to a profit of EEK 7.3 mn in 2008 .",negative
"The fair value change of investment properties was EUR 15.8 mn , compared to EUR 22.9 mn in the third quarter of 2009 .",negative
The impact of Cableway to Teleste 's net sales in 2009 is estimated to be EUR 4 million .,neutral
The stock was hit by the profit warning of Finnish rival Rautaruukki Oyj ( OMX : RTRKS ) .,negative
Finnish Bank of +àland +àlandsbanken has issued a profit warning .,negative
Finnish forest machinery manufacturer Ponsse has issued a profit warning .,negative
"Cerberus Capital Management LP-backed printing paper maker NewPage Corp. has posted mixed second-quarter results , casting a cloud over its planned initial public offering .",negative
"Finnish electronics manufacturing services EMS company Elcoteq SE posted a net loss of 66.4 mln euro $ 91.2 mln for the first half of 2007 , compared to a net profit of 7.1 mln euro $ 9.8 mln for the same period of 2006 .",negative
Finnish laboratory liquid handling and diagnostic test systems developer Biohit Oyj OMX Helsinki : BIOBV issued on Tuesday 3 June a profit warning for the financial year 2008 .,negative
Finnish retail software developer Aldata Solution Oyj reported a net loss of 11.7 mln euro $ 17.2 mln for 2007 versus a net profit of 2.5 mln euro $ 3.7 mln for 2006 .,negative
"Finnish textiles and clothing group Marimekko Oyj posted a net profit of 7.99 mln euro $ 10.4 mln for 2006 , compared to 8.4 mln euro $ 10.9 mln for 2005 .",negative
"In 2009 , Stora Enso 's net loss was EUR 879.7 million compared to EUR 673.4 million in the previous year .",negative
"In January-June 2010 , diluted loss per share stood at EUR0 .3 versus EUR0 .1 in the first half of 2009 .",negative
"In October , UPM reported a third-quarter net loss of euro86 million $ 110 million compared with a net profit of euro120 million in 2007 .",negative
Operating loss amounted to EUR 0.7 mn compared to a profit of EUR 0.8 mn in the second quarter of 2005 .,negative
"Operating loss before non-recurring items was EUR 0.9 mn , compared to a profit of EUR 11.5 mn in 2008 .",negative
"Operating profit margin was 8.3 % , compared to 11.8 % a year earlier .",negative
Operating profit was EUR 1.6 mn in 2005 compared to EUR 5.9 mn in 2004 .,negative
"Operating result showed a loss of EUR 2.9 mn , while a year before , it showed a profit of EUR 0.6 mn .",negative
Performance in 2006 was impacted by the consolidation trend in the telecom sector and the overall and structural changes in the contract manufacturing market in telecommunications technology and industrial electronics .,negative
"Salcomp Oyj , the Finnish maker of mobile phone chargers , Monday posted a EUR1 .49 million loss in the second quarter compared with a 1.70 million profit in the same period the previous year .",negative
Scanfil has also issued a profit warning .,negative
Scanfil issued a profit warning on 10 April 2006 .,negative
"The operating loss amounted to EUR 0.8 mn , compared to a profit of EUR 3.9 mn a year earlier .",negative
"The period-end cash and cash equivalents totaled EUR6 .5 m , compared to EUR10 .5 m in the previous year .",negative
"The poorest index figure was given to Finnish power company Fortum , 4.5 .",negative
The real estate company posted a net loss of +ó  x201a -¼ 59.3 million +ó  x201a -¼ 0.21 per share compared with a net profit of +ó  x201a -¼ 31 million +ó  x201a -¼ 0.11 per share for the corresponding quarter of 2007 .,negative
"The tightened competition situation in the production automation market has affected net sales during 2006 , Cencorp said .",negative
"TietoEnator was down 1.13 pct to 18.38 , extending recent lows after last week 's second-quarter report , dealers said .",negative
Operating profit excluding restructuring costs grew to EUR 44.5 million from EUR 31.7 million while operating profit including restructuring costs showed even larger growth to EUR 38.5 million from EUR 7.4 million .,positive
"Having a China based operation will not only enable us to fully leverage our resources and expertise in wireless solutions , but also strengthen our capability to offer industry-leading products for our customers in China . ''",positive
"Cost cutting measures , which have produced around EUR70m of savings over the past nine months , have dampened the airline 's loss , Finnair said .",positive
The groups 's turnover for the full fiscal year is expected to show a slight increase from the previous fiscal year .,positive
The talks are aimed at restructuring operations and cutting costs .,positive
"`` This transaction supports Huhtamaki 's strategic review of rigid plastic consumer goods operations '' , says Huhtam+ñki Oyj 's CEO Jukka Moisio .",neutral
"Consolidated operating profit excluding one-off items was EUR 30.6 mn , up from EUR 29.6 mn a year earlier .",positive
EBIT excluding non-recurring items was estimated to increase from 2009 .,positive
"In February 2011 , new wording of Identity Documents Act that makes Mobile ID a state-approved electronic document as of February 1st 2011 entered into force .",neutral
Lean System supports change management and component purchasing extremely well .,positive
Operating profit excluding non-recurring items increased by 27 % to EUR 81.9 mn from EUR 64.4 mn in the corresponding period in 2008 .,positive
The planned ethanol and energy production plant can operate in correlation with a waste treatment unit or a paper mill .,neutral
This transaction will also rationalize our pulp and paper industry related solutions .,positive
Cash flow from business operations totalled EUR 0.4 mn compared to a negative EUR 15.5 mn in the first half of 2008 .,positive
"Cash flow from operations totalled EUR 2.71 mn , compared to a negative EUR 0.83 mn in the corresponding period in 2008 .",positive
"Cash flow from operations totalled EUR 7.4 mn , compared to a negative EUR 68.6 mn in the second quarter of 2008 .",positive
"EBIT excluding non-recurring items , totalled EUR 67.8 mn , up from EUR 38.1 mn .",positive
"Finnish energy company Fortum Oyj said on November 13 , 2007 it was granted an environmental permit to build a biofuel-fired combined heat and power CHP plant in Vartan harbor in eastern Stockholm .",positive
"Following the transaction , Lundbeck has worldwide rights for nalmefene , excluding North America , Mexico , Turkey and South-Korea .",positive
Nokia was up 0.12 pct to 16.70 eur after kicking off the morning in negative territory .,positive
"Return on investment was 5.0 % , compared to a negative 4.1 % in 2009 .",positive
The District Court of Helsinki dismissed all charges as the court of first instance in 2005 .,positive
"Thus the method will cut working costs , and will fasten the planning and building processes .",positive
"By cutting the number of plants , the group will trim fixed costs .",positive
Results are expected late in 2006 .,neutral
"The copying , republication or redistribution of AFX News Content , including by framing or similar means , is expressly prohibited without the prior written consent of AFX News .",neutral
"The company reported a profit of 800,000 euro ($ 1.2 mln)on the sale of its Varesvuo Partners sub-group and a loss of 400,000 euro $ 623,000 caused by the sale of its program production subsidiary Oy Filmiteollisuus Fine Ab .",neutral
"So far Norwegian Norske Skog has reduced the staff levels by 1,000 people and plans to reduce production by 200,000 tons in 2008 , while Finnish-Swedish Stora Enso is to cut staff by 1,700 people and production by 500,000 tons .",negative
The extracted filtrates are very high in clarity while the dried filter cakes meet required transport moisture limits (TMLs)for their ore grades .,neutral
25 March 2011 - Finnish electronics contract manufacturer Scanfil Oyj HEL : SCF1V said today its plan to merge wholly owned Scanfil EMS Group with Ojala-Yhtyma Oy has hit a snag as shareholders of the domestic rival rejected the deal .,negative
"As part of its new strategy , Finnish Biohit is planning to incorporate its diagnostics business into a separate limited company .",neutral
Finnish Benefon denies claims made in the press that the company is giving up its mobile handset business .,neutral
"After the split , the number of K shares will be 9 540 000 and the number of A shares 26 885 540 .",neutral
All reproduction for further distribution is prohibited .,neutral
As a consequence the Works Council had withdrawn its petition to suspend the reorganisation .,neutral
During the negotiations a reduction of 21 persons has taken place through natural redundancy or termination of fixed-term contracts .,neutral
Elisa CEO Sami Seppanen said EMT 's slogan `` Best coverage across Estonia '' clearly gives misleading information to consumers .,negative
"Established in 1987 , the SRV Group is a private Finnish construction concern with operations in Finland , the Baltic countries and Russia .",neutral
"In this case , the effect would be negative in Finland .",negative
"Initial estimated total value of the contract was 250 000 Euros , excluding VAT .",neutral
"It would be premature to talk about dates , volume and the investment procedure , '' he said .",neutral
"Mr Clausen , however , refused to comment the option that Nordea would consider buying into Citadele Bank .",neutral
Nokia and Capcom announced that Resident Evil Degeneration will be released on N-Gage later this year .,neutral
Nokia will certainly disagree with Qualcomm 's views on the patent situation .,negative
Olli-Pekka Kallasvuo was elected as vice chairman of the Board .,neutral
Olli-Pekka Laine has been appointed as the Chairman and Erkki Pehu-Lehtonen as the Vice Chairman of the Board .,neutral
"Outokumpu 's steel mill in Tornio , in Finland , is the suspected source .",negative
Possible personnel reductions concern approximately 104 people .,negative
Risk exposure by Non-life Insurance  Moving 12-month  Expenses by function in Non-life Insurance excluding expenses for investment management and expenses for other services rendered Non-life Insurance investment portfolio by allocation,neutral
"Secure your files online Like filling out a tax return , making a backup is boring .",neutral
"That 's what I go to bed worrying about every night , ' he said .",negative
"The challenge for the company , however , is finding new sources of raw material , said Risto Rinne , CEO of Neste Oil .",neutral
The company initially estimated that it would cut up to 30 jobs .,negative
"The company will try to adapt the operations through temporary lay-offs of different duration , working hour arrangements , training and development efforts .",neutral
"The effect may remain short-lived , however .",neutral
The iPad application joins the iPhone app as part of Monster 's range of mobile applications for job hunting .,neutral
The issue came up in connection with discussion with local municipalities concerning the sale of water to industrial facilities .,neutral
The number of bodily injury cases quadrupled in 2000-2006 .,negative
"The purchase price will be paid in cash upon the closure of the transaction , scheduled for April 1 , 2009 .",neutral
"The size of the extension , 18.5 % of which already has been let , will have a gross area of about 2,830 sq m 30,460 sq ft .",neutral
The Symbian Foundation plans to revise its procedures for testing and signing software after digitally signing a trojan for its Symbian mobile phone operating system by mistake .,neutral
The terms and conditions of the Stock Option Scheme 2008 are available on the Company 's internet pages www.sanoma.com .,neutral
"The third applicant , Fortum , was dropped .",neutral
"Tieto 's service is also used to send , process and receive materials related to absentee voting .",neutral
"Trading code : ELI1V Number of shares : 99,483 Price-share : Gratuitous After the transfer , Elisa holds a total of 10,435,023 own shares .",neutral
"`` My wife is looking forward to getting a paycheck again , '' he quipped recently as a six-knot current swirled around his anchored and heavily sponsored jet sled .",neutral
"`` That 's a very high figure on the European scale , '' Noop said , recalling however that this also includes beer bought by Finnish tourists .",neutral
"`` Tweeple should check who 's following them , and be cautious when clicking on URLs and tinyurls . ''",neutral
`` We have the most expensive water brand in Finland at the moment . '',neutral
15 September 2010 - Finnish electrical components maker Salcomp Oyj ( HEL : SAL1V ) announced today the launch of its latest Twist charger platform .,neutral
"A total of 1,800,000 stock options were issued in the 2003 stock option scheme .",neutral
"A worm set to activate Friday will corrupt documents using the most common file types , including '' .",neutral
"According to Swedish authorities , traces of the very toxic osmium tetroxide have been found on the coast of Per+ñmeri , the Northernmost part of the Gulf of Bothnia .",negative
Finnish airline Finnair is starting the temporary layoffs of cabin crews in February 2010 .,negative
Finnish energy company Fortum has set itself new stricter target limits for short-term carbon dioxide emissions from its heat and electricity production .,neutral
"Finnish Food Workers ' Union SEL plans to hasten its collective bargaining with a two-day strike that would begin on 7 April 2010 , in Finland .",negative
Finnish Honkarakenne that specialises in the building of log houses is planning to use pine from Russian Karelia .,neutral
"Finnish Konecranes is again trying to acquire Italian Fantuzzi , a manufacturer of gantry cranes and reach stackers .",neutral
Finnish M-real 's Kyro mill is starting negotiations to cut staff .,negative
Finnish Nordic Aluminium is starting employer-employee negotiations in Finland that concern all staff groups .,neutral
Finnish publishing and printing group Ilkka-Yhtym+ñ will introduced a staff smoking ban as of the beginning of 2007 at the company 's three newspapers .,neutral
Finnish Stockmann Group 's mail order unit Hobby Hall has launched a trial marketing campaign in Russia .,neutral
"Finnish Suominen Flexible Packaging is cutting 48 jobs in its unit in Tampere and two in Nastola , in Finland .",negative
"In Finland , media group Talentum will start personnel negotiations to cut staff in parent company Talentum and publishing unit Talentum media .",negative
"According to Laavainen , Raisio 's food marketing used to be reactive and inconsistent .",negative
"According to the prosecutor , the share transactions were carried out after HK Ruokatalo had proceeded in the negotiations concerning the acquisition of Swedish Meats .",neutral
"According to Tiimari , consumers are advised to cut away the rabbits bow tie that contains the formadehyde and dispose of it .",neutral
All other charges were dismissed .,neutral
"Alpina Sports is a Lebanon , New Hampshire USA based distributor of e.g. Alpina ski shoes and skis , Exel ski poles , Start ski waxes and now also Peltonen cross-country skis .",neutral
Among the biggest Christmas sellers were a  35 satin bow shift dress styled on outfits worn by Victoria Beckham and a  75 Paris Hilton Prom dress .,neutral
"Among the Scandinavian companies present in St. Petersburg , is also named the Swedish concern NCC , which implements projects in the field of asphalt production , road and housing construction ( project Swedish Krona ) .",neutral
An international conference call and audio webcast concerning the financial result January-March 2010 will begin at 14.00 EET .,neutral
Another problem is cola-flavoured long drinks .,neutral
Antniemi refuted a report by the Finnish daily Turun Sanomat as if the company was reorganizing its operations in the Baltic countries .,neutral
"Antti Orkola , president of Kemira GrowHow 's Industrial Solutions unit , told Thomson Financial News the company has put off opening the mine as prices of phosphate have been ` quite depressed for a long time ' . '",negative
Applying for summer work is seen as laborious and stressful .,negative
ArcelorMittal Chief Executive Officer Lakshmi Mittal has already cut output at some furnaces .,negative
"As a part of the plan , the Board of Directors decided to transfer a maximum of 330,000 shares held by the company in a share issue against payment directed to Aspo Management Oy , a holding company acquired by the management .",neutral
"As a result , 12 people will be made redundant and a total of 67 persons are laid off temporarily .",negative
"As a result , it has started negotiations with the banks on provisional amendments concerning the covenants and other credit terms .",neutral
As a result of these negotiations the company has decided to make 45 people redundant on financial and production grounds .,negative
"As production of other products will continue normally , temporary lay-offs concern simultaneously at most 80 employees .",negative
Atria said its offer would give the Swedish company continued ownership and control of its slaughtering and cutting operations .,neutral
"Aug. 17 , 2010 ( Curbed delivered by Newstex ) -- And now , the latest from Racked , covering shopping and retail from the sidewalks up .",neutral
Bertrand Sciard has been the vice chairman of the board of directors of Aldata Solution since April 2007 .,neutral
Bovine slaughtering and cutting at the Kuopio facility will be transferred to the Kauhajoki slaughterhouse .,neutral
Chief executive officer Olli-Pekka Kallasvuo 's changes on Tuesday mark the third time in nine months the company has reshuffled executives and operations as Nokia loses ground to Apple 's iPhone and RIM 's BlackBerry .,negative
"Cuts equivalent to the costs of about 35-45 employees are the target , the company said .",negative
EB announced in its stock exchange release on November 18th 2008 that J.T. Bergqvist has resigned from the chairmanship and membership of the Board of EB .,negative
"Finland-based international machinery rental company Ramirent Plc ( OMX Helsinki : RMR1V ) said on Friday ( 9 May ) that its president and CEO , Kari Kallio , has informed the board of his intention to retire in year 2009 .",neutral
Finnish electrical components maker Salcomp Oyj ( HEL : SAL1V ) announced today the launch of its latest Twist charger platform .,neutral
"Finnish soapstone processing and fireplaces maker Tulikivi Oyj said on February 26 , 2007 it would cut less than 20 jobs from its fireplace sales organization , production facilities and its subsidiary Kermansavi Oy .",negative
"Finnish Suominen Flexible Packaging Ltd , owned by local textile company Suominen Corporation Group ( HEL : SUY1V ) , said today that it would start employee negotiations concerning its entire personnel in Finland .",negative
"Finnish Vaahto Group that provides paper-making technology and process machinery is starting negotiations concerning the temporary lay-offs of all 140 employees at the company 's plants in Hollola and Tampere , in Finland .",negative
"Fortum is looking to invest in several new production units , including a new waste-fired unit at its Brista combined heat and power ( CHP ) plant and a biofuels-based production unit at Vartan CHP plant .",neutral
GET MIDNIGHTTRADER IN REALTIME : This report is delayed .,neutral
Global life science industry is strictly regulated by international and national authorities .,neutral
He said he has been losing five families a month to the economy as many make alternative arrangements to save money .,negative
His resignation will take effect immediately .,neutral
"Huhtamaki 's rigid plastic consumer goods operations , which are mainly in Europe , will be separated into a new reporting segment as of 1 January 2009 .",neutral
"In addition , the production at the Varpaisj+â rvi factory will be stopped at the beginning of April 2009 .",negative
In addition the production personnel of the Sport Division have been given a temporary lay-off warning .,negative
"In December , Amer announced the dismissal of CEO Roger Talermo , who had headed the company since 2006 .",neutral
"In Europe , the paper industry 's situation is paradoxical .",neutral
"In parallel , TeliaSonera has decided to conduct a compulsory acquisition .",neutral
"In Sweden , there is an oversupply of pharmacies .",negative
Incap Furniture is presently negotiating staff cuts .,negative
"Initially , the company said a maximum of 15 people would be made redundant in the parent company and about 15 in its subsidiaries .",negative
It is a disappointment to see the plan folded .,negative
It is the most awkward thing to use if you 're holding the phone with one hand .,negative
"Jul. 18 -- Police are looking for a man who they say terrorized three males at gunpoint on East Maple Avenue this afternoon , shooting one of them and kidnapping another .",negative
"Jussi Pesonen , member of the Sampo Board since 2006 , will renounce his seat in Sampo Board .",neutral
Kesko has previously published a stock exchange release concerning the deal on 7 February 2007 .,neutral
Korhonen was dismissed from her post of editor in chief of the group 's newspaper Lapin Kansa in December 2008 .,negative
"Last year , UPM cut production , closed mills in Finland and slashed 700 jobs .",negative
Less than ten people will face pension agreements .,neutral
"( ADP News ) - Jan 27 , 2009 - Finnish industrial machinery company Vaahto Group Ltd Oyj ( HEL : WAT1S ) said today that its subsidiary Vaahto Ltd would cut 15 jobs in Finland .",negative
"( ADPnews ) - Dec 1 , 2009 - Finnish cutlery and hand tools maker Fiskars Oyj Abp ( HEL : FISAS ) said today that it will make redundant a total of 18 office and management staff members of its subsidiary Iittala Group Ltd. .",negative
"( ADPnews ) - Dec 30 , 2009 - Finnish investment group Neomarkka Oyj ( HEL : NEMBV ) said today that it will furlough employee in its unit Reka Cables Ltd for less than 90 days , starting in January 2010 .",neutral
Managing Director Timo Kohtam+ñki of Lemmink+ñinen Infra nevertheless points out the continued need for infrastructure construction in the Baltic markets .,neutral
"More than 14,000 customers were left powerless .",negative
Mr. Kari Stadigh will carry on as Chairman of the Board and Mr. Matti Arteva as Vice-Chairman .,neutral
M-real will start statutory employer-employee negotiations at the +ä+ñnekoski board mill that concern about 130 people .,neutral
"Neste Oil s refineries have a combined crude oil refining capacity of approximately 260,000 barrels a day .",neutral
"New Chairman of the Board of Directors , Mr Chaim Katzman , will give a presentation and answer questions .",neutral
Nokia has inaugurated its manufacturing plant near Chennai on 11 Mar 2006 .,neutral
Nokia is requesting that the companies stop making and selling the mobile phones and pay monetary damages and costs .,neutral
"On 20 March 2006 , Stora Enso refused to comment the news in any way .",neutral
Panostaja Oyj 's Board also decided at its organisational meeting held upon completion of the AGM to implement the AGM decision concerning Board member fees paid as shares in such a way that shares are transferred on a quarterly basis on the date following publication of the quarterly-annual report .,neutral
Rapala Fishing Frenzy 2009 .,neutral
Residents access to the block is planned to be from Aleksandri Street .,neutral
"Russian Media Ventures ' minority shareholder Peter Hervy denied the plans to sell OVA Press , the daily said .",neutral
"Russian officials inspected the damage and gave the vessel permission to continue to Tallinn at around 4.30 a.m. The Norwegian-registered M-T Sten Nordic was carrying 11,000 tons of gas oil and was manned by a Filipino crew .",neutral
Sanoma announced the Stock Option Scheme 2008 on 19 December 2008 .,neutral
Scanfil will execute the temporary lay-offs by mid-October 2009 and the job cuts by March 2010 .,negative
"shock phase ' , consumers have once again started to plan and implement building projects .",neutral
Short-term licenses for the games cost as little as $ 3 while purchasing a game outright can cost as much as $ 10 or $ 15 .,neutral
"So Mr. Galvan made savings adjustments of his own , buying less liquor and watching portion sizes .",neutral
"Some 250 people , of whom more than 200 are workers , will be retiring from the Raahe Works between 2008 and 2011 .",neutral
SWOT analysis is just one method of categorization and has its own weaknesses .,neutral
The adjustments concern staff in both the Specialty Papers and the Fiber Composites segments .,neutral
The appointments will be in force until the new CEO has been appointed .,neutral
"The authorisation is in force until the end of the next Annual General Meeting and repeals the authorisation to acquire own shares given by the General Meeting held on April 4 , 2007 .",neutral
The authorization is in force for a period of 18 months from the resolution by the General Meeting .,neutral
"The business had gross written premiums of EUR152 .4 m (  91.5 m ) in 2000 , a net combined ratio of 133 % and 175 staff in total with offices in the UK , Germany and Benelux .",neutral
"The chilled meat products category led the meat , fish and poultry market in Finland , accounting for a share of 31.4 % .",neutral
"The company can be split into two parts over the coming months , with Essent owning and operating production and supply , and Enexis owning and operating the grid .",neutral
"The company has a continuous need for alloys such as nickel , ferro-chrome , molybdenum and manganese in its production , said Talvivaara .",neutral
The company is reportedly searching for a replacement for CEO Olli-Pekka Kallasvuo .,neutral
"The company plans to close two of the three lines at the plant , where some 450 jobs are under threat .",negative
"The contract also includes cutting and edging wagon parts at Ruukki 's steel service centres in Seinajoki and Raahe , both in southwestern Finland , from where they will be delivered to VR for welding and assembly .",neutral
"The copying , republication or redistribution of AFX News Content , inculding by framing or similar means , is expressly prohibited without the prior written consent of AFX News .",neutral
"The cosmetics collection includes an eye shadow , face powder , lip gloss , mascara and accessories .",neutral
"The E7 smartphone will be available for Rs35 ,000 per handset across India , '' Nokia India vice-president & managing director D Shivakumar told reporters .",neutral
"The employer-employee talks concerned about 500 people , that is , the whole staff in Finland .",neutral
The exercise originated in Finland in the early 1930s as a training method for cross-country skiers .,neutral
"The first phase of the logistics complex envisages the completion of some 70,000 sq m of logistics premises and the gatehouse building in November 2008 .",neutral
"The gross area of eight houses will be 12,167 m2 .",neutral
"The gross area of the Innova 2 project will be about 10,000 sq m ( 107,600 sq ft ) .",neutral
The incident happened at 2:30 p.m. on Avenue 192 at Road 196 .,neutral
"The interim report for the first quarter is published on May 8 , 2009 .",neutral
"The largest restructuring is planned for Italy , where negotiations on about 40 job cuts are to be initiated today , the company noted .",negative
The layoff talks were first announced in August .,neutral
The machines will cease production by the end of February 2007 .,neutral
The measures result from weak demand in the shipbuilding industry .,negative
"The mill 's raw material need will increase by 100,000 m3 of wood .",neutral
"The negotiations concern personnel of Cencorp Corporation and Singulase Oy as whole in Finland and in Sweden , the company said .",neutral
The negotiations will concern the plant 's department producing winded roving that employs 10 people .,neutral
"The new apartment block is going up very close to the city center , explained Chairman of the Board of AS YIT Ehitus Priit Sauk .",neutral
"The plant will be fired with a combination of spruce bark , chipped logging residues or milled peat .",neutral
The production is to be liquidated before June 2009 and 325 employees loose their jobs .,negative
"The project will be a 2 x 600 MW coal-fired power plant , located some 420 km south of Hanoi , the company said .",neutral
"The prosecutor is also demanding Outokumpu pay a fine of EUR 800,000 at most .",negative
"The pulp production in Finnish Kemij+ñrvi will also be liquidated and about 1,100 employees loose their jobs .",negative
"The redesigned crushing circuit has been in operation since the start of September and its overall production rate on a weekly basis is in excess of an average of 40,000 tonnes a day .",neutral
The resignation will be in effect immediately .,neutral
"The scheme for TeliaSonera and Altimo is practically identical , except that it involves the merger of their stakes in VimpelCom and Kyivstar .",neutral
The share subscription period for C options will commence on 1 September 2008 and expire on 31 March 2011 .,neutral
The share subscription period will expire on 30 September 2007 .,neutral
The subscription period of Amer Sports ' 2002 warrant scheme will end on 31 December 2007 .,neutral
The terms and conditions of Stock Option Scheme 2004 are available on the Group 's website .,neutral
The transaction included also the transfer of the lease agreement concerning manufacturing premises and employment agreements related to these operations .,neutral
"The utility will also provide services related to electricity management , such as hedging trades and risk management and reporting .",neutral
They are also upset that some of the machinery and work is taken over to Poland .,negative
They will cover all Forest Industry 's units and employees in Finland and concern temporary and permanent lay-offs .,negative
This is bad news for the barbeque season .,negative
This is due to the postponement of the decision-making of projects in the negotiation phase from the earlier estimation .,neutral
"Tornio Works employs 2,300 of whom more than 1,800 have been in the scope of the fixed-period or part-time temporary layoffs in April-October period .",negative
"We are adjusting to the present situation by cutting our capacity and costs without , however , jeopardising our Asia strategy over the longer term .",neutral
"When cruising , the revs fall as less engine output is required .",neutral
"When the web user clicks on the link contained in the mail , he finds himself on a bogus site that imitates that of his bank , and which retrieves his personal banking data .",negative
Viking Line has canceled some services .,negative
"Z. Bavelloni 's long-standing MD , Dino Bavelloni , has retired at the end of 2005 .",neutral
"`` I 'm trying to deal with slavery from a different perspective to balance the story , '' says DeRamus , formerly a writer at the Detroit Free Press and the Detroit News .",neutral
"`` Neste Oil has responded to the challenge posed by the European Union 's target of biofuels accounting for 5.8 % of traffic fuel usage in the EU by 2010 by developing its NExBTL technology for producing diesel fuel from renewables , '' the federation said .",positive
"`` Soon after , the collisions started . ''",neutral
"`` The biggest challenge was to make the piece look raw , '' Hansen said .",neutral
`` The rest of this week 's tapings of Jimmy Kimmel Live have been canceled until he is back on his feet .,neutral
"`` There 's the issue of thieves stealing them from building sites , '' said Mr Smith .",negative
"`` We have a license agreement with Nokia Corp. which in part expires on April 9 , 2007 .",neutral
30 November 2009 - Finnish office furniture maker Martela Oyj HEL : MARAS said today that it will make redundant three people and other nine will be laid off permanently from the company 's office staff and factory workers .,negative
4 January 2011 - Finnish media company Alma Media Corporation HEL : ALN1V said today its online recruitment service Monster Oy will partner with local newspaper publisher Suomen Lehtiyhtyma in listing job advertisements .,neutral
A 2001 agreement expired earlier this month .,neutral
"A few months ago , Teva vice chairman Phillip Frost and Marathon Venture Capital Fund TASE : MARA sold Protalix shares .",neutral
"After Chuck Smith was laid off on May 30 from his $ 90,000 housing consultant job , he and his wife had to cut spending in half for their family of six , having to rely on his wife 's income -- about the same as his -- alone .",negative
"After the split , the company would have 26,885,540 Series A shares and 9,540,000 Series K shares .",neutral
"After the transaction , Herttaassa 's holding in Alma Media has fallen below the flagging limit of 5 % .",neutral
And Ogden reportedly will shell out $ 4.2 million .,neutral
"At 3:37 p.m. Eastern time , a block of 2,400 contracts changed hands at a bid price of $ 0.45 .",neutral
"Belarus OAO Lidskoe Pivo brewery , based in the Grodno Region , reported a 1.1 % decrease in output to 1.045 million decaliters in January-March 2010 , a representative in the administration of the company told .",negative
"Boomeranger Boats Oy specialises in boat building and designs , manufactures and sells customised Rigid Inflatable Boats RIB primarily for the Baltic Sea market .",neutral
"Cramo 's manager Jarmo Laasanen said hiring of equipment and machinery in Lithuania differs from the other Baltic countries in that in Lithuania still many public structures such as roads , bridges , airports and shops are being built .",neutral
Currently the quarterly applied surcharges differ significantly from the actual market prices .,neutral
Filmiteollisuus Fine Ab will be transferred to Talentum Oyj in the form of a subsidiary .,neutral
Finnish bank Alandsbanken said Monday it will buy the Swedish operations of Iceland 's troubled Kaupthing Bank for 414 million kronor $ 49.5 million in cash .,neutral
Fortum also has a blocking stake in Northwestern TGK-1 .,neutral
"He found him again , however , after the driver was involved in a two-car accident .",neutral
"HELSINKI AFX - Salcomp , the mobile phone charger manufacturer , said it has appointed Markku Hangasjarvi as its new CEO , following the resignation of Mats Eriksson .",neutral
"HK Ruokatalo produces many turkey products , such as cold cuts .",neutral
"However , the brokers ' ratings on the stock differ .",neutral
"However , the suspect stole his burgundy Nissan Altima .",negative
"In a media advisory , the NTSB said that after subsequent testing , `` the train detection system intermittently failed . ''",negative
"In Finland , snow storms brought trees down on power lines , cutting off electricity for some 2,000 households .",negative
"In the spring 2006 , a total of 386,530 Stock Options 2002 B were annulled .",neutral
"Information system supplier Sentera -- up 24.51 pct -- was the next most heavily traded share after SysOpen Digia , a software house , acquired 77.4 pct of the company this morning for just under 33 mln eur .",neutral
It 's very difficult to become a Google Analytics channel partner .,neutral
"Juhani J+ñrvi , Corporate Executive Vice President of Kesko , says the Russian food retail sector is fragmented .",neutral
Layoffs will also take place at the Suomussalmi and Kuhmo plants this autumn as a result of codetermination negotiations held there .,negative
Metso estimates the need for personnel reductions to amount to 25 people .,negative
Most of the layoffs will be in Finland .,negative
"Most of the permanent layoffs will be in the plywood and sawn timber sectors of the Finnish company 's operations at several domestic mills , where earlier this year it temporarily laid off some 1,200 workers to save costs .",negative
"Motorola , the world 's second-largest maker of cell phones , unveiled the new phone Tuesday in a bid to resurrect its ailing handset business .",neutral
Mursula said they tried to gather macro-economic perspective to see how Malaysia was doing .,neutral
Niklas Skogster has been employed by the ABB Group in various positions concerning the development of operations .,neutral
"Paper companies were in negative territories , with Stora Enso R shedding 1.62 pct to 12.73 eur , UPM-Kymmene down 0.80 pct at 18.64 eur and M-real B 0.18 pct lower at 5.57 eur .",negative
Rautaruukki aims to find work from the group 's other locations for those who have been made redundant .,neutral
Temporary layoffs in these units have already started .,neutral
The beers differ slightly from mainstream beers .,neutral
"The company operates a U.S. division in Lisle , Ill. .",neutral
The company says it is difficult to estimate the market situation for the whole year 2009 .,neutral
"The contract also includes cutting and edging wagon parts at Ruukki 's steel service centres in Seinajoki and Raahe , from where they will be delivered to VR for welding and assembly .",neutral
The current reference grade instruments are challenging to operate due to their high price and complexity for routine use .,negative
"The deal covers Stockmann Auto Oy Ab 's sales and after-sales services concerning Volkswagen and Audi in Helsinki , Espoo and Vantaa .",neutral
The difference can be explained by the fact that two shipping companies have stopped operating in the Gulf of Finland .,neutral
"The dollar fell , though , against the pound and the yen .",negative
The dual-fuel engines of the vessel can operate on liquefied natural gas LNG with low emissions .,neutral
The emerging markets that Raisio has chosen to enter so far are marked by relatively low per capita food consumption .,neutral
"The employer , together with health personnel , supports quitting and pays part of the cost of nicotine treatments .",neutral
"The equipment is designated to Bollore Africa Logistics terminal Societe d'Exploitation du Terminal de Vridi SETV in Abidjan , Ivory Coast and the delivery is scheduled to start in March 2010 .",neutral
"The evidentiary hearing in the Investigation is scheduled for April 21 - May 1 , 2008 .",neutral
"The Finnish food concern Atria is about to acquire two Estonian meat processing companies , Woro Kommerts and Vastse-Kuuste Lihatoostus , reported the Official website www.investinestonia.com .",neutral
"The floor area of the Yliopistonrinne project will be 7,900 sq m and the building 's gross area will total 12,800 sq m. A total 25.1 % of the facilities have been let .",neutral
"The floor area of the Yliopistonrinne project will be 7,900 sq m 85,030 sq ft and the building 's gross area will total 12,800 sq m. A total 25.1 % of the facilities have been let .",neutral
The measures result from the statutory joint negotiations with employees which started in February and concerned all operations in the country .,neutral
"The NTSB said investigators are set to conduct sight distance tests on July 18 , using trains similar to those involved in the accident .",neutral
The number of salaried employees and group administration employees to be dismissed from the Sievi units is 17 .,negative
"The pine oil project is related to the upgrade of the chemical recovery plant of UPM at its pulp mill in Kymi , southern Finland .",neutral
"The product range includes marinated olives , cold cuts , and pates , for example .",neutral
The statutory negotiations at headquarters are part of this decrease .,neutral
"The talks concerned about 160 people in Finland and the initial estimate was for about 35 redundancies , Fiskars said .",neutral
The terms and conditions of the year 2003 stock option scheme were published in a stock exchange release on 31 March 2003 .,neutral
The total number of filling stations has been on the decrease recently .,negative
These restrictions do not apply to statutory dividends .,neutral
"This action follows personnel negotiations concerning Elcoteq SE , Finnish Branch , Elcoteq Finland Oy and Elcoteq Design Center Oy .",neutral
"Unbelievably , the company that makes them - Fiskars Corporation - was formed in 1649 when a Dutch merchant named Peter Thorwoste was given a charter to establish a blast furnace and forging operation in the small Finnish village of Fiskars .",neutral
"We have also cut our price projections for paper and packaging , '' an analyst with Goldman Sachs said on a note on Monday .",negative
Why put up costly cell phone towers in thinly populated areas when a few balloons would do ?,neutral
"Viking Line has also been forced to alter its timetable so that ferries traveling from Stockholm to Helsinki , Finland , only depart at night .",neutral
Yakima created the position for him after emerging from economic downturns of its own .,neutral
"zip , '' experts warned Tuesday .",neutral
Finnish industrial group Ruukki Group has brought counter action against Finnish metal company Rautaruukki in the dispute concerning the names of the companies .,negative
"This one was at one time targeted for June 5 , but if we had to guess , it 's been pushed back -- maybe we 're crazy , but we feel like it has n't leaked enough to meet that date at this point .",neutral
Border Guard Service has banned the mooring of the company car-shipping ferry on its test travel at the railroad-car terminal of the Russian port as the border checkpoint is not yet ready .,negative
`` Those uncertainties cloud the long-term outlook . '',negative
"20 October 2010 - Finnish environmental management company Lassila & Tikanoja Oyj HEL : LAT1V , or L&T , said Monday it expects its operating profit , excluding non-recurring items , for the whole 2010 to be slightly lower than in 2009 .",negative
"According to Finnish petrol station chain St1 's managing director Kim Wiio , the company was forced to make purchases with rising prices in the first half of 2008 , and now consumer prices are going down almost daily due to competition .",negative
"According to the Latvian business register , Uponor Latvia closed in red with LVL 99,000 EUR 139,538.17 USD 194,556.48 on turnover of LVL 2.346 mn for 2009 .",negative
"Dolce & Gabbana has asked the European Union to declare Marimekko Corporation 's `` Unikko '' floral pattern trademark invalid , in a continuing dispute between the two companies .",negative
Finnair said that the cancellation of flights would cause daily losses of  x20ac 2.5 million US$ 3 million .,negative
"Food sales totalled EUR 323.5 mn in October 2009 , representing a decrease of 5.5 % from October 2008 .",negative
"ADP News - May 29 , 2009 - Bank of America BofA downgraded today its ratings on Swedish-Finnish paper maker Stora Enso Oyj HEL : STERV and on Finnish sector player UPM-Kymmene Oyj HEL : UPM1V to `` underperf",negative
Operating profit excluding non-recurring items totaled EUR 5.4 mn compared to EUR 5.5 mn in the corresponding period in 2007 .,negative
"Raute reported a loss per share of EUR0 .86 for the first half of 2009 , against EPS of EUR0 .74 in the corresponding period of 2008 .",negative
The air traffic of Finland has been in stoppage since then .,negative
The hack had been extra nefarious because the tweets activated without being clicked on - it was enough for Web surfers to move their mouse cursors over them .,negative
The move was triggered by weak demand for forestry equipment and the uncertain market situation .,negative
The situation of coated magazine printing paper will continue to be weak .,negative
A high court in Finland has fined seven local asphalt companies more than   lion ( $ 117 million ) for operating a cartel .,negative
"The Estonian electronic components factory , Elcoteq , is running out of material because of the closure of air traffic .",negative
"All the ferries had run into trouble just outside the Stockholm archipelago , made up of more than 20,000 islands .",negative
And U.S. energy executives say high steel prices are threatening energy exploration .,negative
"As capacity was cut with 1.4 % , the passenger load factor was down 7.8 percentage points .",negative
"At present , the trade mark Pit-Produkt is little-known outside the North-West of Russia .",negative
"Copper , lead and nickel also dropped ... HBOS ( HBOS ) plummeted 20 % to 70.3 pence after saying this year+ó ??",negative
"Divisional sales demand in the half remained `` inconsistent '' , it added .",negative
"During the strike , Finnair estimates to incur a net loss of between EUR2m and EUR2 .5 m per day .",negative
Earnings per share ( EPS ) dropped to EUR 0.21 from EUR 0.31 .,negative
EMSA Deputy Chairman of the Board Juri Lember told BNS on Wednesday that this was the first time he heard about the strike as the Swedish side had not informed the Estonian union yet .,negative
"Finnair 's passenger load factor , which measures the number of sold seats as a share of all available seats , dropped by 1.3 percentage points to 76.7 % in September .",negative
"Frost sold shares for $ 19 million at $ 6.06-7 .12 per share , compared with Friday 's high of $ 11.33 and low of $ 10.14 .",negative
Full-year operating result for 2008 was 3.6 million negative .,negative
Glaston 's net profit for the third quarter of 2007 dropped to 2.4 mln euro ( $ 3.5 mln ) from 3.5 mln euro ( $ 5.1 mln ) for the corresponding period of 2006 .,negative
"In Q1 of 2009 , the company 's result before taxes from continuing operations , excluding non-recurring items , totalled EUR -0.4 mn , compared to EUR -0.1 mn in the corresponding period in 2008 .",negative
Kone said in court papers that the union action delayed repairs to elevators at the federal courthouse on Jan. 21 and the Saltonstall state office building on Jan. 23 .,negative
L&T 's net profit for the whole 2010 dropped to EUR 36 million from EUR 45 million for 2009 .,negative
"Lassila & Tikanoja 's operating profit excluding non-recurring and imputed items for the second quarter was EUR11 .3 m , down from EUR13 .8 m a year ago .",negative
Last year 's third quarter result had been burdened by costs stemming from restructuring in the US .,negative
"Many of the commercial vessels had got stuck in the narrow Bay of Bothnia , where the ice is thicker , and around the Aaland islands .",negative
"Net cash flow from operating activities was a negative EUR 3.1 mn , compared to EUR 23.3 mn in the corresponding period in 2009 .",negative
"Net cash from operating activities was a negative EUR 0.3 mn , compared to EUR 30.9 mn in 2009 .",negative
Net sales dropped by 6 % year-on-year to EUR 11.9 million .,negative
Net sales have been eaten by the weak US dollar .,negative
"Nordic banks have already had to write off sizable loans in Latvia , with Swedbank , Nordea , DnB NOR and SEB reporting combined losses in excess of $ 1.35 billion in the period 2007 to 2010 against a backdrop of near economic meltdown in Latvia .",negative
Nordic Walking was first used as a summer training method by cross-country skiers .,neutral
Okmetic expects its net sales for the first half of 2009 to be less than in 2008 .,negative
"On top of that , the US Commerce Department published worse-than-expected construction spending figures for November .",negative
Operating loss landed at EUR39m including one-offs and at EUR27m excluding one-offs .,neutral
"Operating profit , excluding non-recurring items , totaled EUR 0.2 mn , down from EUR 0.8 mn in the corresponding period in 2006 .",negative
"Operating profit , excluding non-recurring items , totalled EUR 1.0 mn , down from EUR 1.6 mn .",negative
"Operating profit , excluding non-recurring items , totalled EUR 2.2 mn , down from EUR 2.7 mn in the corresponding period in 2008 .",negative
"Operating profit excluding non-recurring items amounted to EUR 40.6 mn , down from EUR 57.3 mn year-on-year .",negative
Operating profit excluding non-recurring items was EUR 7.8 million compared to EUR 11.2 million .,negative
Relations with the City have been further damaged by comments from Mr Ashley criticising City investors and analysts as `` cry babies '' .,negative
Reported operating margin was a negative 5.9 % .,negative
Stora Chief Executive Jouko Karvinen has described the Russian tariff hikes as a threat to the future of the forest products industry in Finland .,negative
Swedbank 's shares have been hardest hit of the Swedish banks by the ongoing international financial crisis .,negative
The acquisition of +àlandsbanken Sverige in 2009 burdened the performance with EUR 3.0 mn .,negative
"The currency effect had a 3.0 pct , or 20 mln euro ( $ 31.3 mln ) , negative impact on the revenue .",negative
The Finnish company previously said its operating result will be lower than the break-even posted a year earlier .,negative
The maritime administration said the ships had ignored warnings about the icy conditions .,negative
"The offer , deemed too low by Finnlines ' board , stands until 4 pm tomorrow .",negative
"The period 's sales dropped to EUR 30.6 million from EUR 38.3 million , according to the interim report , released today .",negative
The recent troubles simply make NETeller cheaper .,negative
The union filed a grievance over the company 's overtime assignment policies .,negative
"Therefore , the company 's 2005 result will remain weaker than that of 2004 .",negative
Vaisala 's net profit for the third quarter of 2007 dropped to 3.0 mln euro ( $ 4.3 mln ) from 6.8 mln euro ( $ 9.8 mln ) for the same period of 2006 .,negative
"`` The considerably weaker U.S. dollar and British pound had an impact on sales and average prices in euros , '' UPM said .",negative
"`` The implementation of these programs has had , and will have , negative impacts on 2006 and 2007 earnings , '' Mr Meiklejohn said .",negative
"`` We can say that the number of deals has become normalized by the moment , and therefore we have decided to devalue our apartments now on sale , '' he added .",negative
"`` We cut our frequency to New York last year , which explains the fall , '' he said .",negative
"`` We see that the market continues to be tight in magazine papers , and our target is to close the deals by the end of the year . ''",negative
A survey conducted by Taloustutkimus for Sampo Life shows that companies are badly prepared to losing key staff members .,negative
"Agricultural newspaper Maaseudun Tulevaisuus had 318,000 readers , representing a decrease of 6 % .",negative
"At 1411 CET , ArcelorMittal had lost 7.26 % to EUR 17.38 on Euronext Paris , coming at the lead of the blue-chip fallers .",negative
Cash flow from operations in January-December 2008 was a negative EUR 18.1 mn compared to EUR 39.0 mn in the corresponding period in 2007 .,negative
EPS dropped to EUR0 .2 from EUR0 .3 .,negative
"Kiosk and cinema operations have suffered , in particular .",negative
Kone shares dropped 4.1 percent to  x20ac 43 US$ 55.77 in Helsinki .,negative
Ramirent made 18 million kroons EUR 1.15 mln loss last year ; the year before the company was 7.3 million kroons in the black .,negative
Return on capital employed ROCE was a negative 2.3 % compared to 11.3 % in 2007 .,negative
Stora Enso 's target has been cut to EUR 4.85 from EUR 5.55 and Holmen 's target -- to SEK 135 from SEK 150 .,negative
The dismissed staff members will now take the matter to court unless it can be settled outside .,negative
"The EU Commission said earlier it had fined ThyssenKrupp , United Technologies Corp 's Otis , Schindler AG and Kone Oyj a total of 992.3 mln eur for alleged cartel activity in the lift market going back twelve years .",negative
"The one dark spot on the horizon , however , was the company 's performance in the Finnish bottled water market .",negative
"The period 's sales dropped to EUR30 .6 m from EUR38 .3 m , according to the interim report , released today .",negative
"YIT lodged counter claims against Neste Oil totaling some EUR25m , primarily based on work carried out under the contract and additional costs incurred due to prolongation of the project .",negative
"` The stable outlook reflects Nokia 's strong market position in the global mobile handset market , strong cash flow generation , and very conservative balance sheet , ' said Raab .",positive
"These financing arrangements will enable the company to ensure , in line with its treasury policy , that it has sufficient financial instruments at its disposal for its potential capital requirements .",positive
"According to Karhinen , OP-Pohjola is an exciting enterprise because the cooperation will bring huge opportunities for customers and the company itself .",positive
"Based upon its unique fiber expertise and innovative approach , the company has a strong market position in several business areas in which it operates .",positive
"efficiency improvement measures 20 January 2010 - Finnish stationery and gift retailer Tiimari HEL : TII1V said today that it will continue to improve its operational efficiency , by focusing on its profitable core operations .",positive
Efore 's results for the last quarter showed an even faster improvement as the company managed to better source its components .,positive
Technical indicators for the stock are bullish and S&P gives NOK a positive 4 STARS out of 5 buy ranking .,positive
"The broker highlights Cargotec as its preferred stock in the sector , as it is a pure play on global cargo and container handling , and it expects it to play an active role in further consolidating the industry .",positive
"The restructuring creates a more efficient organization with increased operational focus and stable profitability , and leads to more efficient production , said Bo Annvik , head of Specialty Stainless .",positive
"`` We 're delighted with the move '' says Morna Cowie , co-owner , above , `` it 's double the size of our current shop and has a lovely feel to it . ''",positive
Elcoteq has a proven track record in electronics manufacturing services ( EMS ) and a global factory network coupled with modern manufacturing equipment and consistent systems and processes .,positive
"Previously , the company also delivered about 70 % of the steel used in Oasis of the Seas , Allure of the Seas ' sister ship completed last year .",neutral
The main strength of the cooperation project lies in merging the know-how of two large companies .,positive
"The Dutch broker noted that Nokian Tyres reported a good first quarter in 2006 , above or in line with consensus .",positive
"The Nokian tyre proves its high safety excellently in the important driving qualities stability with mark 1.4 , handling 1.5 and braking on wet road with 1.9 .",positive
"The respondents praised Finnair 's reliability , Finnishness , and understanding of its target group .",positive
This ideally placed them in a position to tap into the potential of clean technology .,neutral
"The long-standing partnership and commitment enable both parties to develop their respective operations , and ESL Shipping will also have the opportunity to update its fleet and improve its efficiency .",positive
"Thanks to his wide contact network and good knowledge of market and business environment , he will give a great contribution to the further development of our Indian operations '' , tells Incap 's President & CEO Juhani Hanninen .",positive
A comprehensive range of cut-to-length and slitting services will allow Ruukki in particular to serve light engineering customers who relocate their production to the St. Petersburg area .,neutral
"Creating interfaces that are more similar to interactions in the real world can enable experiences that are more natural and intuitive , in the same way that modern games and movies are more immersive through the use of realistic 3-D graphics .",neutral
Fiskars will be undertaking community projects throughout the UK and they are also on the lookout for local volunteers who are interested in helping out with the selected restoration projects .,neutral
"INTERNET BUSINESS NEWS - -® 1995-2006 M2 COMMUNICATIONS LTD As part of a drive to protect users of its Internet banking service , Barclays Bank has announced that it is to recommend F-Secure Internet Security to its customers .",neutral
"Tieto was looking for an energy solution which would best support the idea of sustainable development , and we were happy to be able to provide such a solution , saysJouni Haikarainen , Vice President , Fortum .",positive
"According to Rautaruukki , the company wants to promote the use of emission-free energy sources .",neutral
Atria chose the DeLight to attract consumers in the 25-45 age group to its Atria Fresh range of microwaveable meals .,neutral
"I use natural fibers to make the clothes more comfortable , to allow your skin to breathe and to be eco-friendly .",positive
"In addition , a good biological durability is achieved . ''",neutral
"The newly-completed Allure of the Seas and its identical sister ship , Oasis of the Seas , which was completed last year are the world 's largest cruise ships .",neutral
The recruits who have completed the K-retailer trainee program are qualified to start a career as independent retailers in K-stores .,neutral
"wins 98 % acceptance 23 December 2009 - Finnish industrial machinery company Metso Oyj ( HEL : MEO1V ) said today it will complete its takeover offer for textile company Tamfelt Oyj Abp ( HEL : TAFKS ) , after acquiring 98 % of its shares and votes .",neutral
"`` We love Activision 's fresh , colorful approach to Rapala : We Fish , '' said Kelly Brockpahler , Rapala .",positive
"A light , bright and pretty addition to your life , it will also keep a few pennies in your bank account .",neutral
All Amer Sports companies develop and manufacture technically advanced products that improve the performance of active sports participants .,neutral
At the same time I am delighted by the fact that we were able to accomplish the organization with our own team members .,positive
"In addition , we will launch a versatile online service to complete the traditional printed newspaper , Mr. Valkama says .",neutral
"Stora Enso said DeLight was suitable for a wide range of applications including food , cosmetics , home decoration and leisure products .",neutral
We are very proud to be able to use this kind of innovative mobile service for voting in elections .,positive
"Tim Cockroft brings with him an excellent track record having more than 18 years experience ; moreover , Tim has successfully developed the Capital Markets operations at Kaupthing Singer & Friedlander involving corporate finance and broking with a focus on mid-market companies .",positive
The board further said the company omitted to tender for a substantial part of the works and as such they had rightfully been found non-responsive by the evaluation team .,neutral
"`` After a long , unprofitable period the Food Division posted a profitable result , which speaks of a healthier cost structure and a new approach in business operations , '' Rihko said .",positive
"`` While concerns remain longer term , size and scale may enable Nokia to hold on to its newfound margin improvements in the near term , '' the analyst wrote .",positive
"Continuing operations turned an operating loss of EUR 0.1 mn , a slight improvement from a loss of EUR 0.2 mn a year earlier .",positive
Earnings per share were higher at 0.48 against 0.37 a year before and ahead of market consensus of 0.40 eur .,positive
"W+ñrtsil+ñ 's solution has been selected for its low fuel consumption , environmentally sound technology , and global service support .",positive
"Dirk Jones , head of Financial Institutions Client Sales Management , GTS , Citigroup , Inc , said , ` Citi is extremely pleased to be providing global custody services to Pohjola Group Bank .",positive
The company said it estimates to make a slight profit thanks to cost-cutting measures .,positive
"The previously concluded adaptation measures , concerning other staff , were adequate for the time being , and the planning operations continue as before at the plant , the company said .",positive
"The previously concluded adaptation measures concerning the other personnel are adequate for the time being , Raute said .",positive
"` After fixing our home-base , cutting costs and closing the non-profitable units , we are now looking at going forward , ' she said .",positive
"29 September , 2010 Finnish waste management and recycling company Lassila & Tikanoja expands its operations in Russia by introducing its recently completed recycling plant in the city of Dubna near Moscow .",positive
"Rory Fitzgerald , general manager , operations , Bristol Port , said : `` With the use of low maintenance technology we can save up to 30 per cent on servicing , plus the load sensing hydraulics can save us an extra 15 to 30 per cent on fuel consumption . ''",positive
"`` Method and System for Controlling a Hard Disk Drive Using a Multimediacard Physical Interface '' was invented by Marko Ahvenainen Ruutana , Finland .",neutral
"The 10,000-odd square metre plot that Stockmann has bought for the Nevsky Center shopping center is located on Nevsky Prospect , St Petersburg 's high street , next to the Vosstaniya Square underground station , in the immediate vicinity of Moscow Station .",neutral
The court found TelecomInvest 's arguments convincing .,positive
"The other actions include the cutting of the expensive weekend shifts , the freezing of the production bonus system and by a general cost-cutting program .",neutral
"Typically , the transmission power level can be decreased when the interference noise is above a predefined value .",neutral
Bioheapleaching makes extraction of metals from low grade ore economically viable .,neutral
"Dubai Nokia has announced the launch of `` Comes with Music '' , its ground-breaking service which introduces a new way for people to enjoy music .",positive
"Rapala VMC Corporation STOCK EXCHANGE RELEASE October 10 , 2008 at 11.45 am Kaupthing Bank Oyj ( `` Kapthing '' ) has informed Rapala VMC Corporation ( `` Rapala '' ) that it has interrupted the liquidity providing for Rapala 's share for the time being .",negative
"Steve Jackson , eBusiness Analyst at Satama and former CEO of Aboavista said : `` Google broke the mold when they gave away Google Analytics for free .",neutral
"Sukhraj Dulai , of the 2900 block of Boni Sue Court , a cul-de-sac on the city 's north side , started the vehicle and went inside his house about 8 a.m. Tuesday , leaving the garage door open .",neutral
The negotiations concern 246 salaried and senior salaried employees and are scheduled to be completed in six weeks .,neutral
