text,sentiment
"The equipment will expand container handling capacity at Namibia 's main port of Walvis Bay , on the west coast .",positive
The expansion includes the doubling of the floor space and the addition of more lifting capacity and production equipment .,positive
The Group aims to increase its net sales and comparable operating profit in 2006 .,positive
The order also includes start-up and commissioning services .,neutral
"The order consists of capacity expansion , maintenance services and new charging functionality , the company said .",neutral
The phones are targeted at first time users in growth markets .,neutral
"The repayment of EUR 105 million debenture bonds is related to the Company 's previous announcement on October 21 , 2009 to collect irrevocable selling commitments from the holders of its subordinated debenture bonds .",neutral
The revenues of the business reached NOK 12 million for 2008 .,neutral
"The subscriptions increase Cargotec 's share capital by 36,780 euros .",positive
"The subscriptions increase Cargotec 's share capital by EUR 27,060 .",positive
"The total area of the Gorelovo plant is about 22,000 sq m. Atria invested about EURO 70mn in the plant , which should double Atria Russia 's production capacity in the St Petersburg area .",positive
Tielinja generated net sales of 7.5 mln euro $ 9.6 mln in 2005 .,neutral
"Tikkurila Powder Coatings has some 50 employees at its four paint plants , which generated revenues of EUR2 .4 m USD3 .3 m in 2010 .",neutral
U.S. District Judge Douglas P. Woodlock yesterday extended a Jan. 17 temporary restraining order until March 7 .,neutral
"UK 's Sarantel to outsource part of its processes to Elcoteq plant in Estonia LONDON , Oct 13 , BNS - The British miniature antennas maker Sarantel has signed an agreement to outsource its assembly test and supply chain processes to the plant of Elcoteq in the Estonian capital Tallinn .",neutral
"Under the rental agreement , Stockmann was committed to invest in the building of a bridge over the Gogol Street or build an underground tunnel for crossing the street by 2004 .",neutral
We have made long-term investments in developing the system 's implementation model .,neutral
"With the launch of new 3G handsets , Nokia aims to become the winner in China 's 3G market as it did in the 2G market .",positive
"With this subscription , Fortum 's ownership in TGK-10 has increased to slightly over 76 % of shares and voting rights .",neutral
VNH generates annual net sales of about 5 mln eur and employs 21 people .,neutral
"Earnings per share ( EPS ) for the first quarter 2007 amounted to EUR0 .07 , up from EUR0 .04 .",positive
"Jan. 6 -- Ford is struggling in the face of slowing truck and SUV sales and a surfeit of up-to-date , gotta-have cars .",negative
"Rautakesko 's business operations in Norway and Russia , acquired in July 2005 , are included in the figures of the comparable period , impacting sales growth starting from August .",neutral
"Operating profit was EUR 11.07 mn , up from EUR 8.65 mn .",positive
Peer Peugeot fell 0.81 pct as its sales rose only 6.3 pct from the same period last year .,negative
Pharmaceuticals group Orion Corp reported a fall in its third-quarter earnings that were hit by larger expenditures on R&D and marketing .,negative
"However , the growth margin slowed down due to the financial crisis .",negative
"Significance : Teleste has emphasised that with its large size and growing economy , as well as the rapid development of its TV services distribution industry , Poland is viewed as an attractive market .",positive
"`` We reached agreement with the union that flights will continue as normal , '' Finnair spokesman Usko Maatta said .",positive
"In Finland , insurance company Pohjola and the Finnish motorcyclist association have signed an agreement with the aim of improving motorcyclists ' traffic safety .",positive
"HELSINKI ( AFX ) - Nokian Tyres reported a fourth quarter pretax profit of 61.5 mln eur , up from 48.6 mln on the back of strong sales .",positive
"Kalnapilio-Tauro Grupe ( Kalnapilis-Tauras Group ) , which is owned by Denmark 's Royal Unibrew , raised its market share to 25.18 percent from 23.74 percent , as beer sales for the seven months jumped by 14.5 percent to 40.5 million liters .",positive
"Kalnapilio-Tauro Grupe ( Kalnapilis-Tauras Group ) , which is owned by Denmark 's Royal Unibrew , raised its market share to 25.2 percent from 23.91 percent , as beer sales for the nine months jumped by 11.4 percent to 52.99 million liters .",positive
"Marimekko has today ( 20 November ) signed a license agreement with the Swedish chain , whereby Marimekko will license some of its popular patterns from the 1950s , 1960s and 1970s to H&M .",positive
More staff has been recruited in Japan to further complement its network of close to 50 service locations in more than 20 countries worldwide .,positive
Nokian Capacitors ' equipment will be used to raise the capacity and reliability of the Indian grid .,positive
Rautaruukki Corporation Stock exchange release 3 December 2009 at 12 noon Ruukki 's construction and engineering divisions are to further improve and adjust their operations in Finland .,positive
"Ruukki Romania , the local arm of Finnish metal producer Ruukki , increased its capital by 900,000 euro ( $ 1.14 mln ) through cash contribution , it was reported on September 19 , 2006 .",positive
"STX Finland Oy signed a a preliminary agreement for the building of an environmentally friendly , new generation cruise ferry for Viking Line to manage on between Turku , Finland , and Stockholm , Sweden withViking Line ABP .",positive
The company now estimates its net sales in 2010 to increase considerably from 2009 and its operating result to be clearly positive .,positive
"The tower it chose to add , due to go into operation in the summer , will increase total capacity to 80 broadsheet or 160 tabloid pages , with the ability to run 32 - and 48-page products side by side .",positive
"Uponor made an operating profit of EUR 151.0 mn , up from EUR 143.7 mn , which made 2007 a record year .",positive
"Basware Corporation stock exchange release August 31 , 2010 at 16:25 Basware signed a large deal with an international industrial group Basware will deliver Invoice Automation solution and Connectivity Services to an international industrial group .",positive
It estimates the operating profit to further improve from the third quarter .,positive
Kazgiprotsvetmet and Outotec Finland have signed an agreement on strategic cooperation in the marketing and providing of minerals processing and metallurgical plants and related services in Kazakhstan and the surrounding countries .,positive
Lemcon signed an investment cooperation agreement with the Kaluga regional administration last November .,positive
Ruukki forecast a 15-20 % annual sales growth and a positive pretax result for 2010 .,positive
Sales rose 10 pct to 566 mln eur on the back of strong volume and favourable currency effects .,positive
The growth of net sales has continued favourably in the Middle East and Africaand in Asia Pacific .,positive
"The new agreement , which expands a long-established cooperation between the companies , involves the transfer of certain engineering and documentation functions from Larox to Etteplan .",positive
With this appointment Kaupthing Bank aims to further co-ordinate Capital Markets activities within the Group and to improve the overall service to clients .,positive
"Cencorp , headquartered in Virkkala , Finland , develops and supplies automation solutions to the electronics and semiconductor industry that enhance productivity .",neutral
"Following the increase , Huhtamaki Oyj 's registered share capital is EUR 358,706,290.00 and the number of shares outstanding is 105,501,850 .",neutral
"Following this increase Huhtamaki 's registered share capital is EUR360 .62 m and the number of shares outstanding is 106,063,320 .",neutral
"The company has also supplied more than 200 MW of power generating equipment for a number of projects in Papua New Guinea , including 12 engines of the Wartsila 32 type to Lihir Gold .",neutral
"Under the agreement , Pfizer has been funding Biotie 's research activities on the PDE10 phosphodiesterase 10 inhibitor program since its start in late 2006 and has the sole authority to develop discovered compounds .",neutral
"When the OMX market forwards mature on May 16 , 2008 , Novator Finland Oy 's direct shareholding in Amer Sports Corporation will exceed one-fifth 1-5 of the company 's shares and voting rights .",neutral
"To prove the efficiency of the China Mobile system , Rod Baber , an English climber , climbed to the Mount Everest summit and successfully made calls .",positive
"`` These tests are part of a larger campaign which includes various customer trials and demonstrations to make LTE on 800 MHz commercially viable by this summer , '' Nokia Siemens head of LTE business line , Reino Tammela , said .",neutral
"Finnish Ahlstrom Corporation will double its investments in a new specialty glassfiber reinforcement plant in South Carolina , in the US .",positive
"Helsinki on October 22 , 2008 SSH COMMUNICATIONS SECURITY CORP Board of Directors For further information , please contact : Tomi Laamanen , Chairman , tel. +358 0 400 609 544 Distribution : NASDAQ OMX Helsinki Ltd. .",neutral
Patrizia adds the acquisition to a portfolio already worth EUR3bn .,neutral
Sales rose to 300.9 mln eur compared with last year 's 276.1 mln eur and in line with 299 mln eur consensus figure .,positive
The contract was signed in August with Papua New Guinea-based Lihir Gold Ltd ASX : LGL .,positive
"The offer of some 30 million shares aimed to raise more than  x20ac 500 million US$ 640 million , was expected to be completed by Oct. 9 , Outokumpu said .",neutral
"`` Our extensive co-operation will also bolster SysOpen Digia 's position in the domestic operator market , '' Kallioranta adds .",positive
"`` With this agreement , we can continue our good cooperationand at the same time release capital that has been tied up in ourmachinery operation .",positive
"Theodosopoulos said Tellabs could be of value to Nokia Siemens or Nortel given its `` leading supply status '' with Verizon , along with high-growth products .",positive
"We succeeded in increasing our market share of sold apartment '' , comments Mr Kari Kauniskangas , Head of YIT International Construction Services .",positive
"With CapMan as a partner , we will be able to further develop our business and continue to focus on providing quality restaurant services for our customers , '' says Christopher Wynne , CEO of Papa John 's Russia .",positive
"Finnish Suominen Corporation that specialises in wet wipes , nonwovens , and flexible packaging reports net sales of EUR 44.1 mn in the second quarter of 2010 , up from EUR 43.3 mn in the second quarter of 2009 .",positive
"Finnish telecoms software developer Tecnomen Oyj said on December 5 , 2006 it won a $ 3.3 mln ( 2.5 mln euro ) order to supply an expansion of the charging and messaging systems for the mobile and fixed networks of Brasil Telecom .",positive
Increased trust of our clients in YIT can be seen as apartment sales accelerated .,positive
"( ADP News ) - Dec 11 , 2008 - Finnish construction and engineering company Outotec Oyj ( OMX : OTE1V ) said today it won a EUR 28 million ( USD 36.8 m ) order to expand the phosphate concentrator in Siilinjarvi of Norwegian minera",positive
"Mr Priit Kasak , Balti Metsamasina 's owner , said the Rakvere-based company wishes to increase Valmet 's market share from 27 % to a third in a couple of years .",positive
"Ponsse plans to create a network that is based on strong partnership , and participates in the production of larger entities than presently .",neutral
The bank sees a potential for Getinge share to rise .,positive
"The company recorded revenues of E658 .1 million during the fiscal year ended December 2007 , an increase of 23 % over 2006 .",positive
The cooperation will double The Switch 's converter capacity .,positive
The robust growth was the result of the inclusion of clothing chain Lindex in the Group in December 2007 .,positive
"The six breweries recorded a 5.2 percent growth in domestic beer sales last year to 270.21 million liters , from 256.88 million liters sold in 2005 .",positive
"This truly takes efficiency to new heights , '' Mr. Metso adds .",positive
We hope to increase traffic volumes with the opening of Freight One Scandinavia . '',positive
"a January 11 , 2010 EPHC board of directors has approved an increase in the quarterly dividend from $ 0.03 to $ 0.05 per share .",positive
"Finnish Cargotec 's Kalmar , the business area providing container handling solutions , has been awarded an order for a further ten E-One rubber-tyred gantry RTG cranes from Saigon Newport Company SNP , in Vietnam .",positive
"Bilfinger investors cheered the agreement , pushing shares up 7 % , or & euro ; 3.30 , to & euro ; 50.29 , in afternoon trade .",positive
"Kesko pursues a strategy of healthy , focused growth concentrating on sales and services to consumer-customers .",positive
"LONDON AFX - Shares in Rautaruukki Corp have been upgraded to ` hold ' from ` sell ' by ABN Amro , with the price target raised to 25.75 eur from 14.5 , said dealers .",positive
LONDON MarketWatch -- Nokia nok said it 's won a five-year services contract to run Hutchison Essar 's network operations in nine locations in India .,positive
"Progress Group , QPR 's representative in Saudi Arabia and North Africa , has signed a framework agreement for a long term strategic relationship with ISE .",positive
"Ragutis , controlled by the Finnish brewery Olvi , achieved a 5.7 percent rise in beer sales to 22.6 million liters and held a 10.75 percent market share .",positive
"The 250 sq m 2,691 sq ft store in Copenhagen 's premier shopping district was inaugurated today , further strengthening the company 's presence in Nordic capitals .",positive
"The metal has gained 41 percent this year as demand from China , the world 's largest user , increased .",positive
"In addition , Cramo and Peab have signed exclusive five-year rental agreements in Finland and have extended their existing rental agreements in the Swedish market for another five years .",positive
"OUTOTEC OYJ PRESS RELEASE DECEMBER 4 , 2009 10.30 AM Outotec establishes a new subsidiary in Kolkata Outotec has established a subsidiary in India in order to better serve its Indian customers and to increase its business in the growing Indian market .",positive
It is also 7.7 pct above the 12-month volume weighted average price of the stock .,positive
"Mobile phone shipments jumped 26 percent to almost 112 million units , while Finnish company 's global market share rose to 39 percent from 36 percent .",positive
"On January 29 , 2009 The largest Nordic bank Nordea and Finnish retail chain Stockmann launched a regionally unique cooperation project : they are the first to introduce a common MasterCard credit card enabling payments in different states and stores .",neutral
"QPR has an established international customer base , spread over 70 countries in 2009 , and a variety of organizations including banks , manufacturing companies , service companies and government authorities .",neutral
"Selects Third Party Logistics Leader Transplace for Best-in-Class Technology , Procurement Capabilities ; Leading Specialty Packaging Manufacturer Employs Complete 3PL Solution for Supply Chain Visibility and Transportation Efficiency to Increase Service Levels and On-Time Deliveries",positive
4G allows customers to use mobile broadband services with speeds up to ten times higher than with today 's 3G .,positive
"According to Eijkens , a publisher can do much more than just publish colourful books : a publisher can provide value added to information by individualising it .",neutral
"Based on strong customer interest and feedback , using RPM mobile phone manufacturers , operators , enterprises and developer forums can significantly increase their product and service quality , user-experience and cost-efficiency '' , Tulonen continues .",positive
Cameco is to provide an upfront investment of up to USD 60mn for the construction of the uranium extraction circuit .,neutral
"CDP was established on the initiative of institutional investors ; however , the annually published results also interest an increasing number of customers and other interest groups of the reporting companies .",neutral
The original contract was signed last summer .,neutral
"` It is a testament to the quality of our LTE solution and our commitment to the Japanese market ' , he added .",neutral
`` Ixonos has a rich heritage in developing leadership experiences in the smartphone segment .,positive
`` The acquisition of Elektros Pavara completes KONE 's market expansion strategy in the Baltic Countries .,positive
18 January 2010 - Finnish IT consultancy Trainers ' House Oyj HEL : TRH1V said last Friday it resolved to issue a EUR5m hybrid bond to domestic investors in a bid to strengthen its capital structure .,positive
"ALEXANDRIA , Va. , Oct. 15 -- Aaron Moss of Hampshire , Great Britain , has developed an ornamental design for a handset , the U.S. Patent & Trademark Office announced .",neutral
hybrid bond 18 January 2010 - Finnish IT consultancy Trainers ' House Oyj HEL : TRH1V said last Friday it resolved to issue a EUR5m hybrid bond to domestic investors in a bid to strengthen its capital structure .,neutral
"Repair and maintenance business accounted for net sales of EUR 645.3 mn , up from EUR 563.6 mn .",positive
"The money will be spent `` on strengthening the company 's competitiveness in the sphere of sawmill products and increasing the volume of wood delivered for processing in Russia , '' the release says .",positive
The new technology improves the glass quality and consistency while increasing throughput .,positive
"The reasons behind the estimate include the rise in 2008 rent levels and several fully-leased office and retail properties , which were completed and added to the company 's investment property portfolio .",neutral
"The Vaisala Group is a successful international technology company that develops , manufactures and markets electronic measurement systems and products .",positive
"The Vuokatti unit will be developed to focus especially on the manufacture of prototypes , the ramp-up of new products and the demanding testing and after-sales services .",neutral
We look forward to helping the company develop its operational services and further digitalize its services for its customers . '',positive
"AGJ recorded EUR 43 mln sales in 2006 , most of which was generated by exports to customers in Western Europe , the statement said .",neutral
"`` The number of collection errors fell considerably , and operations speeded up .",positive
"By combining its existing solutions into a single platform , Comptel said that it has reduced the cost of deployment .",positive
"In the second quarter of 2010 , the group 's pretax loss narrowed to EUR 400,000 from EUR 600,000 .",positive
"26 January 2011 - Finnish metal products company Componenta Oyj ( HEL : CTH1V ) said yesterday its net loss narrowed to EUR500 ,000 in the last quarter of 2010 from EUR5 .3 m for the same period a year earlier .",positive
8 May 2009 - Finnish liquid handling products and diagnostic test systems maker Biohit Oyj ( HEL : BIOBV ) said today ( 8 May 2009 ) its net loss narrowed to EUR0 .1 m ( USD0 .14 m ) for the first quarter of 2009 from EUR0 .4 m for the same period of 2008 .,positive
Finnish fibers and plastic products maker Suominen Corporation said its net loss from continuing operations narrowed to 1.8 mln euro ( $ 2.3 mln ) in 2006 from 3.7 mln euro ( $ 4.8 mln ) in 2005 .,positive
"Finnish metal products company Componenta Oyj ( HEL : CTH1V ) said today its net loss narrowed to EUR 500,000 ( USD 680,000 ) in the last quarter of 2010 from EUR 5.3 million for the same period a year earlier .",positive
Finnish sports equipment maker Amer Sports Oyj ( HEL : AMEAS ) said today that its net loss narrowed to EUR 16.9 million ( USD 22.3 m ) in the second quarter of 2010 from EUR 23.2 million in the corresponding period a year earlier .,positive
"Finnish steel maker Rautaruukki Oyj ( HEL : RTRKS ) , or Ruukki , said today its net loss contracted to EUR 49 million ( USD 68.2 m ) for the first nine months of 2010 from EUR 229 million for the same period a year ago .",positive
"For the first nine months of 2010 , Talvivaara 's net loss narrowed to EUR 8.3 million from EUR 21.9 million for the same period of 2009 .",positive
"In the first nine months of 2010 , the company 's net loss narrowed to EUR 415,000 from EUR 7.4 million for the corresponding period of 2009 .",positive
"In the first nine months of 2010 , the company 's net loss narrowed to EUR415 ,000 from EUR7 .4 m for the corresponding period of 2009 .",positive
"( ADP News ) - Feb 9 , 2009 - Finnish computer services company Proha Oyj ( HEL : ART1V ) said today its net loss narrowed to EUR 113,000 ( USD 146,000 ) for 2008 from EUR 1.2 million for 2007 .",positive
The new factory working model and reorganisations would decrease Nokian Tyres ' costs in the factory by EUR 30 million ( USD 38.7 m ) .,positive
20 October 2010 - Finnish metal products company Componenta Oyj HEL : CTH1V said yesterday that its net loss narrowed to EUR7m for the first nine months of 2010 from EUR23 .3 m for the same period of 2009 .,positive
Finnish fibers and plastic products maker Suominen Corporation said its net loss narrowed to 1.6 mln euro $ 2.0 mln in the first nine months of 2006 from 2.16 mln euro $ 2.7 mln in the same period of 2005 .,positive
"In contrast , the company 's net loss for the third quarter of 2009 contracted to EUR 76 million from EUR 256 million for the corresponding period a year ago .",positive
"In the second quarter of 2010 , Raute 's net loss narrowed to EUR 123,000 from EUR 1.5 million in the same period of 2009 .",positive
"ADP News - Nov 13 , 2008 - Finnish printed circuit board PCB maker Aspocomp Group Oyj OMX : ACG1V said today that its net loss narrowed to EUR 2 million USD 2.5 m in the first nine months of 2008 from EUR 57",positive
"Metsaliitto , however , narrowed its net loss for the second quarter of 2007 to 5.0 mln euro $ 6.9 mln from 61 mln euro $ 83.7 mln a year ago .",positive
"narrows to EUR2 .8 m 9-mo '09 29 October 2009 - Finnish software and hardware developer Elektrobit Oyj HEL : EBG1V , or EB , said today that its net loss narrowed to EUR2 .8 m for the first nine months of 2009 from EUR35 .6 m for the same period a year ago .",positive
The diluted loss per share narrowed to EUR 0.27 from EUR 0.86 .,positive
Unit costs for flight operations fell by 6.4 percent .,positive
The loss for the third quarter of 2007 was EUR 0.3 mn smaller than the loss of the second quarter of 2007 .,positive
Airvana 's UMTS Home Base Station femto cell uses software-based functionality and off-the-shelf silicon to accelerate feature development and reduce product cost .,positive
"According to Sepp+ñnen , the new technology UMTS900 solution network building costs are by one-third lower than that of the building of 3.5 G networks , operating at 2,100 MHz frequency .",positive
The costs of the new ropax vessels are 30 % lower than those of the present ones .,positive
The last job losses related to these reductions will take place during 2010 .,neutral
The program 's target is structural cost reductions of about EUR 30mn in 2009 .,positive
"The third quarter result also includes a 400,000 euro ( $ 575,000 ) provision for down-sizing of lure manufacturing in Ireland .",neutral
UPM-Kymmene is working closely with its shipping agents to reduce fuel consumption and greenhouse gas emissions .,positive
"2009 3 February 2010 - Finland-based steel maker Rautaruukki Oyj ( HEL : RTRKS ) , or Ruukki , said today it slipped to a larger-than-expected pretax loss of EUR46m in the fourth quarter of 2009 from a year-earlier profit of EUR45m .",negative
"( ADPnews ) - Feb 3 , 2010 - Finland-based steel maker Rautaruukki Oyj ( HEL : RTRKS ) , or Ruukki , said today it slipped to a larger-than-expected pretax loss of EUR 46 million ( USD 64.5 m ) in the fourth quarter of 2009 from a",negative
"Result before taxes decreased to nearly EUR 14.5 mn , compared to nearly EUR 20mn in the previous accounting period .",negative
The company slipped to an operating loss of EUR 2.6 million from a profit of EUR 1.3 million .,negative
23 April 2010 - Finnish construction and engineering company Outotec Oyj HEL : OTE1V said today it slipped to a net loss of EUR7 .3 m in the first quarter of 2010 from a net profit of EUR12 .5 m in the corresponding period last year .,negative
Cramo slipped to a pretax loss of EUR 6.7 million from a pretax profit of EUR 58.9 million .,negative
"Finnish IT solutions provider Affecto Oyj HEL : AFE1V said today its slipped to a net loss of EUR 115,000 USD 152,000 in the second quarter of 2010 from a profit of EUR 845,000 in the corresponding period a year earlier .",negative
"In 2009 , Comptel slipped to a net loss of EUR2 .1 m from a profit of EUR6 .6 m in the previous year .",negative
"In Q2 of 2009 , profit before taxes amounted to EUR 13.6 mn , down from EUR 26.8 mn in Q2 of 2008 .",negative
"ADPnews - Feb 5 , 2010 - Finnish real estate investor Sponda Oyj HEL : SDA1V said today that it slipped to a net loss of EUR 81.5 million USD 11.8 m in 2009 from a profit of EUR 29.3 million in 2008 .",negative
"ADPnews - Jul 17 , 2009 - Finland-based steel maker Rautaruukki Oyj Ruukki HEL : RTRKS said today it slipped to a net loss of EUR 184 million USD 259.7 m for the first half of 2009 from a net profit of EUR 2",negative
"Profit before taxes amounted to EUR 56.5 mn , down from EUR 232.9 mn a year ago .",negative
"Profit before taxes decreased by 9 % to EUR 187.8 mn in the first nine months of 2008 , compared to EUR 207.1 mn a year earlier .",negative
Profit before taxes decreased to EUR 31.6 mn from EUR 50.0 mn the year before .,negative
"Profit before taxes was EUR 4.0 mn , down from EUR 4.9 mn .",negative
"The company 's profit before taxes fell to EUR 21.1 mn in the third quarter of 2008 , compared to EUR 35.8 mn in the corresponding period in 2007 .",negative
"A state program has been worked out , legal provisions have been developed , and rules and normative documents have been specified for the functioning of a technological park .",neutral
"In August-October 2010 , the company 's result before taxes totalled EUR 9.6 mn , up from EUR 0.5 mn in the corresponding period in 2009 .",positive
Finnish Bore that is owned by the Rettig family has grown recently through the acquisition of smaller shipping companies .,positive
The plan is estimated to generate some EUR 5 million ( USD 6.5 m ) in cost savings on an annual basis .,positive
"Finnish pharmaceuticals company Orion reports profit before taxes of EUR 70.0 mn in the third quarter of 2010 , up from EUR 54.9 mn in the corresponding period in 2009 .",positive
"Finnish Sampo Bank , of Danish Danske Bank group , reports profit before taxes of EUR 152.3 mn in 2010 , up from EUR 32.7 mn in 2009 .",positive
"Profit after taxes for the period was up to EUR0 .9 m , from EUR0 .01 m last year .",positive
"Profit before taxes was EUR 5.4 mn , up from EUR 3.6 mn a year earlier .",positive
Also construction expenses have gone up in Russia .,negative
"Neste Oil said it will build a biodiesel production facility in Rotterdam , the Netherlands , at an estimated cost of 670 million euros , naming France-based Technip as the project 's main contractor .",neutral
The European Central Bank ECB is anticipated to raise its benchmark interest rate in the second half of 2011 at the earliest .,neutral
11 August 2010 - Finnish measuring equipment maker Vaisala Oyj HEL : VAIAS said today that its net loss widened to EUR4 .8 m in the first half of 2010 from EUR2 .3 m in the corresponding period a year earlier .,negative
"Finnish power supply solutions and systems provider Efore Oyj said its net loss widened to 3.2 mln euro $ 4.2 mln for the first quarter of fiscal 2006-2007 ending October 31 , 2007 from 900,000 euro $ 1.2 mln for the same period of fiscal 2005-06 .",negative
"ADP News - Apr 22 , 2009 - Finnish business information systems developer Solteq Oyj HEL : STQ1V said today its net loss widened to EUR 189,000 USD 245,000 for the first quarter of 2009 from EUR 10,000 for the same peri",negative
Salonen added that data shows producers ' pulp inventories in North America are declining . ',negative
The Elcoteq group recently announced that the last three months of the previous year brought to it a major loss of more than half a billion kroons ( EUR 32 mln ) for the fifth quarter running .,negative
"For the current year , Raute expects its net sales to increase and the operating result -- to be positive .",positive
"Turnover surged to EUR61 .8 m from EUR47 .6 m due to increasing service demand , especially in the third quarter , and the overall growth of its business .",positive
"As a result , the company currently anticipates net sales to increase and the operating result to be positive .",positive
"Asimilar agreement was signed between China Mobile Ltd. ( SEHK : 0941 and NYSE : CHL ) , the largest mobile carrier , and theGPS and social networking service provider , promoting GyPSii service before Beijing 2008 Olympic Games , according to thelatest news .",positive
"`` UPM 's deliveries increased during the third quarter by 4 percent , and the efficiency of operations improved , '' Chief Executive Jussi Pesonen said .",positive
"Global sports equipment maker Amer Sports Corp. , whose brands include Atomic , Salomon and Wilson , saw a 64 percent increase in third-quarter net profit to EURO 47.4 million $ 65 million on strong sales and cost cuts .",positive
"Exports make up more than 80 per cent of our sales , so the name Glaston also reflects a truly internationally operating company , '' explains Kyro 's President & CEO Mika Seitovirta .",neutral
"Westend ICT Plc s new 409,665,891 shares and increase of share capital with EUR 2,000,000 based on the resolutions of extraordinary shareholders meeting on 27 December 2010 have today registered in the Trade Register .",neutral
"Due to rapid expansion , the market share of Tallink in terms of passenger carriage through Tallinna Sadam Port of Tallinn totaled 55 percent in November against 45.7 percent in November 2005 .",positive
"Finnish industrial investor Panostaja Oyj OMX Helsinki : PNAAS OMX Helsinki : PNABS said on Friday 11 July that it has signed a deal to acquire the entire share capital of Kospa Oy , the manufacturer of waste disposal equipment .",positive
"Stora Enso R shares rose 1.20 pct to 11.84 eur , UPM-Kymmene was also dragged higher , rising 1.68 pct to 17.56 eur and M-Real B added 2.38 pct to 4.30 eur .",positive
Cash Flow from Operations for the most recent quarter also reached a eight year low .,negative
Both loans will be used to finance strategic investments such as shopping center redevelopment projects and refinancing of maturing debt .,positive
"The stock price rose 70.0 ores or 0.9 % to close at SEK77 .65 , ending a two-day streak of losses .",positive
"Earnings per share ( EPS ) amounted to EUR0 .98 , up from the loss of EUR0 .02 .",positive
"Earnings per share ( EPS ) were EUR0 .03 , up from the loss of EUR0 .083 .",positive
"Operating profit totalled EUR 0.4 mn , up from an operating loss of EUR 0.8 mn year-on-year .",positive
"Operating profit totalled EUR 7.0 mn , up from a loss of EUR 4.0 mn in the second quarter of 2009 .",positive
Operating result including non-recurring items rose to EUR 146mn from a loss of EUR 267mn in 2009 .,positive
"Tiimari , the Finnish retailer , reported to have geenrated quarterly revenues totalling EUR 1.3 mn in the 4th quarter 2009 , up from EUR 0.3 mn loss in 2008 .",positive
"Earnings per share EPS amounted to EUR0 .03 , up from the loss of EUR0 .08 .",positive
"Operating profit totalled EUR 5.8 mn , up from a loss of EUR 1.7 mn in the fourth quarter of 2009 .",positive
"Operating profit was EUR 0.6 mn , up from a loss of EUR 19mn a year earlier .",positive
The investments and operational changes enable additional optimisation of the working hours and thereby further cost savings of some 7 % -9 % .,positive
"Okmetic 's products are based on high-tech expertise that generates added value for customers , innovative product development and an extremely efficient production process .",positive
"Shareholder 's full name and ID code : - Petri Ailus , born 15.9.1966 For further information , please contact Isto Hantila , CEO , tel. +358 9 591 8342 .",neutral
"9 September 2010 - Finnish stationery and gift retailer Tiimari HEL : TII1V said today its net sales rose by 2 % year-on-year to EUR5 .7 m in August 2010 , driven by growth in Finland , while demand in the Baltics remained weak .",positive
"By 14:29 CET on Monday , shares in Bavarian Nordic had climbed 1.21 % to DKK250 on the stock exchange in Copenhagen after having lost 7.41 % in the past month .",positive
"For example , net sales increased by 5.9 % from the first quarter , and EBITDA increased from a negative EUR 0.2 mn in the first quarter of 2009 .",positive
"Mobile phone sales rose 25 % to 5.87 billion euros , while enterprise solution sales dropped 39 % to 186 million euros .",positive
RISING costs have forced packaging producer Huhtamaki to axe 90 jobs at its Hampshire manufacturing plant .,negative
"`` However , the rapidly increasing costs and the strengthening of the euro were challenging for the whole industry , and they impacted on our results . ''",negative
"At this growth rate , paying off the national debt will be extremely painful .",negative
Operating loss increased to EUR 17mn from a loss of EUR 10.8 mn in 2005 .,negative
"The payment of 2.779 million litas in interest on a long-term loan provided by Ragutis ' majority shareholder , Estonia 's A. Le Coq , also added to the losses .",negative
"At the moment , Valio is not worried , but if the ban continues for long , it may become quite a problem .",negative
Sponda will record a profit from the sale of 8.5 mln euro ($ 12.4 mln).,positive
"Cencorp estimates that its net sales in the last quarter will be as earlier stated , EUR4 .3 m to EUR5 .0 m , and operating profit (EBIT)is estimated to be positive .",positive
`` Our customer has been satisfied with Basware Invoice Automation solution and extends the implementation to new geographies .,positive
Repeats sees 2008 EBITA above 18 pct of sales .,positive
` By separating side businesses we will be able to faster expand and develop Tapro retail network .,positive
"` Our strategic cooperation with Rentakran brings us new customers and already-working relationships with the authorities of the new territories , ' said Jarmo Laasanen , a senior manager at Cramo .",positive
"` Patja has worked well for us for more than a decade , and Fujitsu 's new bid was competitive .",neutral
"`` After the share purchase is completed , financing will also be provided to expand Latvia 's broadband infrastructure and to develop new areas of business , including acquisitions of other companies . ''",positive
"`` In terms of profitability and earnings 2007 was the best year in our history , '' Chief Executive Veli-Matti Mattila said .",positive
`` The Government has had a very professional approach in assessing the offer .,positive
"`` The margarine business has been put into good shape in the last two years , making it a natural addition to Bunge , which is looking to leverage its position in the Central and Northern European markets , '' Raisio CEO Matti Rihko said in a statement .",positive
`` This is a win for all OEMs targeting to develop WiMAX products .,positive
"A portion , $ 12.5 million , will be recorded as part of its winnings in a prior patent dispute with Finnish phone maker Nokia Oyj .",positive
"Finnish electronics manufacturing services company Elcoteq signing a cooperation agreement with a Japanese mobile phone manufacturer , bypasses Elcoteq Tallinn , says Jan Kotka , CEO of Elcoteq Tallinn .",positive
"According to A-Rehu 's Managing Director , Jouko Lahtinen , the project will stabilise costs and improve supply security .",positive
"According to CEO Matti Karppinen , Frozen Foods posted a good result in 2010 , as it did in 2009 .",positive
"According to Viking Line 's Managing Director , Nils-Erik Eklund , the company 's Board of Directors is very satisfied with Viking Line 's performance .",positive
Actions to improve operational efficiency and adjust operations are expected to deliver annualised permanent cost savings of around EUR 4.5 million and will be effected mostly during the first half of 2010 .,positive
"At the same time , sales development in Russia was boosted by the opening of Stockmann Nevsky Centre in St Petersburg .",positive
"Benefon , a wireless and GPS technology company , will supply Karputer with its TWIG navigation platform , a GPS satellite navigation and voice guidance service .",positive
"Biohit and VWR have been in close cooperation for a number of years in the US , where Biohit is one of VWR 's focus suppliers .",positive
Combining this deep domain expertise with our Application Service Management ASM and outsourcing service offerings has now proved to be a winning combination .,positive
Demand was brisk as expected and order levels have remained high .,positive
"During the past decade it has gradually divested noncore assets and bought several sports equipment makers , including California-based Fitness Products International and Sparks , Nevada-based ATEC , a leading maker of baseball and softball pitching machines .",positive
Espoon kaupunki awarded contracts for personal care products .,positive
"Exports accounted for 65.4 % of net sales , representing an all time record for the company .",positive
Finland 's Poyry Energy has won a contract to advise builders of a new cogeneration power plant in Lithuania 's second-biggest city of Kaunas and to supervise the construction process .,positive
"Finnish construction company YIT Oyj said on November 13 , 2007 it won a 70 mln euro $ 102.8 mln contract to construct the new office building for local property company Tapiola Real Estate Oy .",positive
In 2005 Cargotec 's net sales exceeded EUR 2.3 billion .,neutral
"In 2006 , Kone received an order from Aker Yards to supply 43 customised elevators for the very first Genesis cruise ship which is scheduled to be completed in 2009 .",positive
"In addition to fireplace exports , demand for lining stone has exceeded the level of the earlier part of the year and will continue to be clearly brisker for the remainder of the year .",positive
Kalmar has been awarded a new 5-year contract to supply its Rough Terrain Container Handler RTCH .,positive
Major Order in India Comptel Corporation has received a significant long-term order for mediation and provisioning solutions being used by a leading operator in India .,positive
Managing Director Kari Inkinen says that Sponda 's leasing operations developed highly favourably .,positive
Net cash flow from operations is expected to remain positive .,positive
"Of the price , Kesko 's share is 10 mln euro $ 15.5 mln and it will recognize a gain of 4.0 mln euro $ 6.2 mln on the disposal which will be included in the result for the second quarter of 2008 .",positive
Olvi has posted a strong set of figures for the first six months of this year .,positive
Operating profit improved by 27 % to EUR 579.8 mn from EUR 457.2 mn in 2006 .,positive
Our standardised services have met with a positive reception among our customers as well as at Itella .,positive
Performance in the second half of 2009 exceeded expectations .,positive
Ponsse projects the forest machine markets to improve more than expected in 2010 from the previous year .,positive
"Ragutis , which is based in Lithuania 's second-largest city Kaunas , boosted its sales last year 22.3 per cent to 36.4 million liters .",positive
"Raisio 's bid to buy Glisten is a `` win-win '' deal for both companies , the chairman of the UK snacks firm told just-food today 10 February .",positive
Stora Enso owns 43 percent of Bergvik and earns therefore SEK 1.5 bn on the value appreciation .,positive
Talvivaara also maintains its assumption of turning cash flow positive before the year end .,positive
"Thanksto improvements in demand and the adjustments we have made , theutilization rates of Cramo 's fleet have substantiallyimproved . ''",positive
The acquisition is expected to improve access to chrome ore resources in Turkey .,positive
The aim is an annual improvement in Ruukki Construction 's operating profit of more than EUR 3 million USD 4.1 m starting in 2009 .,positive
"The company estimates that the trend in demand for sports equipment will be steady in 2006 , '' Amer 's report said .",positive
The estimated synergy benefits are at least EUR7m annually .,positive
The goal will be achieved via organic growth possibly supplemented by acquisitions .,neutral
The Group 's business is balanced by its broad portfolio of sports and presence in all major markets .,positive
The Group 's business is balanced by its broad portfolio of sports and presence in all major markets .,neutral
The objective of the planned measures is to achieve significant savings in the next few years .,positive
The rebuilds are designed to improve the machines ' performance and product quality .,positive
"The transaction will have a positive impact of around EUR2m on earnings , which Ruukki will recognize during the fourth quarter of this year .",positive
"When the situation normalises , the company will be able to increase the amount of residential units for sale in St Petersburg and Moscow , in particular .",positive
"` This is a repeat order to follow successfully installed 159 elevators in the same Delhi metro system , ' Kone spokeswoman told Thomson Financial News .",positive
"`` Our customers now have the chance to make bookings for all the services they want at one location , '' said Mikko Tuomainen , in-charge of Finnair 's Internet ( sales ) .",positive
`` Stonesoft sees great promise in the future of IPv6 .,positive
`` The combined activities will create value for shareholders and be good for our employees and customers .,positive
`` The trend in the sports and leisure markets was favorable in the first months of the year .,positive
"`` We continued actively to focus R&D and to position our offering away from point solutions towards dynamic end-to-end solutions , '' Ervio stated .",positive
16 February 2011 - Finnish industrial machinery company Metso Oyj ( HEL : MEO1V ) said today it will deliver minerals processing equipment and basic engineering to Canadian miner Northland Resources ( OSL : NAUR ) ( TSE : NAU ) .,positive
27 January 2011 - Finnish IT solutions provider Affecto Oyj ( HEL : AFE1V ) said today it has won a EUR1 .2 m ( USD1 .6 m ) contract from state-owned Lithuanian Social Insurance Institution ( SODRA ) .,positive
"According to Finnish pension insurance company Varma , Varma was the recipient of over two thirds of the revenue of the earnings-related pension cover that was under competitive tendering in Finland .",positive
Finnish construction group Lemmink+ñinen has been awarded two road building contracts by the Lithuanian transport administration .,positive
"Finnish construction group YIT has been awarded a contract to install heating , air conditioning and cooling systems to the new head office of the automobile association ADAC in Munich in Germany .",positive
"Finnish flexible packaging manufacturer Suominen Corporation reports net sales of EUR 54.5 mn in the first quarter of 2008 , compared with EUR 54.3 mn a year earlier .",positive
Finnish forest machinery manufacturer Ponsse has agreed with Volvo on the start of cooperation in Latin America .,positive
"Finnish Metso Paper has been awarded a contract for the rebuild of Sabah Forest Industries ' ( SFI ) pulp mill in Sabah , Malaysia .",positive
"Finnish Metso Paper has won an order to supply an uncoated fine paper machine to MCC Paper Yinhe , in China .",positive
Finnish Outokumpu Technology has been awarded several new grinding technology contracts .,positive
Finnish Rautaruukki has been awarded a contract to supply and install steel superstructures for the Partihallsf+Ârbindelsen bridge in Gothenburg in Sweden .,positive
"Lule+Ñ municipality has awarded YIT a 2-year contract , for property management of about one third of the municipality 's properties , with a total area of 140,000 sq. metres .",positive
"The shopping center to be opened in St. Petersburg , Russia in November 2010 will turn the cash flow of Finnish department store chain Stockmann 's Russian operations positive for the first time in 2011 .",positive
"According to Atria 's President and CEO Matti Tikkakoski , the company 's Swedish operations significantly improved in the first quarter .",positive
"According to CEO Kai Telanne , the company 's newspapers achieved the best financial result ever .",positive
"According to Kesko , the company agreed with the city administration about lease of the building in 2006 , its resettlement and construction of a five-star hotel Hilton for 120 rooms .",positive
"According to Nordic financial group Nordea 's analyst Sami Sarkamies , this makes Nokia 's portfolio competitive again .",positive
"According to Ringman , Finnish paper companies have acquired know-how and capacity in paper recycling , which has turned out to be a successful strategy .",positive
"According to Schmardin , Nordea will most likely try to win customers over from other pension fund providers .",positive
"According to the CEO of Nordea Bank Estonia Vahur Kraft , Nordea Finland and Stockmann have been cooperating for more than ten years .",positive
"Adanac Molybdenum of Canada has ordered grinding technology for its molybdenum project in British Columbia , Canada , while Shalkiya Zinc of Kazakhstan has awarded a contract for grinding technology for the Shalkiya zinc-lead project in Kazakhstan .",positive
All of Raisio 's divisions recorded an operating profit .,positive
"An estimated 30 pct of mobile calls are made from the home , and France Telecom hopes that 15 pct of its Orange clients will sign up for the service by the end of 2008 .",neutral
"And the broker repeated its ` buy ' rating , based on expectations that current restructuring will lead to a clear improvement in performance in Europe in 2007 .",positive
"Arvo Vuorenmaa , the Loviisa plant 's general manager said the application for the new licence was a `` standard '' procedure and that he was `` quite confident '' about approval being granted .",positive
"As a domestic business , Best-In is already close to Finnish dog owners .",positive
"BasWare 's CEO Ilkka Sihvo comments in conjunction with the Interim Report : `` As a whole , BasWare succeeded well in the second quarter of 2007 .",positive
Cash flow from operating activities is estimated to be positive .,positive
Cision says the sale will return its U.K. operation to profitability .,positive
"Citigroup , Inc ( NYSE : C ) has announced that its Global Transaction Services ( GTS ) business has been awarded a new mandate by Finland-based Pohjola Bank Group .",positive
"Comptel , a vendor of dynamic Operations Support System ( OSS ) software , has been selected by Orascom Telecom ( OTH ) as partner for provisioning and activation solutions for mobile services .",positive
"Department store sales improved by 14 % to EUR 1,070.6 mn .",positive
DMASIA-16 August 2006-Benefon extends manufacturing capability with ASMobile -® 2006 Digitalmediaasia.com & DMA Ltd. .,positive
"Finland 's national carrier Finnair PLC carried a record 8.5 million passengers in 2005 , an increase of 4.5 percent on the previous year , the airline reported Tuesday .",positive
"Finnair PLC carried a record 8.8 million passengers in 2006 , an increase of 3.5 percent on the previous year , the Finnish national carrier reported Tuesday .",positive
"Finnish consulting and engineering group Poyry Plc ( OMX Helsinki : POY ) said on Wednesday ( 1 October ) that it has been awarded a contract by Tanqia Dibba FZC as owner-engineer for the wastewater system of Dibba , Emirate of Fujairah , UAE .",positive
"Finnish financial solutions developer Basware Corporation ( OMX Helsinki BAS1V ) said on Tuesday ( 23 September ) that it will deliver a complete Invoice Automation solution to a large US engineering , construction and technical services organization .",positive
Finnish handling systems company Cargotec Oyj ( HEL : CGCBV ) said today that it won a EUR 13 million ( USD 16.6 m ) contract to deliver MacGregor hatch covers for ships ordered by Norwegian shipowner Grieg Shipping .,positive
Finnish operator Elisa and Aker Yards have signed a long-term service deal through which Elisa will deliver all necessary voice and data services for Aker Yards in Finland .,positive
"Finnish steel maker Rautaruukki Oyj ( Ruukki ) said on July 7 , 2008 that it won a 9.0 mln euro ( $ 14.1 mln ) contract to supply and install steel superstructures for Partihallsforbindelsen bridge project in Gothenburg , western Sweden .",positive
"Fiskars has a strong portfolio of international brands , which include Fiskars , Iittala , Gerber , Silva and Buster .",positive
"For Teleste , the acquisition marks an entry into services business in a market where it has long been an established and significant supplier of products .",positive
"Forestries were also higher , driven by yesterday 's bullish analyst comment on Stora Enso in Dagens Industri , dealers said .",positive
"Furthermore , efficiency improvement measures initiated earlier are now bearing fruit , '' CEO Jan Lang said .",positive
Global Banking News - 28 September 2010 Tieto Corporation and Pohjola Bank ( PINK : POJLF ) are to cooperate on SWIFT services .,positive
Hearst will be able to consolidate about 20 % of all Russian market for advertising in press after the purchase .,positive
"Helsingin Uutiset , Vantaan Sanomat and Lansivayla reach some 385,000 readers , or more than 40 % of the consumers in the greater Helsinki region .",positive
"HELSINKI ( AFX ) - Metso said it will upgrade one of UPM-Kymmene 's four paper machines at the latter 's mill in Jaemsaenkoski with a new coating color supply system , machine and process controls and quality measurements .",positive
"However , Simdax will remain available in the markets where it already has been approved as it has marketing authorisations or submitted applications in more than 40 countries , Orion added .",positive
"However , the broker gave an `` outperform '' recommendation on the stock .",positive
"However , the total orders received will still be above last year s levels .",positive
"In accordance with our strategy , we strengthened our local presence by establishing a representative office in South Africa in October .",positive
"In addition , Lehdentekijat Oy will start producing a new membership magazine , Viisas Raha ( Wise Money ) for the Association .",positive
"In future , the company intends to look for know-how from outside the company and to cooperate with other actors in the sector .",positive
Industry Investment is very interested in Glaston 's solar energy projects .,positive
It also has potential clients in the growing environmental and recycling technology sectors .,neutral
It is now the leading private road ambulance service company in Finland .,positive
"Known as Post Bank , the concept would see Fidelity Bank rolling out 75 offices in Ghana Post premises , to provide financial services to the people .",positive
"Kone 's factory located at Ayanambakkam , a suburb to the west of Chennai , is a fully integrated facility which gives it the capability to address costs .",positive
Last year SysOpen Digia invested in IBM product know-how in the building of portal and trading place systems and successfully implemented customer solutions supported by it .,positive
"( ADP News ) - Oct 1 , 2008 - Finnish consulting and engineering company Poyry Oyj ( OMX : POY1V ) said today it was awarded a EUR 5.2 million ( USD 7.4 m ) extension to their existing consultancy engineering contract with Venezuel",positive
"( ADP News ) - Oct 31 , 2008 - Finnish food company Raisio Oyj ( OMX : RAIVV ) said today that its net profit jumped to EUR 16.4 million ( USD 20.9 m ) for the first nine months of 2008 from EUR 1.1 million for the same period of 2",positive
"( ADP News ) - Sep 30 , 2008 - Finnish security and privacy software solutions developer Stonesoft Oyj said today that it won a USD 1.9 million ( EUR 1.3 m ) order to deliver its StoneGate network security products to an unnamed Russian te",positive
"Meanwhile , Electrowatt-Ekono Philippines , Inc. was also awarded a three-year operation and maintenance ( O&M ) contract by FR Cement Corporation .",positive
"Meanwhile , Nokia said that it will be able to deliver a complete range of services from deployment operations to consulting and integration to managed services as a result of the buyout .",positive
Metso Paper 's delivery will comprise an Advantage DCT 200 tissue machine including quality control and distributed control systems ( QCS-DCS ) .,neutral
Net sales in 2007 totalled EUR 329 million and the operating margin was above 19 % .,neutral
"Nevertheless , Fitch notes that the business fundamentals of the three banks currently remain sound .",positive
"Nokia controls more than 50 percent of phone sales in India and Africa , and has a strong prosition on most other emerging markets .",positive
"Nokia will provide Indosat turnkey services , including civil works , network planning , implementation and integration of a WCDMA 3G-HSPA network .",neutral
NORDIC BUSINESS REPORT-26 June 2006-Metso Corporation wins EUR50m equipment order in Australia -® 1998-2006 M2 COMMUNICATIONS LTD The Finnish engineering and technology group Metso Corporation said on Monday ( 26 June ) that it has received a EUR50m equipment order in Australia .,positive
"Of the sales price , a sales gain of some 3.1 mln euro ( $ 4.5 mln ) will be recognized in Incap 's earnings for 2007 .",positive
Outotec 's net profit for the second quarter of 2007 jumped to 16.8 mln euro ( $ 23.1 mln ) from 4.6 mln euro ( $ 6.3 mln ) a year ago .,positive
Panostaja Oyj s ( Panostaja ) Board of Directors decided on 16 December 2010 on a new long-term incentive and commitment plan for members of the management team .,positive
"Pioneer Library System was one of 127 libraries , municipalities , arts , culture and higher education and science organizations to have been awarded grants to participate in The Big Read , the largest federal reading program in U.S. history .",positive
Pretax profit jumped to EUR 21.9 million from EUR 3.1 million .,positive
"Profitability ( EBIT % ) was 13.9 % , compared to 13.1 % in the previous-year period .",positive
Raute Corporation has received orders worth over EUR 12 million from OOO Ilim Bratsk DOK in Russia .,positive
"Recovery has been evident in the liquid handling business , particularly in areas outside Europe and primarily in North America and Asia .",positive
"Sales improved to SEK 1,553 mn , compared with SEK 1,408 mn .",positive
"Savon koulutuskuntayhtyma , Finland based company has awarded contract for specialist agricultural or forestry machinery .",positive
SKF 6 April 2010 - Alandsbanken has given a `` buy '' recommendation on Swedish industrial company SKF AB ( STO : SKF B ) with a share price target of SEK150 .,positive
Sony Ericsson and Nokia dominated the list of best-selling handsets with five models each .,positive
"Speaking to just-drinks today , a spokesperson for Olvi said : `` We have performed very well in all four countries we operate in - namely , Finland , Estonia , Latvia and Lithuania . ''",positive
Sports equipment sales also progressed well owing to the prolonged winter season .,positive
Stockmann MasterCard has widened the scope of this cooperation to Estonia and Latvia .,positive
Stora Enso will record a capital gain of EUR 33 million as a non-recurring financial item in its fourth quarter 2006 results .,neutral
TELE2 Affarsvarlden gave a `` buy '' recommendation on mobile operator Tele2 AB and a share price target of 142 crowns ( $ 23.54 - 15.19 euro ) .,positive
That topped consensus forecasts for earnings of 0.21 euros a share .,positive
The acquisition of Kaupthing Sverige will bring a significant positive non-recurring addition to the group 's performance .,positive
The acquisition will have an immediate positive impact on Aspocomp 's financial result .,positive
The amending of the proposal simplifies the proposed plan and increases the incentive for key employees to stay in the Company .,positive
"The Australian company Mirabela Nickel has awarded Outokumpu Technology a contract for grinding technology for its nickel sulfide project in Bahia State , Brazil .",positive
"The broker has initiated both Palfinger AG and Konecranes OYJ with ` buy ' recommendations , with 51 and 42 eur price targets respectively .",positive
"The buyer aims to thus reinforce its position in Denmark , Martela Group managing director Heikki Martela said .",positive
The companies have agreed on long-term cooperation to mechanise harvesting in Stora Enso 's eucalyptus plantations in Southern China .,positive
The company aims to maintain this trend in profitability during the current year .,positive
The company also said that in Poland a profitability program has been launched at the Oborniki steel frame and sandwich panel plant .,positive
"The company has established a 3G base station at about 17,000 feet at the foot of Mount Everest that will enable mountain climbers at the 29,035-foot summit to surf the Internet and even send videos of their exploits .",positive
The company is also featured in the Ethibel Pioneer Investment Register and included in Innovest 's Global 100 list of the world 's most sustainable corporations .,positive
"The company 's goal is to achieve annual savings of EUR 2 million ( USD 2.7 m ) , of which two thirds are to be realized in 2010 .",positive
The company said it observed a current stabilisation in prices and there is potential for higher prices for deliveries in the first quarter of 2011 .,positive
The company will also be compensated for acting as a reserve batch plant .,positive
The Group also has a strong global position in other fishing categories .,positive
The Group 's cash flow from operations will be positive .,positive
The mill has long traditions and holds an established position in the markets .,positive
"The move is aimed at boosting sales , cost-efficiency and market share in Finland .",positive
The newspapers of Alma Media and Arena Partners will enter a cooperation agreement on using Alma 's marketplace services in their respective regions .,neutral
"The original name Componenta +àm+Ñl , as a subsidiary of the Finnish Componenta Group , has been changed to +àm+Ñl Components and the company has seen a 63 % growth in Q1 2010 , in comparison to Q1 2009 .",positive
The parties have also agreed on options that allow UH to extensively implement later on also functionalities of human resources management .,positive
"The pilot project proved that RIFD technology is ideal for our purposes '' , comments Olli Saarinen , Material Handling Supervisor at Yara .",positive
"The planned facility , estimated to cost around $ 814 million , would be the largest biodiesel plant in the world , and use palm oil certified by the Roundtable on Sustainable Palm Oil ( RSPO ) .",positive
This combined with foreign investments creates interesting opportunities for Solteq .,positive
"This is Done Logistics ' largest order in Norway , the diversified group said .",positive
This resulted in improved sales figures in Sweden .,positive
"To choose BasWare as the tools for our Financial Service seemed like a natural continuation of our cooperation '' , says Tommi Leskinen , Financial Applications Manager , Neste Oil Corporation .",neutral
"Under the agreement GeoSentric will provide GyPSii-powered hotel information and reservation services to visitors to China , including such popular cities as Beijing and Shanghai .",positive
"Vaisala also said it expects net sales of EUR 253.2 million for 2010 , compared with EUR 252.2 million recorded in 2009 .",positive
Validating our fgVoIP client through Symbian Signed represents a significant step forward in accomplishing this goal .,positive
"Wartsila won the contract in October 2007 and the plant will be installed at Manturovo in the Kostroma region of Russia , about 600 km northeast of Moscow , Russia .",positive
"We are honored to be recognized by Gartner as a specialist in Business Process Modeling and Analysis , in the company of many of the largest software vendors in the world .",positive
We are now in a position to pursue novel clinical candidates going forward . '',positive
- UPM-Kymmene upgraded to ` in-line ' from ` underperform ' by Goldman Sachs .,positive
`` Consumers have very well received our packed fresh meat .,positive
`` Demand for sports equipment was good in 2005 .,positive
"`` Last year , Finnair recorded a 32.6-percent growth on the Asian sector , carrying more than 1.10 million passengers between the two continents . ''",positive
`` The additional flight linking Mumbai with Helsinki was dictated by the strong traffic demand between Asia and Europe .,positive
`` The lowering of prices by us and by our competitors shows that the real estate market has stabilised and returned into balance and apartments are acquiring a fair price in the eyes of our clients .,positive
"`` The new structure provides better communication , faster decision-making and cost savings , '' Proha said .",positive
"`` This contract demonstrates our ability to apply our minerals and metals technologies in adjacent industries , such as oil shale processing .",positive
`` We are pleased to deliver the Basware Invoice Automation solution to a major retail company in the US .,positive
"`` We have tailored our solutions to meet Solel 's technical requirements , and the result is both cost-effective manufacturing and highest-quality reflectors . ''",positive
`` We 've been feeling quite positive about the region as a whole .,positive
21 December 2010 - Finnish industrial machinery company Wartsila Oyj Abp HEL : WRT1V said yesterday it had won an order to design a liquefied natural gas LNG powered platform supply vessel PSV for Norwegian oil service provider Eidesvik Offshore ASA OSL : EIOF .,positive
Finlan 's listed food industry company HKScan Group controlled companies in the Baltics improved revenues by EUR 3.5 mn to EUR 160.4 mn in 2010 from EUR 156.9 mn in the year before .,positive
"Finnish airline Finnair has won a deal with the UK public sector to be the official airline for flights from London Heathrow to Osaka in Japan , as well as flights between Manchester in the UK and Helsinki in Finland .",positive
Finnish Cargotec has been awarded a significant order for a total of 292 Hiab loader cranes by BAE Systems in the US .,positive
Finnish Cargotec 's Kalmar has received a significant order from the US Department of Defense .,positive
Finnish Outotec has been awarded a contract to supply a new zinc roaster with gas cleaning and sulphuric acid plant for the OZK Kardzhali zinc smelter in Bulgaria .,positive
"Finnish P+Âyry has been awarded an engineering contract by CFR , the national railway company of Romania .",positive
"According to a report by Neomarkka , Kuitu Finland 's customers are interested in buying the company 's products when it restarts production .",positive
"As a result , the distribution companies will start to distribute , in addition to their current product offering , Shimano reels , rods and other Shimano fishing tackle products on an exclusive basis .",positive
Cargotec Germany GmbH has been awarded a contract by Stadtverwaltung Mainz for chassis bodies under Open procedure .,positive
CEO Erkki J+ñrvinen is happy with the company 's performance in 2010 .,positive
Deliveries have started and the network will be ready for a launch soon .,positive
"Earnings per share for the quarter were also higher year-on-year at 0.33 eur versus 0.27 , and above market expectations of 0.28 eur .",positive
"EBITDA for the year 2009 improved to EUR484m , as compared with EUR472m in 2008 .",positive
"Estonian telecoms company Elisa 's customer numbers cross 400,000 TALLINN , Oct 22 , BNS - The Estonian telecommunications company Elisa won approximately 50,000 new clients in the nine months of this year , bringing the number to 401,800 by the end of September , the company said .",positive
"Exel Composites ' long-term growth prospects remain favourable , however .",positive
fi is developing cooperation in keyword advertising with Microsoft .,positive
"Finnish construction group Lemminkainen Oyj HEL : LEM1S said today it has won a contract to provide technical services for the Nevsky Centre shopping mall to be opened in November in St Petersburg , Russia .",positive
Finnish mobile operator DNA will function as a subcontractor to Maingate and will be responsible for telecommunications connections .,positive
"Finnish software developer Basware Oyj said on November 30 , 2006 its U.S. subsidiary Basware , Inc. won an order to provide software for contract lifecycle management to an unnamed U.S. medical technology company .",positive
"Honka 's subsidiaries in France and Germany will also benefit by , for example , arranging customer events in conjunction with World Cup skiing competitions .",neutral
"However , sales volumes in the food industry are expected to remain at relatively good levels in Finland and in Scandinavia , Atria said .",positive
Incap and Lankapaja aim to enter into actual agreement to transfer the sheet-metal production to the buyer in February in order to complete the transfer on 1 March 2011 .,positive
Mr Kivimeister said John Deer former Timberjack stands to win in the situation : it controls around 60 % of Estonia 's forest machinery market .,positive
Nokia and Elisa will work together to bring a superior mobile gaming experience for Elisa customers .,positive
Nordea sees a return to positive growth for the Baltic countries in 2011 .,positive
Operating profit improved by 16.7 % to EUR 7.7 mn .,positive
Operating profit improved by 39.9 % to EUR 18.0 mn from EUR12 .8 mn .,positive
Operating profit improved by 44.0 % to ER 4.7 mn from EUR 3.3 mn in 2004 .,positive
Operating profit improved to EUR 20.3 mn from EUR 11.4 mn .,positive
Outokumpu 's chief executive Juha Rantanen expressed his confidence in China market .,positive
"Previously , the company anticipated its operating profit to improve over the same period .",positive
Productional situation has now improved .,positive
Rautaruukki said construction group YIT has awarded it a 2.5 mln eur contract to supply the steel structures for a new bridge spanning the Kemijoki river in Northern Finland .,positive
"Sales came in at 241 mln eur , compared with 211.4 mln , and also beating consensus forecasts of 235 mln eur .",positive
"Sales VAT inclusive expanded by 19 percent , to 351 million euros .",positive
Strong growth has continued also in China .,positive
Synergy benefits will start to materialise in the second quarter .,positive
Teleste and Sentry 360 have formed an integration partnership between Sentry s advanced 360-degree immersive camera product line and Teleste s enterprise video management systems .,positive
"Thanks to the multiplying effect of wagon performance , transport will be much more efficient , '' says development manager Juha Malkia from VR Cargo .",positive
The ` buy ' recommendation was reiterated .,positive
The aim is to achieve EUR 2.5 mn yearly savings .,positive
The borrower was happy to do the roadshow and this paid off as the hit ratio from it was high .,positive
"The company , which makes garden tools , scissors and other consumer goods , said earnings were boosted by 6.9 mln eur of income it received from its 16.7 pct shareholding in Finnish engineering group Wartsila .",positive
The company anticipates its turnover for the whole 2010 to surpass that of the previous year when it was EUR 67.1 million .,positive
The company negotiated an amendment to the financial covenants of the present credit agreements in regard to the situation on 30 September 2010 .,neutral
The EPS improved to EUR0 .38 from EUR0 .27 .,positive
The expansion aims to attract new customers both in Finland and abroad .,positive
The Federal Secretary for Transport and Communication of Mexico has awarded Poyry and its Mexican partner Sintra a consulting contract in connection with the Buenavista-Cuautitlan suburban railway .,positive
"The financial impact is estimated to be an annual improvement of EUR2 .0 m in the division 's results , as of fiscal year 2008 .",positive
"The financial impact is estimated to be some 1.5 MEUR annual improvement in the division 's result , starting from fiscal year 2007 .",positive
The Finnish group anticipates a sales gain of EUR42m after tax and expenses .,positive
"The launch of the plant in June went well , and it has been producing the advanced fuel for a couple of weeks .",positive
The parties have agreed to negotiate definitive distribution and license agreements by the end of June 2010 .,positive
The rationalization of the operations seeks to achieve over EUR 1 million in yearly savings as from the second quarter of the current financial year .,positive
"The sale , which will result in a gain of some EUR 60 million in the second quarter of 2010 for Oriola-KD , supports the Finnish company 's strategy to focus on pharmaceutical wholesale and retail operations .",positive
The stock of new machines is reasonably small and new orders bring work .,positive
The third order awarded to Outokumpu Technology is by Shalkiya Zinc of Kazakhstan for the Shalkiya zinc-lead project in Kazakhstan .,positive
These companies will be able to keep their market positions .,positive
This acquisition supports our strategy of being close to our customers all around the world offering both equipment and related services .,positive
This lays a foundation for sustainable business development for the long term .,neutral
"Turun kaupunkin , Finland based company has awarded contract to Lemminkainen Talotekniikka Oy for electrical installation work .",positive
The world 's biggest magazine paper maker said the program to improve efficiency will include closing several of its least competitive mills and would cover all the company 's operations resulting in annual savings of some euro200 million US$ 240 million .,positive
These moderate but significant changes resulted in a significant 24-32 % reduction in the estimated CVD risk .,positive
Uponor improved its performance in spite of the decrease in residential construction in the US .,positive
The inventor was issued U.S. Patent No. .,neutral
"Israeli cable network operator HOT Telecom has chosen Teleste , an international technology group , as its exclusive provider of FTTx equipment in Israel , according to Teleste today .",positive
Incap Corporation Stock Exchange Release 4 May 2010 at 8.30 a.m. INCAP CORPORATION 'S DIRECTED SHARE ISSUE WAS SUBSCRIBED IN FULL The Board of Incap Corporation has approved the subscriptions of directed share issue .,neutral
"Amer Sports divests an industrial site in Rumilly , France -  This announcement is distributed by Thomson Reuters on behalf of Thomson Reuters clients .",neutral
"Simultaneously , his responsibility area is extended from legal affairs to cover also mergers and acquisitions .",neutral
The Board of Directors has proposed the Extraordinary General Meeting to authorise the Board to decide on the issuance of a maximum of 30mn new shares in one or more share issues .,neutral
`` BG Crane has been a strong partner for Hiab in Australia for many years .,neutral
"Once your plants are in the ground they will continue to grow , but the success of any garden lies in how well it 's maintained .",neutral
"The purchase of sites worth 300 million in the Thames Gateway will provide more than 1,200 homes .",neutral
"Poyry 's contract includes engineering management , civil and detail engineering services , and time scheduling and procurement services .",neutral
"The Group brand portfolio includes the leading brand in the industry , Rapala , and other global brands like VMC , Storm , Blue Fox , Luhr Jensen , Williamson , Marttiini and Sufix .",neutral
"It 's `` finger-friendly '' , and to my opinion , really fast .",neutral
"`` Thanks to my Nokia and Lulu , I am now proud to be a published His novel can be found here .",neutral
"`` The summer collection 2008 will be joyfully fresh like a vitamin injection , '' said H&M 's head of design Margareta van den Bosch .",neutral
"A maximum of 20 employees , who work in Karttakeskus and are responsible for producing Geographic Information Services , will be affected , the company added .",neutral
"About Marubeni Marubeni Corporation TSE : 8002 ; ADR : MARUY was established in 1858 , and is a core company of Marubeni Group , one of Japan 's leading general trading houses .",positive
"ABOUT MIDNIGHTTRADER : MidnightTrader is the premier source of extended-hours US equity trading analysis , news and forecasting for the retail and institutional investment community .",neutral
Juha-Pekka Weckstr+Âm has been appointed President of telecom group TeliaSonera Finland to succeed Esa Rautalinko .,neutral
"According to Pietinalho , doctors should motivate their patients who smoke every time they visit their doctors .",neutral
"According to the original merger plan , Scanfil would get a 79 % stake in the combined business .",neutral
"According to Ultrascan , with a software acquired from crackers , it has managed to change the mobile phone in a way that the phone was able to get hold of a one-time password sent by a bank via a text message .",neutral
"Additionally , retailers can use the same hardware across all tasks in stores and throughout the warehouse , providing substantial savings on support and infrastructure costs .",neutral
"Addus ' services include personal care and assistance with activities of daily living , skilled nursing and rehabilitative therapies , and adult day care .",neutral
"Aldata Solution Oyj Bertrand Sciard President and CEO Further information : Aldata Solution Oyj , Bertrand Sciard , President and CEO , tel. +33 1 46 48 28 00 Aldata 100 % Retail-Wholesale At Aldata 100 % of our business is dedicated to retail and wholesale business improvement .",neutral
Alfa group will have 43.9 % of voting stock in the new company and Telenor 35.4 % with a free float of 20.7 % .,neutral
All are welcome .,neutral
Altogether 150 subjects with mildly elevated cholesterol levels participated in the four-month long intervention .,neutral
"An additional amount , capped at EUR12m , is payable in cash upon the achievement of certain financial performance targets in 2007 .",neutral
"Arto Ryymin , born 1964 , will replace Juhani Kaisanlahti who has worked as acting EVP , Healthcare & Welfare since August 2007 .",neutral
At CapMan Haavisto will be responsible for Group Finances and Accounting and IT .,neutral
"By implementing the software the Finnish Army aims to unify and improve its operations in these application areas , QPR Software stated .",positive
"Cablevision Systems Corp. CVC Their Madison Square Garden division owns and operates the New York Knickerbockers basketball team ; they also own the Madison Square Garden Arena , the New York Rangers hockey team , the New York Liberty women 's basketball team , and the Hartford Wolf Pack hockey team .",neutral
"CapMan has six investment areas CapMan Buyout , CapMan Technology , CapMan Life Science , CapMan Russia , CapMan Public Market and CapMan Real Estate , and each of them has a dedicated team and funds .",neutral
"CapMan Plc Press Release 31 March 2008 Jukka Ruuska , President of the OMX Nordic Exchanges and the Stockholm Stock Exchange , will transfer to CapMan effective no later than September 2008 .",neutral
"cents The profile contains business operations , the company history , major products and services , prospects , key competitors , structure and key employees , locations and subsidiaries .",neutral
"Conference Call To participate via a conference call , please dial in 5-10 minutes before the beginning of the event : +44 0 20 7162 0025 Europe or +1 334-á323-á6201 USA .",neutral
Construction is scheduled to start in April-June 2007 and to be completed in early 2008 .,neutral
"FinancialWire tm is a fully independent , proprietary news wire service .",neutral
Finnish Civil Aviation Administration decided to temporarily reopen Finnish capital 's Helsinki airport since 3 p.m. to 11 p.m. Monday local time .,neutral
"Fiskars , the World 's  1 Scissors Brand TM , recently won Learning -« Magazine 's 2011 Teachers ' Choice Award for the Classroom .",positive
"Founded in 1946 , Strand Associates , which provides civil , environmental , transportation , electrical and mechanical engineering services , has 350 employees at 10 offices in Wisconsin , Alabama , Illinois , Indiana , Kentucky and Ohio .",neutral
Halonen 's office acknowledged receiving the letter but declined comment .,neutral
He believes that the soy-oats have a good chance of entering the UK market .,positive
"He does not believe , however , that HKScan or Atria will start to use imported meat as Finnish consumers prefer domestic products .",neutral
"Headquartered in this city , the company is nearly 75 years old and focuses on science-based innovation and technology for environmental measurement .",neutral
"However , in March 2009 , the government of St. Petersburg passed the front part of the building with the area 1,900 square metres and a land plot for a hotel worth USD 10-15mn to the company Delta .",neutral
"In 2009 , Lee & Man had a combined annual production capacity of close to 4.5 million tonnes of paper and 300,000 tonnes of pulp .",neutral
"In the method the smelt spouts 2 are separated from the working area 6 by a shielding wall 8 , 10 arranged movable in relation to the smelt spouts .",neutral
"Investments span across various product and investment types , including retail , hospitality , office , and residential , with interests in real-estate portfolios , non-performing loans and corporate restructurings .",neutral
It also recovers valuable raw material for Kemira 's water chemical production .,neutral
"It is necessary to strengthen the company 's operations , however .",neutral
It will use the proceeds from the transaction to achieve its target .,neutral
"Kai Tulonen , Chief Technology Officer , SysOpen Digia says : `` We have been using Corporate Phonebook inside SysOpen Digia extensively since last fall , and we have been very satisfied with the results .",positive
"Last year , Lemminkainen completed the Kouvola K-supermarket contract .",positive
Le Lay succeeds Walter G++nter and will be based in Finland .,neutral
"Lemminkainen Infra Oy 's subsidiary Lemminkainen Sverige AB will perform the construction work , which is expected to start in early 2011 and to be completed in the summer of 2013 .",neutral
"Los Angeles-based Pacific Office Properties Trust acquires , owns , and operates office properties in the western U.S. , focusing initially on the markets of Honolulu , San Diego , Los Angeles , and Phoenix .",neutral
"Master of Mayawas jointly developed by Nokia Siemens Networks and UFA - FremantleMedia , and will be actively advertised by Maxis in the end of May 2007 .",neutral
Medical Devices - Russia This brand-new market analysis gives a clear overview of the actual situation and future outlook of the medical device market in Russia .,neutral
"Metrics in QPR ScoreCard now support date , text and milestone-based values , which improve its support for managing projects around performance or process-related content .",positive
Mformation provides enhanced management of these applications by enabling configuration and control throughout their lifecycle .,neutral
"Mr. Jorma Valkama , Managing Director of Suomen Paikallissanomat Oy , states that Rannikkoseutu complements in an outstanding way the current product range of the company .",neutral
"Mr. Mikko Saavalainen , head of Comptel 's Global Sales concludes : `` Gibtelecom provides a perfect illustration of the variety of business , technical and regulatory challenges operators are facing in their OSS today .",neutral
"Neste Oil said that while results from its biomass to 3 liquids demonstration plant , commissioned in June 2009 , have been promising , no decision on a commercial plant has been taken .",neutral
"Nokia will continue to invest in future development of Qt , and Digia will be responsible for commercial licensing and services business .",neutral
"Nonwovens and specialty papers , made by Ahlstrom , are used in a large variety of everyday products , e.g. in filters , wipes , flooring , labels , and tapes .",neutral
"Now , Nokia has announced the launch of Bicycle Charger Kit that is compatible with all Nokia phones that have a 2 mm charging interface .",neutral
"On the basis of competitive bidding OOO Kitai Stroi , the Russian subsidiary of China State Construction Engineering Corporation , a construction company owned by China State , has been selected as the main constructor .",neutral
"Only this time , Nokia , India 's largest MNC , has sought out a topic that could spark off a million approaches ` Creativity in Emerging Markets .",neutral
Other carriers and handset makers spin it as a positive event that will raise interest for higher-end phones and pricier data plans .,positive
Other potential clients include public administration organizations investing in utility networks and services .,neutral
"Our solutions are fully Arabized , and our message is that we want to become the IT partner of choice for businesses in the Near-East region .",neutral
"Pearl Plaza LLC , the joint venture of SRV and Shanghai Industrial Investment Holdings Co Ltd , has concluded the investment decision on construction of the first phase of the shopping center in Saint Petersburg , Russia .",positive
"POYRY PLC Additional information by : Martin Kuzaj , President , Industry Business Group , Finland Tel. +358 10 33 21179 Sanna Paivaniemi , Director , Investor Relations , Poyry PLC , Finland Tel. +358 10 33 23002 Poyry is a global consulting and engineering company dedicated to balanced sustainability .",neutral
"Professional and consumer applications include personal navigation , personal safety , field and workflow management , and asset tracking .",neutral
Satama and Trainers ' House will remain as names and independent brands of the business areas .,neutral
"Talvik says the relocation of application programs on servers will continue , while HP servers were approved because of HP supplying a tailor-made solution to Elisa .",neutral
"Technopolis and the St. Petersburg government signed a cooperation memorandum in October 2005 to set up a techno-park in the Neudorf production zone in the village of Strelny , in the St. Petersburg suburbs .",positive
Tekla Structures 16 is ` all about you and your team ' and compatible with the Windows 7 operating system .,neutral
"Tekla Structures BIM Building Information Modeling software is being developed according to a long-term plan of improved user experience , process , and functionality .",positive
TeliaSonera is the leading telecommunications company in the Nordic and Baltic regions .,positive
"The above mentioned shareholders will suggest that a monthly salary of EUR 1,400 would be paid for the Board members outside the company .",neutral
"The address location is provided to a local controller , preferably by wireless transmission , which then uses the address location to access the appliance control module .",neutral
The aim of the bridge solutions chosen is to minimize construction times while ensuring that traffic beneath the bridge on the Saimaa canal continues undisturbed .,neutral
The Bank is also examining the benefits of transferring the Swedish business to operate as a branch office so that the operations would be governed by Finland 's laws .,neutral
The company admits that 36 months is a relatively short time when operating in Russia .,neutral
The company has a wide selection of metal products and services .,neutral
"The company is in charge of all natural gas storage activities in France , Great Britain , and Germany .",neutral
The cooperation with airBaltic is expected to lead to the transfer of Finncomm to the ownership of airBaltic in time .,neutral
The Court 's decision will also promote genuine competition in services,neutral
"The Daily Graphic newspaper , in October , reported an initiative being embarked upon by the Fidelity Bank to partner Ghana Post , which has offices across the country , to offer financial services to the unbanked and under-banked in the country .",neutral
"The device can also be used for theft protection and positioning of vehicles , boats and other assets .",neutral
"The donations are granted to Aalto University and the universities of Helsinki , Tampere , Turku , Eastern Finland , Jyv+ñskyl+ñ , Oulu and Vaasa , and to polytechnics to be announced later .",neutral
"The Estonian beverages maker A. Le Coq today brought to the market a new premium class beer , A. Le Coq Special , investing 6 million kroons EUR 383,000 into its development and planning to sell three million liters of the beer during the next year .",neutral
The first phase will be completed by the end of 2012 .,neutral
"The guidance has been set at 90 basis points over mid-swaps , the report said .",neutral
The invention carries International Patent Publication No. .,neutral
"The inventors are Bylander Johan , Ponten Fredrik and Lundberg Jorgen .",neutral
"The inventors are Mukkavilli Krishna Kiran , Sabharwal Ashutosh and Aazhang Behnaam .",neutral
"The Inventors are Ridge Justin , Bao Yiliang and Karczewicz Marta .",neutral
The issuer is solely responsible for the content of this announcement .,neutral
The issuer is solely responsible for the content of this announcement .,neutral
"The market making in accordance with the agreement will begin on September 24 , 2009 .",neutral
"The offer price is $ 35 million , including cash of $ 10 million as net debt assumption of FACE , and $ 20 million worth of Cencorp shares to be issued to Savcor .",neutral
The ore body is sufficient to support anticipated production for at least 46 years .,neutral
The original patent was filed in Finland under application No. .,neutral
"The relocation of Ragot has already started and will be completed in the next few weeks , with the Waterqueen and Tortue moves planned for mid-2008 and VMC Europe during the third quarter of 2008 .",neutral
"The report provides a comprehensive insight into the company , including business structure and operations , executive biographies and key competitors .",positive
"The rewards to be paid on the basis of the earning period 2011 will correspond to the value of a maximum total of 364,000 Componenta Corporation shares including also the proportion to be paid in cash .",neutral
The right margin will be viewed separately in detail with every customer .,neutral
The service also enables users to watch e-mails in HTML format en is enhanced with 23 addition languages to choose from .,neutral
"The services also give the supplier opportunity to key-in invoices , receive orders electronically , to send order confirmations and to upload and create electronic catalogues .",positive
The Swedish subsidiary holds 1.0 % net smelter return `` NSR '' royalties over two advanced copper projects in northern Sweden - the Viscaria and Adak Projects - being developed by Avalon Minerals Ltd. ASX : AVI .,neutral
"The total investment in the Vantaa plant extension will amount to around 10 million euro , and Okmetic 's share of the investments will be worth around 2.7 million .",neutral
"The value of the deal exceeds EUR500 ,000 , the company said .",neutral
"This implementation will upgrade the existing system , enabling voicemail and video mail to be housed on the same platform .",neutral
This is the second successful effort for the financial investor this year .,positive
Travel expenses would be reimbursed in accordance with the travel policy of the company .,neutral
Welcome !,neutral
Wellness services will be important in the future .,neutral
"You need to be ready when the window opens up , Rosberg said .",neutral
- Tikkurila inspires you to color your life .,neutral
: Lietuvos Respublikos sveikatos apsaugos ministerija has awarded contract to UAB `` AFFECTO LIETUVA '' for financial systems software package .,positive
CF2 Pty Ltd became a substantial holder in Renison Consolidated Mines NL on January 25 with 150 million shares ( 7.9 pc ) .,neutral
Raffles Equities Ltd became a substantial holder in Archer Exploration Ltd on January 12 with 11.7 million shares ( 18.2 pc ) .,neutral
"` For Nordea , moving into the new headquarters signifies the beginning of a new era .",positive
"` We respect their decision ... the discussions are now closed , ' said Kai Telanne , Alma Media 's CEO .",neutral
`` Directors and shareholders alike should ask why these practices were allowed to continue . '',neutral
"`` Every partner will be allowed to buy a quantity of electricity corresponding to their share in the consortium , at production cost , '' a letter of intent said .",neutral
"`` I 'm happy with the outcome , '' Sneed said after the hearing .",positive
"`` Installation of the automatic varnishing line is an important part of the company 's strategy in the region of central and eastern Europe , '' said Jozef Misurec , the director of Ruukki Slovakia .",positive
`` It allows the young child to move forward with his life . '',positive
"`` Our decision and resolve on MeeGo is only stronger , '' she continued .",positive
`` The issues identified by Stonesoft affect a range of content inspection technology .,neutral
`` They want my credit card info and my personal details .,neutral
"`` We hope to clarify our policies to Finnish businesses where there are any gray areas , '' Motlanthe said .",neutral
"`` We will now , after the relevant authority approvals , make a mandatory bid as required by the Finnish Securities Markets Act .",neutral
1 November 2010 - Finnish textile and clothing company Marimekko Oyj ( HEL : MMO1V ) announced on Friday the opening of its first concept store in Seoul in cooperation with Japanese sector player Look Inc ( TYO : 8029 ) .,positive
A broad range of connectivity options including 3G - HSPA and Wi-Fi gives consumers high speed access to the Internet .,neutral
A new production line is being completed for the contract production of hormone treatments .,positive
A quick `` one-stop-shop '' to understand the company .,neutral
About Dopplr Dopplr is a service for smart travellers .,neutral
About Elcoteq Elcoteq SE is a leading electronics manufacturing services ( EMS ) company in the communications technology field .,positive
About Nokia Nokia is a pioneer in mobile telecommunications and the world 's leading maker of mobile devices .,positive
About Stonesoft Corporation Stonesoft Corporation ( OMX : SFT1V ) is an innovative provider of integrated network security solutions to secure the information flow of distributed organizations .,neutral
"According to Sweden 's Minister for Local Government and Financial Markets , Mats Odell , the decision to sell the State 's shares in telecom group TeliaSonera can only be carried out in cooperation with the State of Finland .",neutral
Finnish beverage company Olvi is introducing a new long drink Olvi Kultalonkero ( `` golden long drink '' ) in the market in Finland in the spring of 2009 .,neutral
"Finnish GeoSentric , a developer and provider of solutions , products , and technologies for location based services , has preliminary agreed on a EUR 6mn short-term funding with its leading investor .",positive
Finnish Raisio ( Diagnostics ) is launching new DNA-based quick tests to ensure the safety of food .,positive
Finnish Rautaruukki is selling its precision tube and automotive component processing unit Carl Froh in Germany to German Arques Industries .,neutral
"Finnish Suominen Corporation that makes wet wipes , nonwovens , and flexible packaging is starting employer-employee negotiations at its Tampere plant in Finland to lay off about 25 employees .",negative
Swedish Wallenberg family controlled Investor has bought a large stake of C shares in Swedish retail bank SEB .,neutral
"According to Arokarhu , some of the purchases that had been scanned into the cash register computer disappeared when the total sum key was pressed .",negative
"According to Barclays , the F-Secure software will protect users from hackers , viruses , spyware and other digital attacks .",neutral
"According to CapMan Plc 's Corporate Governance , the majority of the committees ' members shall be independent of the Company .",neutral
"According to Finnair Technical Services , the measure is above all due to the employment situation .",neutral
"According to Honka Japan 's Managing Director Marko Saarelainen , Honkarakenne exports about 200 ready made log houses to Japan a year .",neutral
"According to preliminary data from Slovakia 's Statistics Office , goods worth E36 .4 million were imported from Finland between January and October 2010 , making up 0.1 percent of Slovakia 's total imports .",neutral
"According to Seikku , the retail sector in Finland is controlled by 3-4 large actors , while food manufacturers are still relatively small .",neutral
"According to the company , staff will be laid off temporarily when necessary .",negative
"According to Tyrv+ñinen 's estimation , Japan is a very essential location in terms of Finnair 's Asian strategy .",neutral
"According to Vauramo , the plant 's lifting equipment is suitable for Asian and for some Chinese trucks .",neutral
"After the signing , the total amount of Aspo 's revolving credit facility agreements is EUR 50 million , which replaces the formerly valid agreements of EUR 80 million .",neutral
"Ahlstrom Corporation STOCK EXCHANGE RELEASE 13.02.2008 Ahlstrom , a global leader in high performance fiber-based materials , today announced the completion of the acquisition of Friend Group Inc. , which consists of West Carrollton Parchment Company and West Carrollton Converting Company .",neutral
"Aho is proud of the company 's new product , Lordi-Cola .",neutral
Aldata to Share Space Optimization Vision at Apollo User Group and 2009 Category Management Association Conferences ; Company Will Unveil New Solution that Combines Business Intelligence with Space Planning Data at Conferences,neutral
"ALEXANDRIA , Va. , Aug. 27 -- Timo Vataja of Tampere , Finland , Virve Inget of Oulu , Finland , have developed a computer program product with activating the right of use .",neutral
"Also , a seven-year historic analysis is provided for these markets .",neutral
"Also , a six-year historic analysis is provided for these markets .",neutral
"Also , a six-year historic analysis is provided for this market .",neutral
"Also , Technopolis plans to build a 100 million euro technology park at the special economic zone Neudorf in St. Petersburg , the St. Petersburg government said in February .",neutral
Also Chile is an important market area for forest machine companies .,neutral
Also the traditional grapevine carries a lot of weight .,neutral
Altia 's operating profit jumped to EUR 47 million from EUR 6.6 million .,positive
Altimo and TeliaSonera said yesterday that Usmanov would be welcome to join the new company .,positive
Amanda said that it had already made a USD5 .0 m investment commitment in Russia Partners II fund in July 2005 .,neutral
"An  of the invention , released by the Patent Office , said : `` The chambers are pressurized .",neutral
An audio webcast will be available live and archived on Cerner 's Web site at www.cerner.com .,neutral
"Anttila 's online department store - NetAnttila - has an established position as the best-known , most visited and most shopped online store in Finland  .",neutral
"Apart from Nordea , also Ergo is competing for the position among the top three pension funds providers in Estonia .",neutral
"As a result of the merger , the largest professional electronics and telecommunications technology contract manufacturing center in Finland will be formed in Sievi .",neutral
As a result of the negotiations the employment of 130 blue - and white-collar employees at the Oulu plant would be terminated .,negative
"As of August 2008 , Glaston 's North Asian sales and service region is upgraded to a new market area , North Asia .",neutral
"As the world leaders in developing UV technology for municipal wastewater , drinking water , and industrial water treatment systems , Trojan Technologies was a logical partner in providing W+ñrtsil+ñ with UV technology for ballast water treatment .",neutral
"Aspo 's strong company brands - ESL Shipping , Leipurin , Telko and Kaukomarkkinat - aim to be the market leaders in their sectors .",neutral
"At this stage , a maximum of 60,000 Tulikivi Series A shares will be acquired , representing about 0.16 per cent of the company -¦ s shares outstanding .",neutral
Atria Group is a leading Scandinavian meat products group .,positive
"Atria will launch a campaign in September to promote the CampoMos brand on the Moscow market , he said .",positive
BasWare Order Matching automatically matches purchase invoices with approved purchase orders .,neutral
"BG AD , Bulgaria 's leading Internet company .",positive
"Capacity of the facility made by Finland 's Vaahto Group is 86,000 tons of light coated paper .",neutral
"CapMan , an asset manager , has EUR 3bn worth of assets under management in the Nordic region .",neutral
"CapMan has four investment areas ( CapMan Buyout , CapMan Technology , CapMan Life Science and CapMan Real Estate ) , and each of them has a dedicated team .",neutral
Castecka said the town hall would hold talks with other investors interested in the zone .,neutral
Central Europe is an important market area for Honka .,neutral
cents Recognize potential partnerships and suppliers .,neutral
Certain shareholders have irrevocably agreed to vote in favor of the bond issue .,positive
"Changes being announced today will be effective after the close of trading on Friday , June 19 , 2009 .",neutral
Chief Financial Officer Jim Heindlmeyer said Beyond Oblivion is in advanced talks with the four major recording companies about its service .,neutral
"CHS Expo Freight is a major Finnish fair , exhibition and culture logistics company that provides logistics services to various events by land , air and sea .",neutral
Competition authorities will have to approve the deal before it can be finalized .,neutral
"Complete name of shareholder : Otto Henrik Bernhard Nyberg For further information , please contact Maija-Liisa Friman , CEO , tel. +358 9 7597 0711 .",neutral
Completion of the transaction is subject to a final agreement and a Due Diligence process .,neutral
Construction is expected to be completed in the summer of 2011 .,neutral
Consumers are now increasingly interested in what they can do with heir phones .,neutral
"Crucially , the decision to use ETSI ( European Telecommunication Standard Institute ) - backed DVB-H adds to the growing list of operators and equipment manufacturers opting for the standard ( see Global : 20 January 2006 : Competing Technologies Vie for Mobile TV ) .",neutral
Currently more than 100 of Global Fortune 500 companies are using SSH security solutions .,neutral
"Demand seems to have hit bottom now , and some signs of improvement can be seen .",positive
"DnB Nord of Norway is the `` most likely Nordic buyer '' for Citadele , while Nordea would be a `` good strategic fit '' , according to the document published by Pietiek .",neutral
Donations to universities The Annual General Meeting authorized the Board of Directors to donate max .,neutral
"Dopplr members share personal and business travel plans privately with their networks , and highlight interesting places to stay , eat and explore in cities around the world .",neutral
Dragonfly Love is another video shot from start to finish using the Nokia N8 .,neutral
"During the past 10 years the factory has produced many of Nokia 's most popular models including the Nokia 2760 , the Nokia 6300 as well as Nokia 's latest music device the Nokia 5800 Express Music .",neutral
EB will hold the exclusive rights to market the new entity 's product .,neutral
"Elcoteq 's Electronics Manufacturing Services ( EMS ) Business Segment serves customers globally in Engineering , Manufacturing and Fulfillment services .",neutral
"Elisa Corporation , headquartered in Helsinki , is a Finnish telecomms company offering private and corporate customers a comprehensive range of telecomms services .",neutral
"Employees are also better prepared to answer calls , since they already have detailed information about the caller before they answer the phone . ''",positive
"Entire paper mills may be set up , especially in the new EU member states .",neutral
"EQT has completed its exit from Salcomp , a Finnish company that makes mobile phone chargers , by selling its remaining stake to Swedish investment group Nordstjernan for about ( EURO ) 35 million ( $ 47 million ) .",neutral
"Even so , Tulikivi emissions are well below some of the strictest state standards including Washington and Colorado .",neutral
FCC Chairman Kevin Martin said that fair play required extending the same deregulatory rules to the digital subscriber lines that telecom providers use for broadband networks .,neutral
"FinancialWire ( tm ) , in cooperation with the Investrend Broadcast Syndicate , also provides complete , daily conference call and webcast schedules as a service to shareholders and investors via the FirstAlert ( tm ) Networks oeFirstAlert ( tm ) Daily .",neutral
Finnish automation solutions developer Cencorp Corporation ( OMX Helsinki : CNC1V ) said on Friday ( 27 June ) that it has completed employee negotiations regarding a reorganisation of its operations .,positive
Finnish consumers prefer to buy the cheapest beer brand .,neutral
"Finnish engineering and technology company Metso Oyj said on May 27 , 2008 it completed the acquisition of paper machinery technology from Japanese engineering company Mitsubishi Heavy Industries ( MHI ) for an undisclosed sum .",positive
"Finnish holding company Panostaja Oyj said on June 12 , 2007 it has signed a letter of intent to acquire local Lahden Lampokasittely Oy and Heatmasters Oy , active in the heat treatment of metals , for a total 3.1 mln euro ( $ 4.1 mln ) .",neutral
Finnish paints and coatings company Tikkurila Oyj ( HEL : TIK1V ) announced today the launch of Tikkurila ProHouse method for protection of wooden surfaces via treatment with Ultra Pro waterborne products .,neutral
"Following the registration , the number of issued and outstanding shares of Basware is 12,890,829 .",neutral
Fortum had previously bought the state-held stake in TGK-10 from RAO UES during its reform .,neutral
"Founded in 1649 , Fiskars has over 360 years of product quality excellence and is Finland 's oldest company .",neutral
"Furthermore , our fully electrically driven cranes are environmentally friendly .",positive
GenVec is a biopharmaceutical company developing novel therapeutic drugs and vaccines .,neutral
"GeoSentric 's flagship product is the GyPSii platform , which uses pioneering geo-location software technology to connect people to people , and people to places with new and exciting social community and location-specific services .",neutral
"Glaston 's well-known brands are Bavelloni , in pre-processing machines and tools , Tamglass and Uniglass , in safety glass machines and Albat + Wirsam in software solutions .",neutral
"Glaston 's well-known brands are Bavelloni , in pre-processing machines and tools , Tamglass and Uniglass in safety glass machines and Albat + Wirsam in software solutions .",neutral
"Goodwill and other intangible assets account for some 2.0 mln euro ( $ 2.6 mln ) of the purchase price , 20 pct of which payable in Aspo shares .",neutral
Grapevine city officials in September approved $ 35 million in tax rebates and grants for the expansion .,positive
Gunneflo will be responsible of Oriola-KD 's Pharmaceutical Trade business in Sweden .,neutral
"Harju Elekter was founded in 1968 , and is the leading producer of electrical equipment and materials in the Baltic States .",neutral
"Harold W. Young is an independent broker working closely with several retailers including Ahold USA , Market Basket , CVS , BJ 's Wholesale Club , Hannaford and Cumberland Farms .",neutral
He also mentions that this improvement to the service follows the recent expansion of the Finnlines service from Bilbao via Antwerp and Helsinki and from Hull via Helsinki to St. Petersburg .,positive
HELSINKI ( AFX ) - Outokumpu said it has agreed to sell the Hitura nickel mine in Finland to Canadian group Belvedere Resources Ltd for 10 mln eur worth of Belvedere shares .,neutral
"HKScan , headquartered in Turku , Finland , is a leading northern European food group with 10,000 employees in nine countries .",neutral
"HKScan is one of the leading food companies in northern Europe with homemarkets in Finland , Sweden , the Baltic countries and Poland .",neutral
"Honkarakenne mainly exports large luxury log houses to Russia to be used as one-family houses or holiday homes ; 70 % of sales go to the Moscow region , about 20 % to the St Petersburg region , and the remainder to other locations .",neutral
However short-term rentals are becoming more popular .,neutral
"HUHTAMAKI OYJ STOCK EXCHANGE RELEASE 16.12.2008 AT 09:30 Huhtamaki Oyj has resolved to clarify the Group structure by separating the Foodservice and Consumer Goods businesses in its production unit in Hameenlinna , Finland by transferring the businesses into its wholly owned subsidiaries .",neutral
"Iggesunds Bruk in Sweden is one of the most advanced , fully integrated pulp and paperboard mills in the world .",positive
"In addition , YIT has reserved EPI Russia the right to expand the logistics center by about 100,000 m2 .",neutral
"In addition to the presentations held by President & CEO Kai Telanne and CFO Tuomas Itkonen , participants will have an opportunity to discuss with other members of the company 's management .",neutral
"In Finland , 71 % of paper and paperboard is reclaimed .",neutral
"In Finland , export industry forms a large clientele for the packaging industry .",neutral
"In providing managed services , Nokia takes responsibility for building , operating and transferring as well as optimising the Indosat 3G network .",neutral
"In Switzerland , Teleste have been an established supplier of products for a long time and its primary customers include cable and fiber-to-the-home ( FTTH ) operators .",neutral
"In the end , Sanoma News wants to secure its foundation with the savings .",neutral
"In the Homeware area , Fiskars provides leading branded products for home , kitchen , and interior design .",positive
"In the survey , Goodyear is the third most valued tyre brand , followed by Continental and Bridgestone .",neutral
"In today s business , you have to pre-empt what consumers want , said Mohammed Zainalabedin , General Manager , Zain Bahrain .",neutral
Ingen is an established medical device manufacturer with an emerging new medical product line for the respiratory market worth an estimated $ 4 billion in the U.S. and $ 8 billion globally .,neutral
Insurance policies should be simple .,neutral
It has several innovative small molecule and biological drug candidates at different stages of clinical development .,neutral
It has sold one half of its business operations and will enter the Helsinki Stock Exchange via the back door through an innovative buyout arrangement with Kasola .,neutral
"It is a member of the OneWorld alliance , which includes American Airlines and British Airways .",neutral
It is a solid credit that has been compared to a DZ Bank or a Rabobank .,positive
It is expected to be completed by the end of 2007 .,neutral
It is planned to set up the A class business center in the two top storeys of the complex .,neutral
"It is positive that the company it recruited Harri Koponen as CEO , according to Affarsvarlden .",neutral
"It is the first oil company to join RSPO and commits fully to sustainable sourcing of feedstocks for the production of its NExBTL biodiesel , it said .",neutral
It will provide heating in the form of hot water for the sawmill 's needs .,neutral
Its 168 asset management experts manage assets worth over EUR 35 billion .,neutral
Its other well-known brands include fitness equipment maker Precor and U.S. - based ball sports equipment maker Wilson .,neutral
"Janno Reiljan , a member of the Eesti Energia supervisory board , said the owners of Narva Power Grid had informed Eesti Energia about their wish to sell .",neutral
"Jawad Williams scored 23 points in an impressive debut for Jerusalem , with Jason Rich adding 18 and Yuval Naimi chipping in with 16 points for Hapoel , which visits the yellow-and-blue next week .",positive
Jon Risfelt is 49 years old holds a Master of Science in Chemical Engineering from the Swedish Royal Institute of Technology .,neutral
Juha Haapakoski will continue as Editor-in-Chief with budget responsibility also with the new publisher .,neutral
"Jun. 14 , 2009 ( AOL Weblogs delivered by Newstex ) -- Looks like the E71 is about to be upstaged as Nokia 's ( NYSE : NOK ) premier business-class smartphone -- someone in Espoo 's just hit the corporate YouTube account with this promo video for an E72 .",neutral
"Jun. 25 , 2008 ( Boy Genius Report delivered by Newstex ) -- The Nokia ( NYSE : NOK ) N78 , huh ?",neutral
"KONE , headquartered in Espoo , Finland , is one of the world 's leading elevator and escalator companies .",neutral
"Last July , the group said it intended to relocate warehouse and office space in Loudeac and Saint Marcel to Morvillars , in the east of France , where it already operates a hook manufacturing and distribution unit .",neutral
"Lember said the matter was topical also in Estonia , where a bill has been drafted at the Social Affairs Ministry that would scrap old-age pensions on favorable conditions .",neutral
"Linde acts responsibly towards its shareholders , business partners , employees , society and the environment - in every one of its business areas , regions and locations across the globe .",neutral
"LKAB , headquartered in Lulea , Sweden , is a high-tech mining company producing upgraded iron ore products for the steel industry .",neutral
"LLC , a voice and data management solution provider to wireless companies with operations worldwide , will be transferring its U.S. deployment operations to the Finnish mobile giant , which includes civil works and site acquisition services .",neutral
"Look out for vintage fabric cushion covers , '70s coffee pots , ceramic serving dishes , cocktail glasses , and stainless steel party dishes .",neutral
( I&H ) in a move to enhance growth .,positive
LSC 's 30 employees will move to Ixonos with their existing status and benefits .,neutral
"MeeGo `` learns as you use it , '' Fisher said , putting the most important things up top .",neutral
Merging the two free sheets will clarify the market situation .,neutral
"Metso is a global supplier of sustainable technology and services for mining , construction , power generation , automation , recycling and the pulp and paper industries .",neutral
"More than 200 volunteers from Fiskars , the garden tool company , Home Depot ( NYSE : HD ) , the city of Baltimore and the neighborhood are working right now to create a garden sanctuary - in a single day .",positive
"Name of Applicant : Jot Automation OYName of Inventor : Mammila Tuomo , Piirainen Mika and Kellokoski MikaApplication No. : 2424-KOLNP-2008 ADate of filing of Application : 16-06-2008Publication Date : 30/01/2009",neutral
NASDAQ-listed Yahoo Inc has introduced a new service that enables Malaysians to take their favorite Internet content and services with them on their mobile phones .,positive
National sponsors for The Big Read include National Endowment for the Arts in cooperation with the Institute of Museum and Library Services and Arts Midwest .,neutral
Neomarkka has played a leading role in a group that aims to restart the production of specialty cellulose fiber in Valkeakoski .,neutral
Neste Oil Corporation Refining Operation Asset Summary Report Summary Neste Oil Corporation Refining Operation Assets Summary Report is an essential source for company data and information .,neutral
"Neste Oil extended yesterday 's gains and put on 0.49 pct to 22.72 eur , while utility Fortum shed 1.14 pct to 20.76 eur .",neutral
"Nordea Bank ( STO : NDA ) and Sampo Bank have helped Finnish real estate investment company Sponda ( HEL : SDA1V ) place a EUR100m ( USD125 .4 m ) domestic bond , the company said Friday .",positive
"Of course , you 'll have direct access to Nokia 's Ovi store , so you 'll have lots of fun downloading your favorite media .",neutral
"Of these shares 14,747,084 are held by the Company and the number of outstanding shares and voting rights attached to the shares amounts thus to 161,256,847 .",neutral
"Oka specialises in new construction , renovation work of residential and non-residential building as well as premises for industrial and logistical use .",neutral
Okmetic Board of Directors has also decided on a new share ownership program directed to the company 's top management .,neutral
Okmetic 's silicon wafers are part of a further processing chain that produces end products that improve human interaction and quality of life .,neutral
"O'Leary 's Material Handling Services , located in Perth , is the leading company in Western Australia that supplies , installs and provides service for tail lifts .",positive
One attractive factor about the tablets for media companies is that they provide a new way of making money .,positive
One of Uponor 's promising future products is a hydronic cooling system .,positive
"Oriola-KD , headquartered in Espoo , Finland , is a leading distributor of pharmaceutical and healthcare products with 1,300 employees in the Nordic and Baltic countries .",neutral
Other shareholder entitlements became effective today .,neutral
Our Canned-preserved food in Finland report offers a comprehensive guide to the size and shape of the market at a national level .,neutral
"Our solutions are industry-independent supporting multilingual and currency needs , modular and applicable to companies of all sizes , '' CEO Ilkka Sihvo said .",neutral
"Our strong company brands - ESL Shipping , Leipurin , Telko and Kaukomarkkinat - aim to be the market leaders in their sectors .",positive
"Outotec , headquartered in Espoo , Finland , is a leading provider of process solutions , technologies and services for the mining and metallurgical industries .",neutral
"Overall , 50 percent of respondents were confident about their security when banking online .",positive
"Panostaja , headquartered in Tampere , Finland , is an investment company focusing on small and medium-sized Finnish companies operating in the traditional industries .",neutral
Performance is based on values and sustainability .,neutral
Pertti Ervi is independent from the Company and its major shareholders .,neutral
"Please inform IR Johanna Koskinen of your participation no later than 20 April at 10 a.m. A telephone conference for financial analysts and investors , conducted in English , will begin at 3:00 p.m. Finnish time ( EET ) .",neutral
"Poyry Energy GmbH is Austria 's leading engineering and consulting company in the energy , infrastructure and environment sector , owned by Poyry Plc. and the Austrian Verbund AG .",neutral
Poyry is recognized as one of the world 's leading advisors to the global forestry industry .,positive
Precedex is approved for IV sedation of initially intubated and mechanically ventilated patients in intensive care .,positive
Press release 3 September 2009 Ruukki continues to be listed in two Dow Jones Sustainability Indexes : DJSI World and DJSI STOXX .,neutral
"Previously , the plant was expected to be completed by the end of 2008 .",neutral
Production at the plant will be based on Neste Oil 's proprietary technology that can use a flexible input of any vegetable oil or animal fat .,neutral
"Prothious Engineering ( www.prothious.com ) employs more than 1,000 and has a large portfolio of projects and an annual detailing capacity of more than 100,000 tonnes .",neutral
QPR product family is fully compatible with Microsoft 's Windows 7 operating system .,neutral
Ramirent is a leading company in machinery and equipment rentals for construction and industry .,positive
Ramirent is the leading construction machinery rental company in Finland with annual sales of EUR 134 million in 2009 and operating nationwide through 83 outlets and 612 employees .,positive
Rapala aims to move the distribution unit Ragot from Loudeac in Bretagne and the distribution unit Waterqueen and the fishing line supplier Tortue from Saint Marcel in Central France to Morvillars .,neutral
"RAPALA TOURNAMENT FISHING : With all the major titles already out for the holidays , bargain-priced games such as Rapala aim for a smaller audience .",neutral
"Regulatory News : The Nomination Committee of Cybercom ( STO : CYBE ) , which is unanimous in its proposal , proposes the election of Jon Risfelt as the new Chairman of the Board .",neutral
"RFID ( Radio Frequency Identification ) is a method of so-called intelligent transport , whereby information can be read and saved remotely .",neutral
"RK Group , headquartered in Vantaa , Finland , is one of Europe 's leading machinery rental services .",neutral
"Russia 's top container shipping group , Fesco , and Finnish logistics company Nurminen Logistics have started a pilot project offering clients direct intermodal transportation service from Finland to Asia Pacific countries , Fesco said in a statement .",positive
"S&P has kept its `` sell '' rating , while Nordea and UBS have reaffirmed their `` buy '' recommendations .",neutral
"Sanoma also has an Executive Committee , in accordance with the Company 's Articles of Association , that prepares proposals for matters to be decided or noted by the Board of Directors .",neutral
"Sarantel , based in Wellingborough , UK , designs high-performance antennas for portable wireless devices .",neutral
Shareholders of Rakvere Lihakombinaat decided in favor of the buyout of minority shares in mid-July .,positive
Shares will be acquired in accordance with section 5 of the rules of NASDAQ OMX Helsinki and other rules applicable to the acquisition of own shares .,neutral
"She will succeed Krister Kylas , who has decided to leave TeliaSonera .",neutral
Shuweihat 2 got under way in July 2008 when the project was awarded to desalination and power contractors .,neutral
"Simmons Elected DCUC Chairman PORTSMOUTH , N.H.-Gordon A. Simmons , CEO of Service Credit Union , has been elected chairman of the Defense Credit Union Council for the 2007-2008 term .",neutral
South America and Asia are other promising markets .,neutral
Sponda plans to renovate old real estate and develop new property .,neutral
Stock Exchange Release 10/3/2011 12:00 Sanoma has published its Annual Report and Financial Statements for 2010 and its first Corporate Responsibility Report .,neutral
"Stockholm-based Nordea Bank ( STO : NDA ) said yesterday it had hired Casper von Koskull to lead its corporate merchant banking and capital markets unit , effective 1 September .",neutral
"Stonesoft is a global provider of proven , next generation solutions that simplify network security management .",neutral
Strategic and operational business information is objectively reported .,neutral
"Swedish , Finnish and Danish listed companies are organized in three market cap segments , Nordic Large Cap , Mid Cap and Small Cap .",neutral
Symphony Services provides development services for Aldata GOLD .,neutral
Technopolis is Europe 's leading operator of technoparks .,positive
Technopolis 's technological centers supply their clients with modern high-class premises .,neutral
"Tekla provides 3D software for building and infrastructure engineering , with a focus on building information modelling of steel and concrete structures from design to construction .",neutral
"Teleste 's hybrid TV solution includes components for the whole process of delivering video services to consumers from content acquisition and service creation to delivery through a range of access solutions , including HFC ( hybrid fibre-coaxial ) , xDSL , EttH , and FttH .",neutral
The adjustment measures will be carried out in phases to secure the delivery capability .,neutral
The agreement is valid for four years .,neutral
"The alliance aims to tap pocketable mobile computers , netbooks , tablets , mediaphones , connected TVs and in-vehicle infotainment systems .",neutral
The availability of the Internet services is highlighted in the service offer of Kesko 's K-Group stores .,neutral
"The broker started UPM-Kymmene , Stora Enso and Sappi with ` equal-weight ' recommendations and Holmen and Norske Skog with ` underweight ' ratings .",neutral
"The building complex consists of high-quality office and retail space totalling 49,200 square metres , the company said .",neutral
"The business has sales of about ( Euro ) 35 million ( $ 44million ) , and has been responsible for sales and marketing of Lanxess 's paper chemicals business , which Kemira bought for ( Euro ) 88 million early this year ( CW , Jan. 11 , p. 22 ) .",neutral
The business section also includes Ahlstrom 's sustainability report .,neutral
"The center offers a comprehensive range of device design services spanning from electronics , mechanics and software design to a full range of testing laboratory services .",neutral
The commission said the hydrogen peroxide and PBS market was worth about 470 million euros in 2000 .,neutral
"The company designs , manufactures and markets high-quality clothing , interior decoration textiles , bags and other accessories .",neutral
"The company designs and manufactures high-quality clothing , interior decoration textiles , bags , and other accessories .",neutral
"The company has delivered the technical infrastructure , used by NAV for their data warehouse and business intelligence initiatives .",neutral
"The company is now withdrawing the second part , EUR 7.2 mn , of the investment commitment .",neutral
The company is presently examining whether the project would be financially feasible .,neutral
The company is studying the feasibility of focusing most of its processed meat production in the Vantaa facilities and the processing of fresh meat in the Forssa facilities .,neutral
The company 's strength is its Apetit brand .,positive
The company said shareholders will be able to vote on the agreement at an EGM scheduled for later this month .,neutral
The company specialises in temporary electrification and heating at construction sites .,neutral
"The competition was received with great enthusiasm by the employees , he goes on .",positive
"The cooperation will involve Arena Partners buying a 35 % share of the new joint venture company , operating in Alma Media 's home sales , vehicle and consumer advertising marketplace businesses .",neutral
The deliveries started in April 2006 and will be completed in 2007 .,neutral
The desk will reach its full planned strength of ten persons in autumn 2007 .,neutral
"The dividend is payable on February 1 , 2010 to shareholders of record on January 19 , 2010 .",neutral
"The dividend will be paid on April 15 , 2008 to each of the shareholders who on the record date of April 8 , 2008 have been entered in the list of shareholders kept by the Finnish Central Securities Depository Ltd. .",neutral
The effect of the savings will be noticeable as of the beginning of 2010 .,positive
The effect of the savings will be noticeable from the beginning of 2010 .,neutral
"The end-to-end delivery combines the competencies and services from TietoEnators Telecom & Media , Processing & Network and Digital Innovations Business Areas .",neutral
The EUR 0.7 million non-recurring expenses have been recorded for the third quarter .,neutral
The event can be followed on-line via Orion 's Finnish homepage at www.orion.fi as well as via the Kauppalehti Live web service at www.kauppalehti.fi/live .,neutral
The Extraordinary General Meeting is expected to take place no later than 18 February 2011 .,neutral
"The first installment of the Cinema Series concludes with a profile of Finnish inventor Olavi Linden , whose personal artistic journey and work at Fiskars has led to dozens of design awards .",neutral
The first of the two project phases is expected to be completed by the end of 2012 .,neutral
"The group also plans to launch the 270 room Atria Grand , Whitefield , a five star luxury hotel , in 2009 .",neutral
"The group intends to relocate warehouse and office space in Loudeac and Saint Marcel to Morvillars , in the east of the country , where it already operates a hook manufacturing and distribution unit .",neutral
"The Group owns and operates a fleet of more than 800dwt , while container capacity is 17,000 TEUs , and manages a diversified fleet of its own railway rolling stock of over 17,000 units .",neutral
"The handset also features a Media Bar for quick access to favorite media and applications , including music , photos , YouTube or Ovi Share .",neutral
"The Hayward , Calif.-based target designs active , casual and dress footwear , as well as boots and sandals .",neutral
"The important thing now is to keep the bank 's existing 15,000 customers .",neutral
"The Innova 2 building will be located close to downtown , in the immediate vicinity of Paviljonki and the travel center , and within walking distance from the heart of the city thanks to the trade fair bridge .",neutral
The interchange of Editors-in-Chief is a part of publisher 's goal to enhance job circulation in all personnel groups .,neutral
The joint venture is planning a quick timetable for negotiating the lease of the potential wind farm areas and for charting the feasibility of the wind farms .,neutral
The Kyroskoski investment is to be completed in late 2011 and the +ä+ñnekoski investment in the spring of 2012 .,neutral
"The Lemminkainen Group , headquartered in Helsinki , Finland , operates in all sectors of the construction industry : civil engineering , building contracting , technical building services and the building materials industry .",neutral
"The Lemminkainen Group , headquartered in Helsinki , Finland operates in all sectors of the construction industry : civil engineering , building contracting , technical building services and the building materials industry .",neutral
"The Marubeni Group focuses on creating `` value chain '' from upstream to downstream , encompassing a wide variety of business fields , including oil & gas , metals , mineral resources , foods , pulp & paper and chemicals , among others .",neutral
"The most interesting export markets will be Russia , the Baltic countries and Scandinavia .",neutral
"The most popular mobile data services are email , surfing the internet , as well as news and weather services .",neutral
The new B shares carry the right to dividend and other shareholder rights with effect from today .,neutral
The objective of the St. Petersburg office is first to boost the Company 's maintenance business .,neutral
The office space will rise above the remodeled Cannon Street underground station .,neutral
"The official opening of the office , located in Prague , will be celebrated on May 20 .",neutral
The oil shale feeder-supply solution will deliver crushed oil shale to the shale oil refinery already in operation as well as to the novel Enefit-280 shale oil technology processing plant .,neutral
"The operator is one of 6 operators to have been granted a WiMAX license in Taiwan , and hopes to be the first to launch commercial services in early 2009 .",neutral
"The opportunity will be available only for few employees , however .",neutral
"The order includes a steel frame , load-bearing roof structures and partition wall elements , and Rautaruukki said it expects to complete installation as early as May next year .",neutral
The Oxyview Pulse Oximeter is a common device to check patient blood-oxygen saturation level and pulse rate .,neutral
The plant would use palm oil certified by the Roundtable on Sustainable Palm Oil ( RSPO ) .,neutral
"The port operator , however , favors retaining the port fees in 2010 , citing the owner , the governemtn of Estonia , commiting the port to pay EEK 400mn ( EUR 25.56 mn USD 36.44 mn ) in dividends to the state in 2009 and another EEK 300mn in 2010 .",neutral
The price for logs has clearly improved from 2009 and also the price of pulpwood has gone up .,positive
The product 's front-edge folding maximizes weather resilience and enables a seamless roof finish .,neutral
"The program included operational improvements and reductions in personnel , mainly in the Netherlands .",neutral
The project is expected to be completed in 2009 .,neutral
"The reason for this is St. Petersburg status as a capital , one of the participants in the meeting quoted Chikunov as saying .",neutral
"The report goes on to provide detailed profiles of ten leading European specialty chemicals companies , and brief profiles of other major players .",neutral
"The report profiles 614 companies including many key and niche players worldwide such as Black & Decker Corporation , Fiskars Corporation , Fiskars Brands , Inc. , Husqvarna Outdoor Products Inc. , K+S Group , Ryobi Technologies , Inc. , The Scotts Miracle-Gro Company , and Van Group , Inc. .",neutral
"The report profiles 614 companies including many key and niche players worldwide such as Black & Decker Corporation , Fiskars Corporation , Fiskars Brands , Inc. , Husqvarna Outdoor Products Inc. , K+S Group , Ryobi Technologies , Inc. , The Scotts Miracle-Gro Company , and Van Group , Inc. .",neutral
"The Russian government will contribute 20 % of the necessary funds , he said .",neutral
"The sale will allow Campofrio to focus on its recently announced takeover of Groupe Smithfield Holdings , the European unit of Smithfield Foods Inc. ( SFD ) of the U.S.",neutral
"The scope of the project is to find the most cost-efficient method for phosphorous removal and to deliver the storing and dosing equipment , which can be used in continuous operation at the plants .",neutral
The server is responsible for managing devices and user accounts and a desktop client application enables remote access to the mobile phones .,neutral
The service developed by Digia facilitates the work and resourcing of health care personnel during vaccination campaigns while providing them with monitoring and management tools .,neutral
The share of the share capital of both above mentioned shareholders remains below 5 % .,neutral
The shares carry a right to dividend and other shareholder rights as from their registration with the Finnish Trade Register .,neutral
"The shares shall be repurchased through public trading , for which reason the shares are repurchased otherwise than in proportion to the holdings of the shareholders .",neutral
The shipyard hopes the regional government in Andalusia can offer its some form of financial support .,neutral
The shopping center will have a prime location right next to the Myllypuro metro station .,positive
The solutions will be used for upgrading the networks of a Russian MSO in 37 different cities in Russia .,positive
"The StoneGate product family was designed to provide the full benefits of a unified management system including shared logging , reporting and auditing .",neutral
The subsidiary is setting up a facility for manufacturing high-density interconnection printed circuit boards or PCBs at Nokia 's special economic zone at Sriperumbudur near Chennai .,neutral
"The subsidiary will be responsible for filter sales , local assembly of filters and after market services in China .",neutral
"The total number of shares in the company will be 585,236,987 Innofactor group Innofactor offers its customers comprehensive solutions in the Microsoft environment .",neutral
The total value of the project is valued at SEK 30bn ( EUR 2.83 bn USD 3.81 bn ) .,neutral
The trade is in accordance with the agreement announced on 26 March 2008 .,neutral
The training modules aim at strengthening the public accounting abilities and fulfilling communal project management .,positive
The transaction is expected to be completed next spring .,neutral
The trucks feature an Eco Drive system - a fuel measuring tool which stores data particular to individual drivers .,neutral
The veneer and plywood industry in Sweden is quite small despite the raw material resources .,neutral
The writing and publication of Lemmink+ñinen -¦ s history is a continuation of earlier collaboration between Antti Tuuri and the company .,neutral
"These products include Personal Communications products such as mobile phones and their parts , Home Communications products such as set-top boxes and electronics for flat panel TVs as well as Communications Networks products such as base-stations , tower-top amplifiers , and microwave systems .",neutral
"They re in a race with Google to get lots of users onto their service as social networking creates new business models , said Martin Garner , a London-based analyst with CCS Insight .",neutral
This beauty is an updated version of her chichi loop shade launched in 2001 .,neutral
Through this transaction we are able to participate in developing the industry .,positive
"Thus the group 's balance sheet will have about EUR25 .8 m of goodwill , the company added .",neutral
"To check them out or to make a bid they will be in the Deka Showroom , Fortitude Valley .",neutral
Tracker G400 is a GPS collar for hunting dogs allowing to monitor the dog 's position and movements with a map application for mobile phones .,neutral
Ulefos Group is the leading supplier of manhole covers in the Nordic countries .,neutral
"Upgrades include a five megapixel camera , voice control , and what looks to be an optical mouse instead a D-pad -- an upgrade click-happy S60 has needed forever .",positive
UPM-Kymmene is one of the world 's leading printing paper producers with production in 15 countries and a sales network covering more than 170 companies .,positive
Uponor has initiated actions to attempt to recover the cost of the replacement program from the supplier of the clamps as well as its insurance company .,neutral
Uponor maintains its full-year guidance for 2010 .,neutral
"Utah 's capital wanted to be the next U.S. headquarters of Amer Sports Corp. , a ski-equipment company .",neutral
"Vaisala Oyj Stock exchange release 26.03.2010 klo 09.00 1 ( 1 ) The Annual General Meeting of Vaisala Oyj decided on March 25 , 2010 to approve the Company 's annual accounts for 2009 .",neutral
We are pleased to invite you to join M-real 's international conference call at 3:00 p.m. EET .,neutral
"We warmly welcome him to Satama '' , states Jussi Lansio , chairman of the Board .",positive
Veracel is preparing an appeal in the issue and has asked the court for clarification of the judgement .,neutral
What would you like to see changed on Nokia 's next attempt ?,neutral
"When completed , the 120-meter Watchtower will be the highest building in Ireland .",neutral
"Viking will pay EUR 130 million for the new ship , which will be completed in January 2008 .",neutral
"With the Basware Connectivity services , companies gain visibility to an audit trail that can be traced from order to goods delivery and invoice .",neutral
"www.countryelements.co.uk Designed by Patricia Burt , this is just one of a selection of distinctive hooked rugs created with recycled materials and dyed natural dyes .",neutral
You are warmly welcome !,neutral
Approval by shareholders of Cencorp in accordance with Finnish law .,neutral
"Tikkurila has an interesting growth strategy , which we support .",neutral
ASSA ABLOY Kaupthing Bank gave a ` neutral ' recommendation and a share price target of 174 crowns $ 24.7 - 19 euro on Swedish lock maker Assa Abloy AB .,neutral
"` Ruukki has experience of logistics construction , competence in project management and also has the best references in terms of steel frame production and installation , ' says Onodi Stefan , General Manager of Arxikon Construction Company SRL , which is Ruukki 's customer .",positive
` The investment in Matka-Vekka has been reasonable for investors in CapMan funds . ',neutral
"`` As a part of the Eseries business promise , the Nokia E50 has been equipped with a variety of email solutions in a small and stylised package , '' said Dave Grannan , general manager , Enterprise Solutions , Nokia .",neutral
"`` As defences mature , attackers develop Trojans that are equipped with content filters to detect online banking activity for capturing account details using methods such as form grabbing , screen shots , video captures , keylogging and injection of form fields .",neutral
`` I warmly welcome Michael Frei to Outotec .,positive
`` Nokia is just interested in bring Nokia to the market . '',neutral
`` Our aim is to understand different traffic patterns based on the use of each building .,neutral
`` Our approach is very much to only use raw materials that are produced in line with the principles of sustainable development .,neutral
`` Our Vaalipalvelu-service was especially developed for use by communities and organizations .,neutral
`` Rapala is excited to be partnering with RBFF and other industry leaders on this holiday promotion . '',neutral
`` Small well targeted acquisitions have played an important role in executing Satama 's strategy in the past couple of years .,neutral
`` Social networking and location-based service trends comprise a significant share of the Internet traffic today and are appealing to MID users .,neutral
"`` The acquisition of Sampo Bank makes strategic sense for DB , '' says Lindsey Liddell , director of Fitch Ratings 's Financial Institutions Group .",positive
"`` The bond gathered subscriptions from some 400 investors and the issued amount can be considered substantial taking into account the main target group -- retail investors , '' Citycon CFO Eero Sihvonen said .",neutral
`` The CHF is a great product .,positive
`` The flex is a small price to pay for happy lenders . '',neutral
"`` The industry is coming to an interesting fork in the road as both handset manufacturers and wireless carriers attempt to serve as the portal for Web-based service to your wireless handset , '' he wrote .",neutral
"`` The Intel Atom processor has had tremendous success in the marketplace since its launch over 2 years ago , '' said Pankaj Kedia , director of global ecosystem programs for Intel Corp. 's Ultra Mobility Group .",positive
"`` Tom Doring has a long and successful career in the drives business , and he knows the American market .",neutral
"`` We have significant experience in smartphone functionality , in the development of mobile Internet services , and in uniting the two into a smooth user experience .",positive
`` With this new version it is very important for us to introduce a BIM process that is based on the detailed building information model .,neutral
18:30 Dinner The conference program can also be viewed as a live audio webcast through the internet pages at www.citycon.com .,neutral
"3G data subscribers are also helping to maintain these growth levels , since data-only subscriptions push for more multiple SIM ownership .",neutral
6 October 2010 - Finnish paints and coatings company Tikkurila Oyj HEL : TIK1V announced today the launch of Tikkurila ProHouse method for protection of wooden surfaces via treatment with Ultra Pro waterborne products .,neutral
A CUT ABOVE Bring the outdoors in with these birch-branch coasters .,neutral
"A downloadable instruction sheet , instructional video , and project ideas for the award-winning Everywhere Punch TM Window System can be found at www.fiskars.com .",neutral
A new Kveyt light variety of Suomalainen Pekoni marketed under the Atria brand name is now available to consumers in Finland .,positive
A PLUMBING business has announced it is sponsoring a professional darts player .,neutral
A realignment of interests in the sector is clearly under way .,positive
"A. Le Coq Special was developed for the bicentenary of the company and the trade mark , the brewer said .",neutral
Estimations indicate that even up to 170 different tablet computers or reading devices will be available in 2011 .,neutral
"Finnish construction company YIT Corporation is planning to build about 200 high-quality holiday homes near the Tahko ski and spa resort , in Finland .",positive
"After piloting , the instrument will be further developed according to the experiences gained .",neutral
"And when it has lifted the veil on the various types of customer for which it designs its phones , the result is social stereotyping taken to a fine art .",neutral
Another noticeable thing is that the search for Tata and Airtel brands was mostly related to ` broadband connections ' .,neutral
As an overall effect of the above-mentioned measures Glaston will recognize non-recurring expenses of EUR 12 million in the fourth quarter of 2008 .,neutral
Aspo has also investigated the sales opportunities of Kaukomarkkinat 's electronics business .,neutral
"At a press conference , Lattelecom board chairman Nils Melngailis explained that Blackstone had been chosen for its experience in the IT sector as well as its financial strength .",positive
"At the beginning of the subscription period on May 2 , 2006 the share subscription price under B option right is EUR 10.22 per share .",neutral
"Back then , Tikkurila 's former owner , Finnish chemicals company Kemira Oyj HEL : KRA1V , distributed an 86 % stake to Kemira shareholders to facilitate the divestment and listing of Tikkurila .",neutral
"Based on negotiations with personnel , some 20 % have indicated their willingness to move to the new location .",neutral
BG Crane has a strong customer base in the on-road load handling and related installation and service businesses .,neutral
Both Mr Walden and Mr Ignatius will be responsible also for the newspapers ' business result .,neutral
Capitex Kalmar will continue to be responsible for the maintenance and technical development of the services .,neutral
"Cathay Forest 's strategy is to develop sustainable , regenerative forest assets .",neutral
Changes to the as-built models from the design were communicated to the subcontractors to accommodate them into the steel and GRC glass reinforced concrete fabrication process .,neutral
"Chargers manufactured under the new platform are suitable for mobile phones , navigators , digital cameras , Bluetooth head sets , media players and other electronic devices .",neutral
"com , and we are constantly planning new ways to serve our customers online on a more comprehensive basis , '' says Matti Leminen , President of Anttila Oy .",positive
"Currently , YIT builds a housing estate Zapadnye Vorota 26,000 square metres in the city and a house 9,910 square metres , which will be completed at the end of 2009 .",neutral
Customers in a wide range of industries use our stainless steel and services worldwide .,neutral
Delivery will start immediately in June 2008 and will be completed in 2008 .,neutral
"Demonstrations of the broad capabilities of the Mobility Business Suite will be organized during the 3GSM World Congress in Barcelona , from February 12th to 15th .",neutral
Each option right entitles the holder to subscribe for one new share at a subscription price of EUR0 .045 during the subscription period which ends on 31 December 2013 .,neutral
Elisa will expand the use of this technology provided the pilot proves successful .,neutral
"Elite Residence Tower , a new development by Tameer , is located at the heart of Dubai Marina .",neutral
Europe needs 17 new large paper machines .,neutral
Exel wants to serve its industrial customers with individual products .,neutral
"Finnish bank Pohjola Bank Plc HEL : POH1S said today that it will issue a EUR 40 million USD 51.2 m index-linked bond , Pohjola Tutkimuksen Tahdet VIII-2010 Pohjola Research Stars VIII-2010 , on October 27 , 2010 .",neutral
"Finnish diversified holding company Aspo Oyj said on September 8 , 2008 that it will sell the Finnish tape business of its Kaukomarkkinat unit to local Oy Telpak Ab .",neutral
"Finnish retailer Stockmann has won approval from the board of Swedish rival Lindex for a public tender offer with the aim of expanding the companies ' presence in Russia and other CEE countries , Stockmann said Monday .",positive
"Finnish software and hardware developer Elektrobit Oyj HEL : EBG1V , or EB , said today it will temporarily lay off up to 200 people for a maximum of 90 day in Finland , aiming to achieve cost savings of EUR 1.7 million USD 2m in the second half of 2010 .",negative
"Following the impact , the Altima hit a utility pole , causing a live electric line to fall onto the roadway .",neutral
From Merisatama to the far corners of the world Asfaltti Osakeyhti+Â Lemmink+ñinen was established in 1910 by a group of master builders in Helsinki as a specialist business and subcontractor .,neutral
"F-Secure , a developer of security solutions as a service through Internet Service Providers and mobile operators , announced results from its annual Online Wellbeing Survey .",neutral
"Further concrete cooperation is also carried out through various projects , doctoral theses and diploma dissertations .",neutral
"Furthermore , the company will sell the warehouse and office buildings in Loudeac and Saint Marcel and lease new joint premises for these operations in Morvillars .",neutral
"Handelsbanken ranked before Local Cooperative Banks and Aktia in customer loyalty this time too , however .",positive
He is resting comfortably and is looking forward to getting back to work . '',neutral
"If the employee leaves the company within the duration of the cover , the money invested to ensure commitment is returned to the company .",neutral
"In 2008 , Kemira recorded revenue of approximately EUR 2.8 billion and had a staff of 9,400 .",neutral
"In accordance with the terms and conditions of Alma Media 's 2006 option program , the share subscription price for the 2006A option rights was EUR 4.88 per share and the book countervalue EUR 0.60 per share .",neutral
"In addition to supplying a new headbox and a modern sizing and coating unit , Vaahto Group will provide erection supervision , training and start-up services .",neutral
"In Finland , Martela offers a comprehensive service that can cover the entire process of change from initial inventory and design to removal and maintenance .",neutral
"In Finland , the corresponding service is Alma Media 's Etuovi.com , Finland 's most popular and best known nationwide online service for home and property sales .",neutral
"In Penttil+ñ 's vision , the most important reason for the transaction is Russia .",neutral
"In recent months , Capman has taken significant steps to simplify its operations , CEO Lennart Simonsen said .",positive
"In stead of being based on a soft drink , as is usual , the Teho energy drink is made with fresh water .",neutral
"In the Baltics , the merger of the businesses of the two is expected to be completed in early 2008 .",neutral
"In the next few years , the ICT sector 's share of electricity consumption will be raised by the increase in the popularity of smartphones .",neutral
"In the video above Marimekko 's design manager , Noora Niiininoski , explains that the brands are a natural fit for each other because they both have a timeless style .",neutral
It also confirmed its earnings guidance for the whole 2009 issued in its report for the whole 2008 .,neutral
"It also has strong assets in electronic media , employing 18,500 an increase of 9 percent on last year .",positive
It is hand-painted resin with real 14-0 trebles and is 75cm long by 25cm deep from top to bottom of the middle hook .,neutral
"It is part of the development of the world-class magnetite deposit at Karara , which has the known potential for over 30 million metric tons of annual processing of magnetite over its estimated 30-year life .",neutral
"It is the last smartphone running Maemo 5 , which is to be replaced with MeeGo , a joint project between Nokia , Intel and the open source community .",neutral
"It makes a wide range of mobile devices with services and software that enable people to experience music , navigation , video , television , imaging , games and business mobility .",neutral
It offers advanced machinery maintenance and process development services to the pulp and paper industry in Northern China .,neutral
"It operates under three distinct brands : United Supermarkets , Market Street and United Supermercado .",neutral
"It s an area that is highly valued , because most of the land there has already been built on .",neutral
"Kaido Kaare , general director for Atria Eesti , says the company 's investments in the upgrade of the pig farms surpass EEK 150mn EUR 9.59 mn USD 14.19 mn in the past years .",positive
"Kaukopartio Oy has acquired specialized knowledge in Far Eastern operations , and industrial sourcing services are their core competence .",neutral
Kaupthing Bank will publish its annual results for 2007 before markets open on Thursday 31 January .,neutral
"LONDON AFX - UK and European brokers ' recommendations issued today , as collated by AFX News from a range of market sources .",neutral
"LONDON ICIS -- Tikkurila has completed the sale of its powder coatings business to Finnish industrial coatings firm Teknos Group , the Finland-based decorative paints company said on Wednesday .",neutral
The fine print is here .,neutral
M. and a Master of Business Administration MBA .,neutral
Martela is a front runner in providing innovative solutions and customer service Martela designs and supplies interior solutions for working environments and public spaces .,neutral
More than 80 special events in the three counties during four months were hosted by the library system and its nine branch libraries .,neutral
Ms Laakso will be responsible for HKScan 's HR functions and for their development in all of the Group ` smarket areas .,neutral
NetCom expects to complete Turbo 3G deployment in these areas this year .,neutral
"New Delhi , July 17 -- Sahlberg Teppo , Kallio Timo and Mustonen Tuomas of M Real OYJ , Espoo , Finland have developed novel markings and methods of producing the same .",neutral
"Nokia Siemens Networks provides mobile and fixed network infrastructure , communications and networks service platforms , as well as professional services , to operators and service providers .",neutral
"Nokia will continue to invest in future development of Qt for the benefit of all users , both Commercial and LGPL .",positive
Nokian Tyres ' tyres are considered genuine winter tyres in Russia .,neutral
"Of these shares 29,659,239 are held by the Company or its group companies and the number of outstanding shares and voting rights attached to the shares thus amounts to 322,705,218 .",neutral
"On the other hand , Finnish sawmills ' production has decreased even more .",negative
"One of the installed elevators will be a double-deck elevator , which enables more efficient use of the building 's core space .",positive
"One of the opportunities would be to bring all Baltic meat processing to Rakvere , like processing was concentrated at the Vantaa meat-packing unit in Finland , the paper wrote .",neutral
"Outotec 's scope of delivery covers the engineering , supply of special equipment and services for a calcination plant with two circulating fluid bed calciners .",neutral
"Outotec 's scope of delivery includes design , basic engineering and supply of proprietary equipment for a sinter plant with a grate area of 496 square meters .",neutral
"Participants at any of the book discussions or other special events , or visitors to the car dealership were eligible to enter the drawing for the 2005 silver , four-door Altima .",neutral
Peigs www.peigs.se will become part of Sardus Latta Maltider Light Meals unit .,neutral
Pharmaceuticals - Belgium This brand-new market analysis gives a clear overview of the actual situation and future outlook of the pharmaceutical market in Belgium .,neutral
Pharmaceuticals - Czech Republic This brand-new market analysis gives a clear overview of the actual situation and future outlook of the pharmaceutical market in Czech Republic .,neutral
Pharmaceuticals - Italy This brand-new market analysis gives a clear overview of the actual situation and future outlook of the pharmaceutical market in Italy .,neutral
Pharmaceuticals - Netherlands This brand-new market analysis gives a clear overview of the actual situation and future outlook of the pharmaceutical market in Netherlands .,neutral
Pharmaceuticals - Poland This brand-new market analysis gives a clear overview of the actual situation and future outlook of the pharmaceutical market in Poland .,neutral
Pharmaceuticals - Spain This brand-new market analysis gives a clear overview of the actual situation and future outlook of the pharmaceutical market in Spain .,neutral
"Product coverage : baked goods ; biscuits ; breakfast cereals Data coverage : market sizes historic and forecasts , company shares , brand shares and distribution data .",neutral
"Pulkovo park will be ready in 2016 , its first stage of 23,000 sq. m. will be finished in the first quarter of 2010 .",neutral
Quality chargers under CHARGZ brand are sold in selected retail stores and other sales locations world-wide .,neutral
"Rapala VMC Corporation Rapala , a leading fishing tackle and sporting goods manufacturer and distributor , is the main owner of Peltonen with its 80 % shareholding .",neutral
"Remote Phone Management demonstrates SysOpen Digia 's unique end-to-end offering for operators , handset manufacturers and enterprise customers .",neutral
"Renzo Piano 's building design will be a wonderful addition to London 's skyline , '' says Noud Veeger , EVP and Area Director for Central and North Europe at KONE .",positive
"Reporting in accordance with the merged business operations will start as of January 1 , 2011 .",neutral
RusHydro has an agreement to transfer its stakes in OESK and the five ERCs into the trust management of Inter RAO .,neutral
Russia wants to utilise its huge forest reserves in a very different way from what has been done so far .,neutral
Ruukki is restructuring commercial and industrial construction operations in pursuit of permanent improvements whilst adjusting operations to market conditions .,neutral
s already good position in the technical building services market in Ostrobothnia .,neutral
"S Group 's loyal customer magazine Yhteishyv+ñ came second with 1,629,000 readers and Sanoma Corporation 's daily newspaper Helsingin Sanomat was third with 1,097,000 readers .",neutral
"SCOPI Chief Business Excellence Officer , Eng .",neutral
"Seppala transferred the sale to a greater extent than last year to February , and this is reflected on the January sales figures .",neutral
"Stora Enso Oyj said Friday it will sell its North American unit to NewPage , in a deal valued at euro1 .82 billion US$ 2.52 million .",neutral
Subject-matter of the invention furthermore is the use of the cyclone for separating partly molten particles . '',neutral
"Taking a cue from the playbook of the East Dillon Lions , we 've created a special team of heavy-hitting style players , such as boot-cut jeans , tummy tops and , of course , cowboy boots .",neutral
"Tekla 's defense business employs over 20 persons and is located in Espoo , Finland .",neutral
"Tekla 's software solutions make customers ' core processes more effective in building and construction , energy distribution , infrastructure management and water supply .",neutral
Tekla will implement the renewal in software versions which will be introduced in spring 2011 .,positive
"Tekla will organize an information meeting for analysts and media at WTC Helsinki Marski meeting room , Aleksanterinkatu 17 , the same day at 12:30 - 1:30 p.m. Light lunch will be served .",neutral
The aim is to convert the plants into flexible manufacturers of new and technologically demanding products .,positive
The aim is to develop open-source application solutions .,neutral
"The Annual General Meeting approved a dividend of EUR 0.10 per share , that is , a total of EUR 7,8 million .",neutral
"The Annual General Meeting approved that the yearly remuneration for the members of the Board of Directors shall remain at EUR 40.000 for the Chairman of the Board , EUR 30.000 for the Deputy Chairman of the Board and EUR 20.000 for other members of the Board .",neutral
The annual Thesis contest is aimed to enhance the thesis quality and to strengthen the thesis culture in polytechnics .,positive
"The board machine , which will have a wire width of 6.25 m and a design speed of 900 m-min , will produce close to 1,400 tonnes of folding boxboard per day .",neutral
The board of directors also proposed that a dividend of EUR0 .20 per outstanding share be paid .,neutral
"The change in holdings in accordance with Chapter 2 , Section 9 of the Finnish Securities Markets Act is described below .",neutral
"The company also appointed Leif Rosen head of the Special Plate unit which includes the quarto plate units in Degerfors , Sweden , and New Castle , USA , the unit in Willich , Germany , as well as Pressplate and Prefab in Avesta and Plate Service Centre Nordic in Degerfors .",neutral
"The company designs , manufactures and markets advanced composite products for industrial applications and consumer goods such as cross-country , alpine and Nordic Walking poles , floorball sticks and antenna radomes .",neutral
"The company had earlier said that it was considering different strategic options for the struggling low-cost mobile operator , including a divestment of its holding .",neutral
The company had hoped the new plant would be on stream by the end of 2008 .,neutral
"The company is owned by the State of Finland and the European Aeronautic Defense and Space Company EADS N.V. Tekla is an international software company that provides solutions for building and construction , energy distribution and municipalities .",neutral
The company pledged that the new software would render e-mails and other documents much as they appear on desktop computers .,neutral
The company 's advantage in pricing can be seen in the significantly lower prices offered by the new unmanned stations .,positive
"The company said Offshore segment represented 43 % of the total marine engines orders for the July-September 2010 period , Merchant 33 % , Special vessels 18 % , and Cruise and Ferry , and Ship Design -- 2 % and 3 % , respectively .",neutral
"The company said production volumes so far indicate the circuit is capable of the targeted output rate of 60,000 tonnes per day , or 22 million tonnes a year .",neutral
"The company said that currently the French distribution unit Ragot is located in Loudeac , Normandy , the distribution unit Waterqueen and line supplier Tortue in Saint Marcel in mid-France and the hook manufacturing unit VMC and hook distribution unit VMC Europe in Morvillars .",neutral
"The construction of a large woodworking facility in the Sheksna district of the Vologda Region , in northwest Russia , will begin in 2009 , and the plant will start production in 2011 .",neutral
"The contract consists of a new building with an area of 18,000 sq m and renovation of the existing buildings .",neutral
"The contractor of the shopping center , China State Construction Engineering Corporation , has previously built e.g. airports , hotels and factories for large international customers in different parts of the world .",neutral
"The contracts awarded to date , in connection with the system , amount to a total EUR 36 million .",neutral
The corrected chapter is in its entirety below .,neutral
"The deal , already approved by shareholders , will be carried out in the first half of 2011 .",neutral
The deal strengthens Ramirent 's position especially in the industrial sector and in large investment projects .,positive
The deal was worth about EUR 1.2 mn .,neutral
"The device offers multimedia performance along with a host of productivity applications , including live stock prices .",neutral
The event can also be viewed as a live audio webcast at www.ahlstrom.com .,neutral
The event can also be viewed as a live webcast at www.cargotec.com .,neutral
The first charging stations will be made available already in 2008 and a whole network is to be ready in 2010 .,neutral
The GeoSolutions team further provides an intriguing new technology combining GPS and Mobile-based technologies together with Internet-based social networking .,neutral
The investment will be worth approximately EUR 100mn .,neutral
The mill is concentrating on getting the supercalendered line running satisfactorily before restarting its older newsprint line .,neutral
"The most important export markets are Norway , Germany , Russia and France .",neutral
"The most loyal customers were found in the Bank of +àland , with an index of 8.0 .",positive
"The new system , which will include 60 MC3090 PDAs from Motorola , to be used by 60 Poundstretcher operatives across 3 shifts , will integrate in real-time with the company s existing Warehouse Management System , Aldata G.O.L.D Stock , which went live in May 2008 .",neutral
"The Nokia Music Store begins trading on Tuesday , selling singles and albums as well as live music streaming .",neutral
The number of customers is one of the most important parameters in determining the price of electricity networks .,neutral
The order was valued at over EUR15m .,neutral
The order was valued at USD12 .2 m.,neutral
The order was worth EUR 8mn .,neutral
The organization that is a member of the Russian auto sector union MPRA has become active since Tikkurila acquired Russian paint company Kraski Teks in 2006 .,neutral
"The outsourced Scan and Capture solutions transfer paper invoices into electronic format , and Basware Business Transactions Service allows the customer to receive and send invoices in an electronic format .",neutral
"The parties have also agreed that L+ñnnen Tehtaat has the right to sell the remaining shares in Suomen Rehu to Hankkija-Maatalous 15 months after the purchase of the majority holding , at the earliest .",neutral
The pipeline is strong .,positive
The potential acquirer is Cencorp Corporation which is a related entity to SAV owing to each of SAV and Cencorp being a subsidiary of the Finnish Savcor Group Oy .,neutral
"The prerequisite for inclusion in the program and for receipt of any gains is that key employees acquire Aspo shares to the amount determined by the Board in advance , in the maximum .",neutral
"The record date for dividend distribution is March 14 , 2008 .",neutral
"The Samsung Mobile Applications Store was launched in January 2009 by Samsung Mobile Innovator , a program which enables mobile software developers to create applications for use across Samsung mobile devices .",neutral
The second-quarter net sales are expected to be on par with the first quarter of 2009 .,neutral
"The service is intended to allow the people of thirteen Mediterranean countries to reach the Baltic more rapidly , with a single carrier .",positive
The solid fuel is heated before sludge is mixed therein . '',neutral
"The study evaluated the safety , tolerability and pharmacokinetics of repeated doses of intravenously administered antibody in 26 patients with active plaque psoriasis .",neutral
"The ten year rent contract with the right of prolongation on the existing terms , was signed between Stockmann and the owner of the shopping center in 1998 .",neutral
"The terms of the financing were approved by the Annual General Meeting of the Company held on June 30 , 2010 .",positive
"The total donation amount is EUR 1,115,000 .",neutral
"The total investment necessary will be EUR40m , the company estimated .",neutral
The total project duration is three years and it is valued at some EUR11 .5 m.,neutral
"The total scope of the project is about 38,000 square metres and it is valued at a total of around EUR75m .",neutral
"The transaction , which includes US$ 1.5 billion euro1 billion in cash , vendor notes and share purchases , is expected to be completed in the first quarter of 2008 , the Finnish-Swedish paper maker said .",neutral
The upgraded factory is scheduled to come on stream in the summer of 2008 .,neutral
The uranium found locally is naturally occurring and it makes sense to extract it in the same way as we do with our other metals . '',neutral
"There are companies , which are ready to invest their own funds in this deal such as Rostelecom RTS : RTKM .",positive
"They are responsible for their own operations , customer relationships , and the development of these .",neutral
This allows devices such as mobile phones to become a few millimetres thinner .,neutral
"This implementation is very important to the operator , since it is about to launch its Fixed-to-Mobile convergence service in Brazil see Brazil : 8 May 2006 : .",neutral
This is the first time Finnair has been awarded an agreement with the UK government .,positive
This organization will assume the responsibility for operations in Russia .,neutral
This PC application allows users to copy files and other data from their Nokia mobile device to their computer as well as create backup content .,neutral
Three students from Universiti Sains Malaysia have won a study trip to Helsinki .,neutral
"Thus the group 's balance sheet will have about EUR 25.8 million of goodwill , the company added .",neutral
"Thus the group 's balance sheet will have about EUR25 .8 m in goodwill for 2010 , the company added .",neutral
Timo Penttila has been appointed new manager responsible for the asset management of Nordea 's institutional customers in Finland .,neutral
"To achieve synergy targets related to the acquisition , Vaisala is consolidating its manufacturing , depot and data services , and finance activities currently located in Uniontown , Pennsylvania , St. Louis , Missouri and Durham , North Carolina .",neutral
To raise consumer awareness and encourage people to recycle their old mobile devices Nokia runs regular recycling campaigns around the world .,neutral
"To see more of New Haven Register , or to subscribe to the newspaper .",neutral
"To showcase our end-to-end capabilities at the Mobile World Congress , we arranged an internal MeeGo application development competition to entice developers to create new applications .",neutral
"Today , we are connecting people in new and different ways - fusing advanced mobile technology with personalized services to enable people to stay close to what matters to them .",neutral
Together they generate Aspo 's goodwill .,neutral
"Trading in the new shares , which have right to dividends and other distributions of funds , will start on the exchange in Helsinki tomorrow .",neutral
UNC Charlotte would also deploy SSH Tectia Connector to enable secure application connectivity .,neutral
UPM-Kymmene has generated four consecutive quarters of positive Free Cash Flow .,positive
UPM-Kymmene has generated seventeen consecutive quarters of positive Cash Flow from Operations .,positive
UPM-Kymmene has generated thirty-one consecutive quarters of positive EBITDA .,positive
"UPM-Kymmene www.upm-kymmene.com produces magazine papers and newsprint , as well as fine and specialty papers , converting materials and wood products .",neutral
"Wayne Greensmith , Fiskars Brands UK senior brand manager , said : `` We have launched this as we want to give something back to the community .",neutral
"VDW combined with LXE devices enhances productivity , enabling workers to use a single device to perform voice , scanning and keyboard functions .",positive
"We can choose the most efficient , best overall value option for our customers already at the bidding stage .",positive
We make available the following brand-new market analyses : Cement - UK Cement - Poland Cement - Belgium These analyses give a clear overview of the actual situation and future outlook of the cement industry in some European countries .,neutral
We make available the following brand-new market analyses Cement - Pakistan Cement - Malaysia Cement - Taiwan Cement - Philippines These analyses give a clear overview of the actual situation and future outlook of the cement industry in some Asian countries .,neutral
"We serve a broad range of customers , including construction and process industries , shipyards , the public sector and households .",neutral
"We went to the market with yield guidance of the 7.25 % area , which gave us the flexibility to go up or down by 1-8th .",neutral
"Vehvilainen , who is currently the chief operating officer at Nokia Siemens Networks , will join Finnair on 5 January 2010 and take over as CEO effective 1 February 2010 .",neutral
"When new types of network elements are added to the network , the conversion file is updated by adding the information required for converting the message format of the new network element type to the format understood by the management system .",neutral
"When open next year , it will be the largest facility in the world to produce diesel fuel from renewable feedstock such as palm oil and animal fat .",positive
"Via the plant , the Belgian company will feed 8.4 MW of electricity into the distribution grid and will be able to deliver up to 14 MW of heat .",neutral
Viking Line head Jan Kaarstroem told TT that his company 's ferries were well equipped to handle ice and that all the passengers were safe .,positive
"Yara Suomi Ltd also provides nitrogen chemicals and technical nitrates to various sectors of industry , as well as products used in environmental protection .",neutral
Finnish plumbing and heating systems supplier Uponor announced a company-wide cost reduction program in August 2008 .,neutral
Finnish plumbing and heating systems supplier Uponor Corporation ( OMX Helsinki : UNR1V ) said on Tuesday ( 12 August ) that its board of directors has authorised the management to proceed with a company-wide cost reduction program .,positive
"A Flurry Analytics spokesperson said that , as it was only measuring Windows Phone 7 data for some weeks , the firm double-checked the data to make sure the 66 per cent rise was not an aberration .",neutral
"Net sales of Finnish Sanoma Learning & Literature , of Finnish media group Sanoma , decreased by 3.6 % in January-June 2009 totalling EUR 162.8 mn , down from EUR 168.8 mn in the corresponding period in 2008 .",negative
"Employing 112 in Finland and 280 abroad , the unit recorded first-quarter 2007 sales of 8.6 mln eur , with an operating loss of 1.6 mln eur .",negative
"JP Morgan expects that Scala will lower Nobel Biocare 's growth forecast for 2007 from the current guidance of 23-25 pct , as well as the operating margin target from the current 34-35 pct .",negative
"Furthermore , sales of new passenger cars and light commercial vehicles in the country declined by 5.4 % year-on-year last month .",negative
"IT services firm TietoEnator was bucking the general trend , holding flat at 22.70 eur , after slipping back from earlier gains .",negative
"Profitability ( EBIT % ) was 13.6 % , compared to 14.3 % in Q2 2009 .",negative
"Several large stocks tacked lower , however .",negative
"The company booked April-June new orders worth 949 mln eur , compared with 786 mln eur in the same period a year ago .",positive
Sales of mid-strength beer decreased by 40 % .,negative
"TeliaSonera 's underlying results however included 457 mln skr in positive one-offs , hence the adjusted underlying EBITDA actually amounts to 7.309 bln skr , clearly below expectations , analysts said .",negative
Aspocomp has repaid its interest bearing liability to Standard Chartered Bank and will use the rest of the consideration to partially repay its interest bearing liabilities in Finland and to improve its liquidity .,positive
EuroChem Head of Corporate Finance Alexander Gavrilov said : `` I am pleased that we have once again confirmed that EuroChem is able to attract long-term funds at attractive rates .,positive
"Under a memorandum of understanding MoU the parties will collaborate in preparing and implementing joint projects in the fields of combined power and heat generation , environmental protection and energy efficient technologies .",positive
"We are honored to be acknowledged for our commitment to the industry , especially in Asia Pacific . ''",positive
I thank Jarmo Ukonaho warmly for his contribution and wish him all the best in the future challenges . '',neutral
"The seminar introduced modern , clean technologies and products , financial tools and sponsorship programs for energy and environment projects as well as the potential to develop clean energy in Vietnam .",positive
"Proving that good cellphone design is truly a work of art , the website for the Nokia 6131 provides a colorful canvas for the expression of mobile-inspired sentiments .",positive
"`` Following last year 's good profit development , we have entered the current year in a good position .",positive
"HELSINKI (Thomson Financial)- Kemira GrowHow swung into profit in its first quarter earnings on improved sales , especially in its fertilizer business in Europe , which is normally stronger during the first quarter .",positive
"Finnish lifting equipment maker Kone Oyj said on October 4 , 2007 it won an order worth 15 mln euro $ 21.2 mln to deliver a total of 53 custom designed elevators to Norwegian shipbuilder Aker Yards ASA .",positive
"For the full 2010 the company expects its net sales and operating result to improve from the previous year , saying that a positive operating result and its amount will depend on the order intake by the end of the summer .",positive
It will focus on improving its profitability next year by streamlining operations .,positive
"MD Henning Bahr of Stockmann Gruppen praises the trend , since the chains become stronger and their decision-making processes more clear .",positive
Mr Lee said he hoped that Neste 's move will ` pave the way for more collaboration projects between our two countries ' .,positive
The company will enhance the GPRS capability in the existing 12 IDEA telecom service areas and add 10 more service areas to its network .,positive
The company will make its marketing and sales investments initiated in 2009 even more efficient in 2010 .,positive
"The core of Solidium 's investment strategy is proper , value enhancing asset management of the current holdings .",positive
"The developers of that project predict that once it is completed in April 2009 , Skanssi will attract some 4.5 million visitors annually .",positive
"The GeoSolutions technology will leverage Benefon 's GPS solutions by providing Location Based Search Technology , a Communities Platform , location relevant multimedia content and a new and powerful commercial model .",positive
"The stock is trading above both its MAPs and the 50-day MAP of SEK72 .983 is higher than the 200-day MAP of SEK70 .283 , a bullish indicator .",positive
Those will be partially offset by a 186 mln eur gain on the sale of its Celbi pulp plant in Portugal .,positive
"With the measures , Suominen Corporation aims to ensure the competitiveness of the Flexible Packaging business in the long term .",positive
ABB Deutsche Bank upgraded its recommendation on Swiss-Swedish engineering group ABB Ltd. to ` Buy ' from ` Hold ' .,positive
"`` I am very pleased and proud of our performance last year , '' Chief Executive Juha Rantanen said in a statement .",positive
"`` I 'm pleased to receive the Nomination Committee 's request and confidence , '' says Jon Risfelt .",positive
`` Our design team has long admired Marimekko 's vivid patterns and colors .,positive
"`` Overall , we 're pleased with the startup curve ... and we 're pleased with the quality of the paper , '' Stora spokeswoman Patricia Dietz said Tuesday .",positive
`` We are pleased with the efforts of both negotiating teams and look forward to a productive four years ahead . '',positive
"`` We are proud to welcome another distribution facility to north Mississippi and the region known as the logistics center of the United States , '' said Gray Swoope , executive director of MDA .",positive
"`` We are very pleased to be working with Fujitsu and NTT DoCoMo to advance the progress of LTE , '' said Juergen Walter , Head of Converged Core , Nokia Siemens Networks .",positive
A memorandum of understanding on cooperation between the Finnish Global Chemical Company KEMIRA and Vietnam National Chemicals Group ( Vinachem ) was signed on this occasion .,positive
Affecto has helped SKAT to set up the platform and has previously delivered several Business Intelligence projects for SKAT .,neutral
"Also , it is bringing in `` the right kind of people '' to upgrade its human resources .",positive
"At the seminar , a memorandum of understanding on co-operation was signed between the Finnish Kemira Company and Vietnam National Chemical Corporation .",positive
"By acquiring RCP , we can combine our strong knowhow with the expertise of a solid local company .",positive
EuroChem CFO Andrey Ilyin said : `` This facility marks another important step for EuroChem in securing the long-term financing necessary for our potash and other strategic projects '' .,positive
"HELSINKI ( Thomson Financial ) - Kone said it has won four orders in Saudi Arabia , United Arab Emirates and Qatar worth 40 mln eur .",positive
"( ADP News ) - Finnish handling systems provider Cargotec Oyj ( HEL : CGCBV ) announced on Friday it won orders worth EUR 10 million ( USD 13.2 m ) to deliver linkspans to Jordan , Morocco and Ireland .",positive
Merrill Lynch analyst Campbell Morgan upgraded his recommendation on PaperlinX from `` neutral '' to `` buy '' in May .,positive
"Mr. Atul Chopra , Chief Operating Officer & President , Tecnotree elaborated '' I am eager to see the continued success of the former Tecnomen , bringing Lifetree product to MENA , under the Tecnotree umbrella .",neutral
"OUTOTEC OYJ PRESS RELEASE , FEBRUARY 19 , 2008 AT 11.00 AM Outotec has won two large minerals processing technology orders from Mirabela Mineracao do Brasil Ltda , Brazil and from Cumerio Med JSCo , Bulgaria .",positive
"Outotec said it won new orders worth 492.9 mln eur during the quarter , compared with 240.4 mln eur a year earlier .",positive
President and CEO Mika Vehvil+ñinen says the positive signs are first and foremost emerging outside Finland .,positive
Raute said it has won an order worth around 15 mln eur to supply several plywood production lines to mills operated by Russian wood products company Sveza Group .,positive
Satama earned Data Management Solutions competency with Business Intelligence specialization recentlyvia the acquisition of Fimentor Oy .,positive
"Since inception in 1999 , Access ' stable management team has remained disciplined and focused on the proactive screening , selection and management of European small to mid-market buy-out funds of funds and mandates .",neutral
"SysOpen Digia Plc , Press release , 7 February 2006 IBM Finland has rewarded its most distinguished partner companies for 2005 .",positive
"The brokerage said 2006 has seen a ` true turning point ' in European steel base prices , with better pricing seen carrying through the second quarter of 2006 .",positive
The concept enables a commercially affordable way to manufacture high-quality TCO coated glass for the solar industry .,positive
The goal is to secure the company 's profitability and competitiveness .,neutral
The new policy was also aimed at making the companies more profitable and competitive .,positive
The purpose of this action is to ensure company 's cost effectiveness this year and in the near future .,positive
"This location makes the mall a convenient place to shop for consumers from three large residential areas nearby : Jaroszowka , Wysockiego and Zgody .",positive
"Tieto offers Aktia a good foundation and the required support services for implementing the update project , ' says Juha Volotinen , responsible for Aktia 's web services .",positive
"We are glad that our long co-operation with SODRA continues '' , comments Stig-Goran Sandberg , Affecto 's Area Manager for Baltic operations .",positive
"We now have both the opportunity and the responsibility to create a new journalistic culture to serve the readers of Alma Media 's newspapers , `` says Hannu Ollikainen , head of the new Helsinki desk .",neutral
"`` Lining stone sales were also good in the early autumn , and order books are strong to the end of the year .",positive
"`` These patronage refunds reward members that use the fee-based services that make a positive contribution to CenCorp 's operating results , '' said Bill Walby , CenCorp CEO .",neutral
"`` This vessel order will help Aspo secure the long-term competitiveness of its fleet , both in terms of technology and pricing .",positive
15 December 2010 - Finnish-German telecoms equipment maker Nokia Siemens Networks said today it won a contract to upgrade the radio network of home-based telecommunications company Elisa Oyj HEL : ELI1V .,positive
Finnish KCI Konecranes has been awarded an order for four hot metal ladle cranes by Indian steel producer Bhushan Steel & Strips to be delivered in 2007 .,positive
Finnish Raute Precision has won large glass batch plant and mortar plant orders from Mexico and the US .,positive
"Vaahto Pulp & Paper , of Finnish Vaahto Group , has been awarded an order to renovate Finnish-Swedish forest industry company Stora Enso 's paperboard machine at the Ingerois Board Mill in Finland .",positive
"Combining the two producers will create a strong EU-based fertilizer industry capable of meeting global competition , they added .",positive
"Finnish IT solutions provider Affecto Oyj said today that it has won a frame contract , valued at some EUR2m , to implement the next phase of its insurance application for South African Mutual & Federal Insurance Company Limited M&F .",positive
HELSINKI AFX - KCI Konecranes said it has won an order for four hot metal ladle cranes from Indian steel producer Bhushan Steel and Strips Ltd. .,positive
HELSINKI AFX - Outokumpu said its technology unit has won a 28 mln eur contract from Bosnia-Herzegovina 's Aluminij dd Mostar to upgrade an anode plant .,positive
"HK Ruokatalo now accounts for about 50 % of poultry sales in Finland , and profitability is at a good level .",positive
"However , the bottom-line result improved thanks to positive financial items .",positive
"Kesko Agro Lietuva , the agricultural machinery and grain trader and another member of the Kesko Group , boosted its sales by 42.9 percent to 13.4 million euros , VAT inclusive .",positive
"Lee & Man Paper and Metso have a long and prosperous co-operation , a good example of which are the Changshu and Hongmei kraftliner machines delivered earlier .",positive
"London 's leading shares today jumped almost 100 points , or 1.7 % , as the market opened .",positive
Metso said it has won an order worth around 40 mln eur to supply a kraftliner board machine to China 's Lee & Man Paper Co. .,positive
"Mika Stahlberg , VP F-Secure Labs , said , `` We are excited and proud that F-Secure has been recognized by AV-Comparatives as the Product of the Year .",positive
"The Ministry of Water in Tanzania has awarded Poyry a water and sanitation engineering assignment for the rehabilitation and extension of water supply and sanitation infrastructure in Bukoba and Musoma , situated at Lake Victoria in northern Tanzania .",positive
The policy was also aimed at making the companies more profitable and competitive .,positive
"The three year turn-around program is expected to ensure Salomon 's future competitiveness , the company said .",positive
"We are very pleased with the fine co-operation between the two countries in recent times , he said .",positive
"Finland 's leading metals group Outokumpu said its fourth-quarter net profit more than tripled on the back of strong global demand for stainless steel , soaring base metal prices and proceeds from the sale of its technology unit .",positive
"Neste Oil Corporation is a refining and marketing company concentrating on clean , high-quality traffic fuels .",neutral
"Aug. 31 , 2009 (Gawker Media delivered by Newstex)-- If you love fishing video games but felt that there just was n't enough wackiness involved , then Activision 's (NASDAQ : ATVI) Rapala : We Fish might just catch your eye with its family-fun hook .",neutral
"The company has the poser , who wants to impress people with the latest handset .",neutral
"`` We are delighted to announce our support for Intel based handheld platforms , the capabilities of which have made our development easier and faster .",positive
"According to Bosse , the present cooperation is beneficial to all parties , however .",positive
`` We are proud to contribute to the creation of a world-class airport facility with KONE 's innovative People Flow TM solutions .,positive
Finnish insurance company Fennia and Kesko Group are ending their loyal customer cooperation .,negative
According to an  posted by the World Intellectual Property Organization : `` The present invention relates to hydrocarbons and particularly to the manufacture of hydrocarbon components suitable as aviation fuels or jet fuels and as blending stocks for aviation fuels .,neutral
And that 's exactly what happened on a recent weekday when an East Haven baker was brought in to remind residents about the Easter tradition of making wheat and rice pies .,neutral
Any investment or investment activity to which this communication relates is only available to relevant persons and will be engaged in only with relevant persons .,neutral
"Efore 's presence here also opens up new and interesting development opportunities for our students , '' the dean of the Faculty of Electronics , Communications and Automation at TKK said .",positive
"Fortum needs a clear signal of commitment from the Government that the permit is available before the company will start the next round , Kuula says .",neutral
It helps our stakeholders get a better understanding of our operations and the challenges in stainless steel business .,neutral
"Mr. Mika Korpinen , APAC Vice President for Comptel concludes : `` Comptel is once again demonstrating the importance of providing reliable delivery and enabling time-to-market .",neutral
"Music is provided by all major international and regional labels including Universal Music Group , Sony Music Entertainment , Warner Music , EMI Music , Rotana , Mazzika , Melody Music , Platinum Records , and leading content aggregator The Orchard , as well as thousands of independent labels .",neutral
Nordea Bank has a large share and vast experience in the Nordic credit card market .,neutral
"One can even receive on the spot alerts as soon as jobs are posted , putting you at the front of the queue for opportunities .",neutral
One of my colleagues summed up the E7 quite aptly when he remarked : `` Fantastic hardware .,positive
"Strong brand visibility nationally and regionally is of primary importance in home sales , vehicle and consumer advertising .",neutral
Swiss franc surged to record 1.42 euros after it reported sharpest gain in manufacturing in March .,positive
Technopolis said before the protocol was signed that the techno-park would be built at a site covering more than six hectares in the Neudorf special economic zone and that it planned to invest 200 million euros in the project until 2009 inclusive .,neutral
"The add-on order contains , among others , control valves and instrumentation as well as complete mill engineering and electrification with Metso drive controls .",neutral
"The CL51 is designed to measure cloud base height and vertical visibility in all weather conditions , which makes it an ideal instrument for meteorological applications that rely on reliable cloud height detection .",positive
"The company 's objective is to offer the best people flow experience by developing and delivering solutions that enable people to move smoothly , safely , comfortably and without waiting in buildings in an increasingly urbanizing environment .",neutral
The indexes include the top companies that are committed to sustainable development .,neutral
"The paper industry 's de-inking sludge , which is produced in mills that use recycled fiber when printing ink is removed from recovered paper , is also a suitable raw material .",neutral
The repurchase of the bonds was executed in the open market in accordance with section 7 f of the terms and conditions of the Convertible Bonds .,neutral
"Tip of the week Panfish like bluegills are great fun to catch , especially for children new to fishing .",neutral
"With Aldata , we can help retailers ensure that their merchandising and selections reflect customer demand and their evolving shopping behavior . ''",neutral
- I am pleased that Bjorn Wahlroos has accepted the nomination .,positive
"`` Korean consumers are tech-savvy and leading the pack in terms of design , '' Gill Hyun-chang , president of Motorola Korea Inc. , told Dow Jones Newswires in an interview .",neutral
"`` QPR 8 integrated management system is the fastest , easiest and most efficient way for organizations all around the world to take control of their human-centric business processes .",positive
"`` We are delighted to welcome Elisa to our Board of Directors , '' said Garry McGuire , CEO of RMG Networks .",positive
`` We want to serve K-citymarket customers by offering them interesting and topical selections .,neutral
Finnish food industry companies are interested in the opportunities provided by Ukraine .,neutral
"Finnish newspaper publisher Sanoma , of media group SanomaWSOY , is merging its free sheets Uutislehti 100 and Metro as of mid-September 2008 to form a new free sheet to be named Metro .",neutral
Finnish Raute Precision that supplies weighing and dosing systems and plants is changing its name to Lahti Precision .,neutral
"Finnish Suominen Corporation that makes wipes , nonwovens , and flexible packaging , has a plant near Warsaw , in Poland , that makes flexible packaging .",neutral
The representative body of Swedish Meats approved an improved offer from Finnish HK Ruokatalo to acquire the company .,positive
"According to Mark White , Locatrix Communications ' CEO , the company 's web services interface allows device owners , friends , and family to track and locate TWIG users via any web browser .",neutral
Active shipping is essential for Finland .,neutral
After the renovation the biggest moulding line in the Orhangazi foundry is the most modern line in Europe .,positive
Basic banking activities continued as normal .,neutral
"cents Scout for potential acquisition targets , with detailed insight into the companies financial and operational performance .",neutral
"Chic and cheerful , Finnish design house Marimekko has been sending its geometric textiles out into the world for the past 60 years .",neutral
"Community gardening has become a popular activity , especially to raise vegetables .",neutral
"CompaniesandMarkets.com provides a wide range of research reports , industry statistics and competitive intelligence on the industrial sector .",neutral
"Finland 's Neste Oil has been awarded the Chemical Industry Federation of Finland 's Innovation Award for its NExBTL technology , which enables biodiesel to be produced from vegetable oil and animal fat .",positive
Finnish electronics manufacturer PKC Group Oyj ( OMX Helsinki : PKC1V ) said on Wednesday ( 31 December ) that it has completed the acquisition of MAN Nutzfahrzeuge AG 's cable harness business from MAN Star Trucks & Buses Spolka zoo in Poland .,positive
Forest certification is a voluntary system aimed at promoting sustainable forest management in commercial forests .,neutral
"France T+®l+®com spent more time studying TeliaSonera than other potential takeover targets because it has a shareholder that wants to sell , Pellissier said .",neutral
F-Secure Online Backup automatically protects all the content stored on a computer or smartphone by making a copy of the content to an online location .,neutral
He said things will be different when new Finnish nuclear power stations go into operation and the large hydro powered stations of northern Europe have a good year .,neutral
"Higher bit rates for outgoing traffic improves the end-user experience of mobile broadband services such as video conferencing , file sharing and sending e-mails with attachments .",positive
Honkarakenne Oyj - a world-leading manufacturer of genuine wooden homes - will be sponsoring Finnish crosscountry skier Virpi Kuitunen for the next three years .,neutral
"I am looking forward to contribute to SRV 's success with my competence '' , says Taneli Hassinen .",positive
In his turn Fradkov said Russia is interested in adopting Finnish experience in forming technology parks in the framework of implementing the law on special economic zone .,neutral
"It combines a perfect price performance with sophisticated management facilities , the company said .",positive
"It provides customers with industry-leading elevators , escalators and innovative solutions for maintenance and modernization .",positive
It said Comptel delivers reliable provisioning and activation solutions which improve fulfilment processes for operators .,neutral
"Kemira Coatings is the leading supplier of paints in Northern and Eastern Europe , providing consumers and professionals with branded products in approx .",positive
L&T has also made a commitment to redeem the remaining shares by the end of 2011 .,neutral
Proline Plus is a mechanical liquid handling device with a robust design suitable for all types of applications .,neutral
"Nokia said that its next generation mobile gaming platform makes it easy for people to find , buy , play and share rich and immersive games on a range of Nokia devices .",neutral
"Of Bavelloni 's and NST 's joint ventures , Bavelloni Tools , completes semiproducts that are produced in Italy into high-quality tools that will be sold under the DiaPol brand .",neutral
Panostaja is a financially secure Finnish multi-field corporation that creates healthy companies and company entities .,neutral
Poyry has a good track record of major transportation projects in Latin America .,positive
Shareholders have a right to put on the agenda of the AGM items that are within the competence of the general meeting .,neutral
"So far the company has awarded more than $ 350,000 worth of tools and materials .",neutral
"Supported Nokia phones include : N96 , N95-8GB , N95 , N93-N931 , N92 , N85 , N82 , N81 , N80 , N79 , N78 , N77 , N76 , N75 , N73 , N72 , N71 , E90 , E71 , E70 , E66 , E65 , E62 , E61-E61i , E60 , E51 , E50 , Touch Xpress 5800 , 6220 Classic , 6210 Navigator , 6120 Classic , 6110 Navigator , 5700 , 5500 , 5320XM .",neutral
"The Basware Connectivity services allow companies to handle purchase to pay processes online and make their internal processes more efficient , '' said CEO Ilkka Sihvo , Basware Corporation .",positive
The company 's main shareholders Lihakunta and Itikka Osuuskunta have both made a commitment to acquire shares worth EUR 20mn .,neutral
The Engines in Asia-Pacific industry profile is an essential resource for top-level data and analysis covering the engines industry .,neutral
"The iTunes-based material will be accessible on Windows-based or Macintosh computers and transferable to portable devices , including Apple 's iPods .",positive
"The machine will have an annual production capacity of 200,000 tonnes of super-calendered magazine paper and other paper grades based on recovered fiber , Stora Enso said .",neutral
The Moscow Metro ( www.mosmetro.ru ) was the first metro system in Europe to implement smart cards together with a new type of magnetic card in 1998 .,neutral
The StoneGate product is centrally manageable and suited for both physical and virtual environments .,neutral
"The total scholarship amount was 40,000 euros and the recipients were chosen on the recommendation of fine arts universities and sports associations .",neutral
The tower 's engineers have created an 18 degree westward lean - four times the inclination on the Leaning Tower of Pisa - using diagrid structures that are aligned geometrically using Tekla Structures BIM ( Building Information Modeling ) software .,neutral
The winners included the Honda Odyssey for minivan and the Nissan Armada for large SUV .,neutral
"These companies own a 20,000 sq. m. office and commercial building and substantial amount of building right for a new shopping center in Liljeholmen , Stockholm .",neutral
This bold spinning 360 red fabric design is set beautifully on Ercols Napoli sofa .,positive
TomTom has given assurances that it will continue to sell maps to competitors if it wins EU approval .,positive
We are also pleased to welcome the new employees to Tieto . ',neutral
"We are very excited working with Maxis on this first commercial deployment of ` Master of Maya ' , said Joe Doering , Head of the Asia South region at Nokia Siemens Networks .",positive
We do hope that this will in the future turn out to be a novel method for the prevention of alcohol and tobacco smoking associated oral cancers .,neutral
"While I cant understand what theyre saying , its impressive to watch him hit that ball at those speeds .",neutral
"`` It gives us a sense of pride and exposure , '' said Bruce Hansen , the SVH sales representative for Wolverine .",positive
"`` Nokia 's Calling All Innovators Africa competition has been specifically launched to enable developers to create locally relevant , best-of-breed mobile applications . ''",positive
"`` P&O Ferries now has a very efficient and powerful vessel for its Dover to Calais route , '' head of the shipbuilder 's Rauma yard , Timo Suistio , said .",positive
`` People who enjoy mobile games are often the same customers who enjoy experimenting with new mobile services and content .,neutral
`` Russia is ready to participate in an open tender for Lattelecom 's privatization .,neutral
"`` Subscribers can browse free numbers with their handset , and select the numbers , packages and services they prefer when activating the phone .",neutral
"`` We are happy to be working with Rapala to encourage boaters and anglers to introduce newcomers to the sport , '' said RBFF President & CEO Frank Peterson .",positive
`` We are pleased to welcome Tapeks Noma into Cramo group .,positive
"An  of the invention , released by the Patent Office , said : `` A non-coherent search matrix is formed of said correlation function matrix .",neutral
"As with other stakeholders , COMPTEL has been involved in the workshops , meetings and filed comments on the issues of greatest importance to the competitive sector of our industry .",neutral
"ASPO Plc STOCK EXCHANGE BULLETIN October 24 , 2006 at 2:00 p.m. Aspo Systems Division has completed the statutory negotiations , as required under the Act on Co-Operation Within Undertakings , conducted as part of the action plan launched in August .",neutral
Being successful requires providing a level of quality that satisfies our customers and partners .,neutral
Both companies will keep their commercial independence and continue to market their traditional products individually .,neutral
CDLI highlights the companies that provided the most comprehensive response to the Carbon Disclosure Project CDP information request .,positive
City CU Welcomes DART Members DALLAS-City CU welcomes the members of DART FCU as they merge with City CU .,neutral
"City24 users can search for homes and properties in all areas where City24 is active , even outside their own country .",neutral
"Enclosed is Affecto 's call for Extraordinary General Meeting to be held on July 10th where the main agenda is to approve the authorization to the Board for the proposed share issue related to the Component Software acquisition , and to elect Haakon Skaarer to the Affecto board .",neutral
Europe however remains an important and strong market for us .,neutral
"Founded in 1994 , the company uses a six-step , time-focused , collaborative project approach to improve financial institutions ' revenue streams .",neutral
Homeowners across North America have green experiences to share from cost savings to clean and eco-friendly heating .,neutral
"It includes the company 's new , highly powerful , compact and scalable Flexi Multiradio 10 Base Station .",neutral
"It is profitable to make pulp , paper , and sawn goods in areas where the combination of these factors is good .",neutral
Kesko www.kesko.fi is a Finnish retail specialist whose stores offer quality to the daily lives of consumers through valued products and services at competitive prices .,neutral
"LIGHTS OUT Before curfew , curl up with the latest bestseller and treat your eyes to the perfect reading light from Luceplan .",neutral
"Luxembourg-registered investment fund Amber Trust II has won the final approval of Lithuania 's Competition Council to acquire 29.6 percent of Sanitas , the country 's largest pharmaceutical producer .",positive
Nokia said the outcome was a `` fair and responsible social plan . '',neutral
"Nurminen Logistics provides high-quality logistics services , such as railway transports , terminal services , forwarding , special and heavy transports and medical transports .",neutral
"Panostaja treats its negotiating partners , such as entrepreneurs selling their life s work and newcomer entrepreneurs seeking a career , fairly , justly and according to the law .",neutral
"Patrick Jeambar will also continue being responsible for Innovation and Health , safety and environment HSEA functions of Ahlstrom Corporation .",neutral
"s NASDAQ OMX : GEO1V , GyPSii business unit , developers of the award-winning GyPSii mobile social networking application , today announced its availability as a free download via the Samsung Mobile Applications Store .",neutral
"Sami Sepp+ñnen , CEO for Elisa Eesti , says the novel network allows fast mobile broadband for sparsely populated areas .",neutral
Sanoma Corporation wants a new and better frequency for the Helsinki metropolitan area .,neutral
"Sanoma Learning & Literature , offering print and digital learning materials , is present in eleven countries .",neutral
"The adapter , awarded with the `` Certified Integration for SAP -« ; NetWeaver '' endorsement , integrates Basware s invoice automation and procurement solutions with more than 200 different ERP systems .",positive
The Commission is to be applauded for applying a fact-based and data-driven approach and for providing clarity for future petitions .,positive
"The company , which celebrates its fiftieth anniversary next year , has been exporting distinctive detached homes to Central Europe for several decades .",positive
The contract covers new energy-efficient AC drives that have been designed in cooperation between the companies .,neutral
"The Costanza light , with an aluminum base and washable shade , comes in white , pistachio , orange , blue and red .",neutral
The energy-efficient data center will be built by combining an effective energy solution with state-of-the-art technology .,positive
"The familiar blue , white , and red HK seal has received a more authentic look .",neutral
The Finnish daily Kauppalehti surmises that Finnish supplier Rautaruukki has raised its prices above Aker 's comfort zone .,negative
"The method utilises waterborne Ultra products , giving protection to wooden surfaces in an industrial painting process whereby two layers of top coat are applied on exterior wooden panels and boards without a separate primer .",neutral
"The most popular paper by far was Kesko 's loyal customer magazine Pirkka with 2,462,000 readers .",neutral
"The process , technology , project management , basic engineering and quality assurance within Forest Industry will be consolidated in Vantaa , southern Finland .",neutral
The smaller molecules improve the grip of the tyre at top-speed driving .,neutral
The social plan negotiations were part of the three year turn-around program which is expected to ensure Salomon 's future competitiveness .,positive
"The tests , conducted at Nokia Siemens ' LTE center of competence in Espoo , Finland , follow the company 's production start of LTE-ready Flexi Multiradio Base Stations for the 800 MHz band in April 2010 , and complement earlier tests with Nokia on the 2100 MHz and 2600 MHz bands .",neutral
The tool is a patent pending design that allows consumers to lay out their entire project on a removable plate using multiple clear stamps of any kind .,neutral
The use case dramatically narrows if you go only with the hot s Ltd.,neutral
"The vessels also have to be environmentally friendly , fast , and have all modern conveniences .",neutral
"Thus , SysOpen Digia has , in accordance with Chapter 14 Section 21 of the Finnish Companies Act 29.9.1978 - 734 , obtained title to all the shares of Sentera that are to be redeemed .",neutral
Today the orange scissors are the iconic symbol of the excellent ergonomic design and superior quality associated with every product from Fiskars .,neutral
"We have sound experience of project deliveries for large multi-purpose complexes and sports arenas '' , says Sami Eronen , SVP , Infrastructure and Northern Europe , Ruukki Construction .",neutral
"Weber convinced his friend Ray Ostrom , who owned a Lake Street sporting goods store , to sell the lures .",neutral
"Nokia , which has a strong track record in the lower-end handset market , said in July its touch-screen offering would come this year and be cheaper than rival models in order to tap into a higher-volume market .",positive
"We aim to ensure that Vacon is in good shape when capital expenditure starts to pick up again , '' comments Vacon Plc President and CEO Vesa Laisi .",positive
"Shares in Royal and Sun Alliance continued to slide back from a 12-month high of 172p last month , after a potential suitor ruled itself out of a takeover bid .",negative
"Managing Director 's comments : `` Net sales for the first quarter were notably lower than a year before , especially in Finland , Russia and the Baltic countries .",negative
"Sales climbed 19.2 pct to 1.002 bln eur , surpassing the 953 mln eur consensus figure .",positive
"Suominen Corporation estimates that the cost-cutting program that started in autumn 2005 , higher sales prices , and expected growth in volume of Wet Wipes , will make the company 's operations more profitable .",positive
"In a release , the Company said that Vocollect T2 customers in North America can now take advantage of its Voice Directed Warehousing solution and increase warehouse efficiency and productivity gains at a discounted price .",positive
"Marimekko makes all sorts of colorful little impulse buys `` umbrellas , baby bibs , change purses `` and they 're all for sale , the better to take advantage of shoppers who ca n't commit to furniture but want a piece of the action .",neutral
Business boomed after Ostrom helped plant a small story about Rapala lures in a Life magazine issue that featured Marilyn Monroe on the cover .,positive
Finnish OKO bank has signed a cooperation agreement with Raiffeisen concerning Finnish companies ' investments in Russia .,positive
Paper maker Stora Enso Oyj said Friday it has been acquitted of charges that it participated in a paper price-fixing conspiracy in the United States .,positive
"Cooper SH , the UK distributor for lift equipment manufacturer Konecranes , won the five-year deal which involves low maintenance and fuel saving technologies .",positive
Metsaliitto said that it will book a minor gain of less than EUR1 .0 m from the transaction .,positive
"The negotiations were carried out in a constructive manner , and all parties tried to find a solution to the situation .",positive
This is a much better process than using virgin paper as it requires less transportation of wood pulp from places like Finland and Canada .,positive
"After the reporting period , BioTie North American licensing partner Somaxon Pharmaceuticals announced positive results with nalmefene in a pilot Phase 2 clinical trial for smoking cessation .",positive
"`` Indo-Russia trade can cross the targeted 10 billion dollars by 2010 and double to 20 billion dollars by 2015 , if trade irritants and procedural hassles are resolved , '' the chamber said in its survey on obstacles to trade with Russia .",positive
"`` This is a significant milestone for Benefon , helping us to secure critical USP 's for our personal navigation product roadmap for 2007 and beyond , '' commented Simon Button , Chief Technology Officer at Benefon .",positive
"18 May 2010 - Finnish electronics producer Elcoteq SE HEL : ELQAV said today that it has signed an extensive cooperation agreement on industrialisation , manufacturing , distribution and after-market services for mobile phones with Japan 's Sharp TYO : 6753 .",positive
"Investors will continue being interested in the company 's share although it is not quite cheap , Affarsvarlden said .",positive
"Swedish telco TeliaSonera is teaming up with Friends , a Swedish organization against bullying , to fight bullying of children and teenagers via electronic channels .",neutral
"`` Each year , personal entertainment plays a more significant role in determining whether a fitness facility 's workout experience is pleasurable or a chore , '' said Brian Wilson , director of marketing for Precor 's Entertainment & Services Division .",neutral
`` I see my new post as an inspiring challenge .,neutral
"`` We will continue to make it easier for users to explore services on their handsets and will work towards bringing Internet to a wider range of devices including mid and low-end devices , '' said Kallasvuo .",neutral
Finland 's dominating rail company VR is planning to set the infected passengers for long-distance trip in a separate carriage .,neutral
"In complying with the European Water Framework Directive requirements , the pre-treatment unit will be fully renovated , including hydraulics of waste water inception , degridding , sand and grease removal and treatment and deodorization of the unit .",positive
Our purchase to pay solutions enable companies to gain visibility and control over business-critical financial processes .,neutral
"So far , Mr. Galvan he has been able to avoid laying off workers .",positive
The agreement must be approved by the Russian competition authorities before it enters into force .,neutral
The total amount of subscription prices was recorded in the fund for invested non-restricted equity .,neutral
"`` This is super nasty , '' said Eric Schultze , chief technology officer at Shavlik Technologies LLC , a St. Paul , Minn.-based maker of patch management tools .",negative
"Before Kemira 's installation NordAlu was producing 3,500 tons of liquid and solid aluminum waste per year .",neutral
"He announced a `` solutions unit '' to speed co-operation in August , and shifted Simonson from finance chief to low-end phones in October .",neutral
"It started with software that was capable of retrieving the data typed into the computer keyboard ( `` keyloggers '' ) , and then more complex mechanisms arrived on the scene , such as phishing and pharming .",neutral
More than a third of the original participants dropped out due to nausea and other side effects .,negative
Mr Skogster currently serves as the manager responsible for ABB Oy 's system modules for low voltage drives .,neutral
"The Finnish company sold its UK operation - consisting of 50 staff in offices in London , Birmingham and Manchester - as part of a deal with Hampden in July 2001 for its European-wide property and casualty arm Sampo Industrial .",neutral
The StoneGate UTM solution offers protection against inbound and outbound attacks .,positive
- Counter your competitor 's strengths and target their weaknesses .,neutral
An appeal concerning the project has been lodged at the Czech Ministry of the Environment .,neutral
Aspocomp has a large factory in China and a factory building project in India that was halted due to financing problems .,negative
"Founded in 2000 , BioView automates laboratory tests , especially diagnostic tests for cancer .",neutral
F-Secure also point out the logical weakness in the sequenced numbers of a card approach that has apparently already been utilised .,negative
It inspects the companys strategic strengths and weaknesses .,neutral
"It 's even a little bit higher than Yara 's multiples on itself , ' an analyst in Helsinki said .",neutral
"Kesko offers Hilton to open a hotel on Kalinisky prospect in a 18,000-square metres building because of these difficulties .",neutral
"Key reasons to read this report : - Report contains only relevant information , leaving out excessive data .",neutral
The completion of the recycling plant is an important link in the chain of creating a waste management system in the Dubna region that meets the EU standards .,positive
"The dollar bounced back after hitting another record low against the euro , which reached $ 1.41 for the first time .",neutral
"The five-storey , eco-efficient building will have a gross floor area of about 15,000 sq m. It will also include apartments .",neutral
"The new company will buy from Baltic Pearl CJSC a lease right to 8.1 hectares for the construction of a mall with a gross area of 140,000 sq m 1.5 million sq ft .",neutral
The SeaWind that was en route from the Finnish port of Turku to Stockholm got stuck in ice already around 4 p.m. on Wednesday and the Regal Star 's journey from the Swedish port of Kapellskar to Paldiski in northwestern Estonia was cut short at 2 a.m. on Thursday .,negative
"The Stena Poseidon is a so-called Panamax tanker , designed to be able to pass through the narrow passages in the Panama Canal 's locks .",neutral
"Upon completion , Keskuskatu will form the backbone of Helsinki 's pedestrianised downtown area , linking up with the city 's other main pedestrian precincts .",positive
"`` Uncommonly weak snow conditions in nearly every market have affected our first quarter result , '' Chief Executive Roger Talermo said .",negative
Danish company FLSmidth has acknowledged that it has violated a patent held by Finnish Metso .,negative
"The liquidity providing was interrupted on May 11 , 2007 when Aspocomp Group Oyj 's shares traded below 0.50 cent ( Aspocomp 's stock exchange release 11.5.2007 ) .",negative
"Markets had been expecting a poor performance , and the company 's stock was up 6 percent at  x20ac 23.89 US$ 33.84 in early afternoon trading in Helsinki .",positive
The layoffs were aimed at reaching an annual savings target of 1.5 billion euros $ 2 billion by the end of 2010 .,positive
"According to Finnish insurance companies Tapiola , Local Insurance Group ( L+ñhivakuutus ) , and Pohjola the two fierce storms at the end of July and in the beginning of August 2010 that felled trees around Finland have speeded up sales of forest insurance .",positive
"Excluding non-recurring items , pre-tax profit surged 45 % to EUR80m .",positive
"As a result of the cancellation , the maximum increase of Citycon 's share capital on the basis of the convertible bonds decreased from EUR 23,383,927.80 to EUR 22,901,784.75 .",neutral
"ADP News - Feb 13 , 2009 - Finnish retailer Kesko Oyj HEL : KESBV said today its total sales , excluding value added tax VAT , stood at EUR 661.3 million USD 853.1 m in January 2009 , down 15.2 % year-on-yea",negative
The low capacity utilisation rate in steel production considerably increases the fixed costs per unit of steel produced .,negative
"Talentum expects that the net sales of its core business will increase in 2008 , compared to 2007 .",positive
"`` In the newly formed company YIT Stavo the local contact network , expertise and market know how of Euro Stavokonsult will be combined with YIT 's housing concept , '' said Juha Kostiainen , Yit 's Vice President , Corporate Communications and Business Development .",positive
A & euro ; 4.8 million investment in 13.6 % of Lewa netted Deutsche Beteiligungs & euro ; 21 million .,positive
"In China , Finnish Kone that provides elevators , escalators , and solutions for modernisation and maintenance will build 342 escalators that will be installed in a high-speed railway section between Beijing and Shanghai in a 1.5 years ' time .",positive
"According to PKC , the acquisition would bring a significant addition to PKC 's customer base .",positive
Airbus has 100 firm orders for the A350 and 89 nonbinding commitments .,positive
Aspo 's net sales in 2006 totaled EUR 225.9 million .,neutral
"At the end of the review period , Nordic Aluminium 's order book stood at EUR 8.77 mn compared to EUR 7.04 in 2005 .",positive
Both companies ' existing investment plans will be coordinated .,neutral
Both the net sales and operating profit were record high in the company 's history .,positive
E 's building system service had revenue of EUR 355 mln in 2007 .,neutral
"Elcoteq 's stock of orders has stabilised in the past weeks , Mr Krippl said .",positive
Export accounts for about one tenth of the company 's annual turnover of one billion kroons .,neutral
"Favourable currency rates also contributed to higher net sales , '' CEO Kari Kauniskangas said .",positive
"Fiskars , a 360-year-old global business best known for its orange-handled scissors , expects to derive synergies of EUR5 million a year by consolidating certain parts of the housewares division where the two compete .",positive
"For 2009 , Incap expects revenue of some EUR 70 million .",neutral
"Full-year net sales are expected to increase by approximately 10 % , the company said .",positive
"In 2006 the company 's net sales amounted to approximately EUR259m and it has some 8,000 employees .",neutral
"In 2009 , KONE had annual net sales of EUR 4.7 billion and approximately 34,000 employees .",neutral
"In addition to the Indian market , the new plant will serve Salcomp 's customers globally , the company said .",positive
"in Q1 '10 19 April 2010 - Finnish forest machinery and equipment maker Ponsse Oyj HEL : PON1V said today that it expects to swing to a net profit of some EUR6 .3 m in the first quarter of 2010 , from an EUR9 .6 m loss a year earlier .",positive
"In the beginning of this year , Wartsila had secured an order to deliver four gas-fuelled main engines and propulsion machinery for the same vessel .",positive
"In the second quarter of 2009 , net sales through operator business partners represented 47 % of the Group 's total net sales .",neutral
"India 's trade with Russia currently stands at four billion dollars , growing 9.6 per cent in fiscal 2007 .",positive
"Instead , Elcoteq has signed a non-binding Letter of Intent with another Asian strategic investor .",positive
International operations accounted for over 80 % of net sales .,neutral
"Latin America currently accounts for approximately 40 % of sales at Finnish BSS-OSS and VAS supplier for telecoms operators Tecnotree , company president and CEO Eero Mertano told BNamericas .",neutral
"Lithuanian beer makers sold 256.88 million liters of beer in 2005 , a rise of 4.5 per cent from the year-earlier figure of 245.92 million liters .",positive
Loss after taxes amounted to EUR 1.2 mn compared to a loss of 2.6 mn .,positive
"Net sales in 2010 were about EUR 2.0 billion , of which international operations accounted for roughly a quarter .",neutral
Net sales revenue per passenger is expected to increase .,positive
"Nokia OYJ 's production site at Bochum , Germany , posted profit before interest of 134 mln eur for 2007 , Capital reported in an excerpt of an article to be released tomorrow , citing internal documents .",neutral
"Operating income was EUR -24.9 mn , including EUR 15.3 mn of restructuring expenses .",neutral
Operating profit for the quarter April-June 2006 amounted to EUR42 .9 m on net sales of EUR156 .3 m.,neutral
Poyry 's net sales in 2007 amounted to about EUR 720 million and it employs 7400 experts .,neutral
Return on investment was 16.6 % compared to 15.8 % in 2004 .,positive
Roshan 's net sales in 2006 were $ 191 million and EBITDA was $ 66.5 million .,neutral
Self-service and automation are in a bigger role now and Fujitsu 's global resources will be exploited effectively .,positive
"The Board of Directors proposes to the Shareholders ' Meeting on 18 March 2010 that the company would pay dividend for the financial year January 1 - December 31 , 2009 , EUR 0.02 per share .",neutral
"The company , employing 6,400 , reported net sales of 620 mln euro $ 823.2 mln for 2006 .",neutral
The company moved to an operating profit of EUR10 .9 m versus an operating loss of EUR15 .3 m. It also turned to EPS of EUR0 .08 versus loss per share of EUR0 .04 .,positive
"The company reported net sales of EUR550m in 2005 and had some 3,200 employees .",neutral
The company 's net sales in 2010 totalled MEUR 311.4 with an operating margin of 13.9 per cent .,neutral
"The company will pay a dividend of EUR 0.50 per share , a total of EUR 14mn .",neutral
"The decision of Tekes was based on , among other , the following grounds : the project has a significant impact on the business development of the company .",neutral
"The estimated turnover of the new company is LVL 2,5 million EEK 40 million .",neutral
The Finnish company claims to have over a quarter of a million contented Tulikivi fireplace business and homeowners worldwide .,neutral
The four-year contract between the bank and Ski Sport Finland will bring the bank 's advertisements to skiers helmets and caps .,neutral
"The Group , with net sales of EUR 235 million in 2009 , employs more than 2 000 people in 33 countries .",neutral
The group had an order book of EUR 7.74 mn at the end of 2007 .,neutral
The insurer anticipates its share in Nordea 's net profit to be significant .,positive
"The item included restructuring costs of EUR1 .6 m , while a year earlier they were EUR13 .1 m. Diluted EPS stood at EUR0 .3 versus a loss per share of EUR 0.1 .",positive
"The new office , located in Shenzhen , will strengthen Vaisala 's already 10-year old presence in China .",positive
"The price of raw material aluminium went up at the end of 2005 , but the company considers its outlook for 2006 favourable .",positive
"The refining margin for the year was $ 13.39 - bbl , compared to $ 10.46 - bbl in the prior year .",positive
"The report also said Nokia 's operations comprising the sites at Bochum , Ulm , Dusseldorf , Munich and Frankfurt posted operating profit after interest of 246 mln eur .",neutral
"The subdivision made sales revenues last year of EUR 480.7 million EUR 414.9 million in 2008 , and operating profits of EUR 44.5 million EUR 7.4 million .",positive
The value of orders on hand totaled EUR 237.1 mn .,neutral
The value of the confirmed aircraft orders totals EUR 2bn .,neutral
"Vaahto , which has entered the deal via its subsidiary Vaahto Pulp & Paper Machinery , will supply two of the units in the end of 2010 , while the remaining ones are expected for delivery in the beginning of 2011 .",positive
"Via the move , the company aims annual savings of some EUR 3 million USD 4.3 m , the main part of which are expected to be realized this year .",positive
Viking Line manages well with its current ferries .,positive
SCANIA Morgan Stanley lifted the share target on Swedish heavy-duty truck and bus maker Scania AB to 330 crowns ( $ 42.4 - 35.2 euro ) from 310 crowns ( $ 39.8 - 33.1 euro ) .,positive
` Very recommendable ' is the Nokian Z G2 according to the ` ADAC judgement ' in the latest summer tyre test of the German automobile association ADAC .,positive
"`` In Ukraine , too , we act as a partner for major bakery clients in both production and product development .",neutral
"`` Neste Oil is working with over 20 research communities in Europe , America , Africa , Asia , and Australia to develop and introduce new raw materials .",positive
`` The announced investment of the carmaker Hyundai for example sounds optimistically for us as of course new cars mean new tires . '',positive
`` They 've already allocated money for the inventory .,neutral
3 January 2011 - Finnish flag carrier Finnair Oyj ( HEL : FIA1S ) said today it sealed a nine-year sale and leaseback agreement for its newest Airbus A330 aircraft for syndication into the Japanese operating lease market .,positive
"According to ACNielsen 's ScanTrack study for the period week 10 of 2005 to week 9 of 2006 , Coca-Cola is the market leader in soft drinks in Finland .",positive
Finnish Ahlstrom Corporation has ordered key production equipment for a new glass nonwovens production line at its Russian Tver Mill from Finnish Vaahto Pulp & Paper Machinery ( that is part of Vaahto Group ) .,positive
Finnish navigation device manufacturer Benefon that is changing its name to GeoSentric reports net sales of about EUR 1.1 mn in the second quarter of 2007 .,neutral
Finnish Vacon has signed significant deals with Norwegian Scandinavian Electric Systems ( SES ) on the supply of AC drives .,positive
Finnish-Swedish TietoEnator is expanding its business quickly in Russia .,positive
"H+Ñkan Dahlstr+Âm , head of mobility services at TeliaSonera , has forecast that mobile data volume on the TeliaSonera network in Sweden will rise eight-fold to 200,000 TB by 2014 .",positive
The order for plywood mill machinery and equipment announced by Finnish Raute in September 2006 will be delivered to Thebault Plyland in France .,neutral
"According to M-real 's CEO , Mikko Helander , this transaction will enable the company to proceed swiftly with its restructuring program .",positive
"According to Olvi 's Managing Director Lasse Aho , the company has an ongoing MMX Plus project that aims to find growth outside Finland .",positive
"According to Scanfil 's President Harri Takanen , Scanfil 's investment activity proceeded according to the strategy on several fronts in 2010 .",neutral
Acquisitions have been made and businesses have been well integrated .,positive
Alma Media 's net sales in 2009 totalled MEUR 307.8 with an operating margin of 13.5 per cent .,neutral
Aspokem posted an operating profit of 2.7 mln euro ( $ 3.5 mln ) and net sales of 89.1 mln euro ( $ 116.8 mln ) in 2006 .,neutral
"Auburn 's sales in 2007 were CAD 41 million ( approximately EUR 27 million ) , and the company employs some 150 people .",neutral
Brazilian mobile player Telemig Celular yesterday announced that it has selected Finnish software developer Tecnomen Oyj to expand its prepaid billing system .,positive
"Cargotec Corporation , Press Release , April 28 , 2008 at 2.00 p.m. Finnish time Cargotec 's MacGREGOR business area providing marine cargo handling and offshore load handling solutions has received significant hatch cover orders for bulk carriers .",positive
"Cargotec 's sales totalled EUR 3.4 billion in 2008 and it employs approximately 10,500 people .",neutral
Commencing the construction works of Pearl Plaza is a significant step in our Russian projects .,positive
CORPORATE IT UPDATE - ( C ) 1995-2009 M2 COMMUNICATIONS LTD Finnish technology group Teleste Corporation ( OMX Helsinki : TLT1V ) reported on Wednesday ( 4 February ) an operating profit of EUR5 .6 m on net sales of EUR108 .7 m for the year 2008 .,neutral
"Cost savings will then rise to some 20 mln eur a year from 2007 , OKO said .",positive
Cramo Group 's financial targets for 2010-2013 are sales growth higher than 10 percent per year ; return on equity above 15 percent .,positive
Cymed 's net sales are expected to amount to EUR 3.5 mn in 2006 .,neutral
Delhaize Le Lion has selected the Aldata G.O.L.D. Vocal PDA solution on the Motorola WT4090 PDA terminal .,neutral
Diluted loss per share stood at EUR 0.15 versus EUR 0.26 .,positive
Efficiency programs totalling 100 million euros are under way in Finnair .,positive
Elcoteq 's revenues in 2007 were approximately EUR 120 million .,neutral
Elektrobit ( EB ) has renewed its IT infrastructure contract with ICT services provider Fujitsu Services for EB 's Patja service .,positive
European traffic grew nearly 30 % .,positive
Finland-based international machinery rental company Ramirent Plc ( OMX Helsinki : RMR1V ) reported on Friday ( 15 August ) an operating profit of EUR65 .0 m on net sales of EUR342 .9 m for the period January-June 2008 .,neutral
Finnish aluminium products manufacturer Nordic Aluminium Plc ( OMX Helsinki : NOA1V ) reported on Monday ( 18 August ) an operating profit of EUR7 .9 m on net sales of EUR55 .2 m for the period January-June 2008 .,neutral
Finnish component supplier Componenta Corporation ( OMX Helsinki : CTH1V ) reported on Tuesday ( 15 July ) an operating profit of EUR46 .2 m on net sales of EUR386 .0 m for the financial period January-June 2008 .,neutral
Finnish elevators and escalators maker KONE Corporation said on Tuesday ( 18 March ) that it has received a major order from Sir Robert McAlpine to supply all elevators and escalators for the Watermark Place project in the City of London .,positive
"Finnish financial software developer Basware Oyj said today it will provide its invoice automation ( IA ) solution to an unnamed major retail company in the USA in a deal , worth more than EUR300 ,000 .",positive
"Finnish forest machinery and equipment maker Ponsse Oyj said on October 5 , 2007 it will deliver a total of 67 cut-to-length method forest machines and 44 harvester heads to Brazilian paper maker Bahia Pulp and to unnamed Uruguayan wood harvesting contractors .",positive
Finnish glass technology group Glaston Corporation ( OMX Helsinki : GLA1V ) reported on Thursday ( 14 August ) an operating profit of EUR6 .5 m on net sales of EUR201 .5 m for the period January-September 2008 .,neutral
Finnish logistics and information solutions provider Done Solutions Corporation ( OMX Helsinki : DSO1V ) reported on Wednesday ( 29 October ) an operating profit of EUR3 .6 m on net sales of EUR35 .1 m for the period January-September 2008 .,neutral
"Finnish Metso will supply new wood handling and bleaching lines , as well as a rebuild of the kraft liner washing line for Klabin 's Tel+¬maco Borba mill in the Brazilian state of Paran+í .",positive
"Finnish software company QPR Software Plc ( OMX Helsinki : QPR1V ) reported on Thursday ( 23 October ) an operating profit of EUR63 ,000 on net sales of EUR1 .5 m for the third quarter 2008 .",neutral
"Finnish technology group Aspocomp Group Oyj ( OMX Helsinki : ACG1V ) issued its third quarter report on Thursday ( 13 November ) , posting an operating profit of EUR0 .4 m , as compared to a loss of EUR0 .5 m in the third quarter of 2007 .",positive
"Finnish-owned contract manufacturer of electronics Elcoteq Hungary Kft has announced plans to recruit more than 650 new staffers to fulfill new orders in P+®cs , where the company has two plants .",positive
"Following the payment made in April , the company has a total of EUR 23.0 million in loans from financial institutions .",neutral
"For Q2 2010 , consolidated earnings before tax totaled EUR4 .5 m , compared to EUR3 .9 m , and net profit was EUR3 .2 m , compared to EUR2 .9 m in the previous year .",positive
"For Telenor , the three and a half year contract is worth an estimated 12.6 m. YIT has chosen Telenor and Elisa as its principal suppliers of ICT solutions in Norway , Sweden , Denmark and Finland .",positive
"For the fiscal year ending September 30 , 2009 the revenue from these customers was $ 10.012 million or around 11.0 % of the transportation group 's revenue .",neutral
"Galeria Podlaska , a shopping mall on Wysockiego Street in Bia ` ystok , is approximately 60-percent leased or reserved .",neutral
"However , he expects banks to provide alternative financing .",positive
In 2005 the bank posted a net profit of Lt 8.2 mn .,neutral
"In 2006 , TeliaSonera net sales were SEK 91 bn , EBITDA was SEK 32.266 bn , net income was SEK 19.28 bn .",neutral
"In 2007 , Alma Media 's operating profit was about EUR 53mn .",neutral
"In 2007 , almost two thirds of Orion 's net sales came from these drugs .",neutral
"In 2007 , Huhtamaki will continue to invest in organic growth .",neutral
"In 2007 , Marimekko has also opened concept stores in Yokohama and Nagoya , central Japan , in Silver Spring in metropolitan Washington DC , USA , in Graz , central Austria , and in Aalborg , northern Denmark .",positive
"In 2007 , the Group 's net sales stood at EUR 22 million and it had about 150 employees at the end of June , 2008 .",neutral
"In 2008 , the deal is likely to bring savings of EUR 20mn-25mn .",positive
"In 2009 , it reported net sales of approximately EUR 6mn .",neutral
"In 2010 , the Marimekko Group s net sales were EUR 73,297 thousand ( EUR 72,473 thousand ) and operating profit was EUR 8,169 thousand ( EUR 6,291 thousand ) .",neutral
"In beers , Olvi retained its market position .",neutral
"In January-September 2007 , operating profit totaled EUR 20.5 mn .",neutral
"In Middle East & North Africa , Tecnotree has grown considerably in the recent years .",positive
in Q1 2010 18 May 2010 - Finnish electrical components maker Salcomp Oy ( HEL : SAL1V ) said today it turned to a net profit of EUR1 .6 m in the first quarter of 2010 versus a loss of EUR2m in the corresponding period last year .,positive
"In the end of 2006 , the number of outlets will rise to 60-70 .",positive
"In the first quarter of 2010 , the mark-to-market result was a pretax profit of EUR 133 million versus a loss of EUR 32 million in the same period last year .",positive
Incap Contract Manufacturing Services Private Limited has inked agreements with six new customers in India .,positive
It also said its third quarter diluted EPS came in at 0.34 eur compared with 0.16 eur in the same quarter a year ago .,positive
It also turned in earnings per share ( EPS ) of EUR 0.44 versus loss per share of EUR 2.26 .,positive
It also turned to earnings per share ( EPS ) of EUR 0.08 versus loss per share of EUR 0.04 .,positive
It appears from statistics of the Technical Surveillance Authority that customers who switch service providers mostly transfer their numbers to Elisa 's network .,neutral
"It expects revenue between $ 8.4 billion and $ 8.7 billion , compared to analyst estimates of $ 8.67 billion .",neutral
It is in line with its plans to focus on selected growth segments and streamline corporate structure .,positive
"It projected revenue of $ 2.2 billion to $ 2.3 billion , slightly higher than analyst estimates of $ 2.19 billion .",positive
It will also strengthen Ruukki 's offshore business .,positive
It will combine and renew the contents and functionality of the current systems for funding and online service as well as their maintenance .,positive
"Jens Schulte-Bockum , Vodafone 's global director of terminals , said the company expects to sell one to two million of the Vodafone 125 and 225 models in the first year of launch , and potentially tens of millions over the lifetime of the device .",positive
"Juha Jordan , chief engineer at Glaston , said one of the reasons for choosing Vacon as a global AC drives supplier is that it has service and support centres in the same countries where Glaston operates .",positive
"Kai Tulonen , Chief Technology Officer , SysOpen Digia says : `` Mobility Business Suite represents a significant milestone in the company 's offering to the telecommunications industry .",positive
"Kemira will supply the additional volumes of iron coagulants from the company 's plant at Helsingborg , Sweden .",neutral
"Last month , Outokumpu sold more than 80 percent of its technology unit , Outokumpu Technology Oyj , to further its strategic goal of becoming the world 's largest stainless steel maker .",positive
"Last week , the Finnish metals and technology group announced plans to sell more than 80 percent of its technology unit to further the company 's strategic goal of becoming the world 's largest stainless steel maker .",positive
"MADISON , Wis. , Feb. 6 - PRNewswire - -- Fiskars announces that the United States Patent and Trademark Office has granted a trademark registration for the color orange on its iconic scissor handles .",positive
"MANAVIGATOR-September 7 , 2010-Kemira unveils Indian JV with IVRCL Finnish chemicals group Kemira ( HEL : KRA1V ) on Tuesday announced it has inked a deal to form a joint venture in India with local construction firm IVRCL Infrastructure and Projects Ltd ( BOM :530773 ) .",positive
"Metso will provide a recovery boiler with a capacity of 6,800 tonnes of dry solids per day and an evaporation plant with six thermal stages and a capacity of 1,600 tonnes per hour .",neutral
Metso will supply the equipment for two process lines at Northland Resources ' new Kaunisvaara iron ore project in Sweden which exploits Tapuli and Sahavaara iron ore deposits .,positive
M-real 's sales are expected to have increased by 4 % year-on-year to EUR609m in the second quarter of 2010 .,positive
"NAVTEQ has a commanding lead in installed map data systems in North American vehicles and may be the leader in turn-by-turn navigation data offered by services such as OnStar in North America , said analyst Phil Magney of Telematics Research Group in Minnetonka , Minn. .",positive
"Neste oil 's board proposed 1.00 eur dividend for the full-year 2007 , compared with 0.90 eur a year ago .",positive
"Net interest income totaled EUR 15.9 mn , compared to EUR 15.6 mn a year earlier .",positive
Net profit in the period in 2009 was ( EURO ) 29 million .,neutral
Net profit in the same period in 2006 was 36.6 million euros .,neutral
Net profit in the same period in 2006 was (  x20ac ) 172 million .,neutral
Net profit was 35.5 mln compared with 29.8 mln .,positive
Net sales are expected to remain on the same level as in 2007 .,neutral
"Net sales by the Sata-Flexo Group came to some EUR4 .3 m in 2007 , and the group companies employed a total of 40 people .",neutral
Net sales in 2006 totaled EUR 302 million and the operating margin was 16 % .,neutral
Net sales in 2007 are expected to be 10 % up on 2006 .,positive
Net sales in 2007 totalled EUR 329 million and the operating margin was over 19 % .,neutral
Net sales in 2008 are expected to be on the same level as in 2007 .,neutral
Net sales of the Lehdentekijat unit was approximately EUR 14 million in 2007 and it had 70 employees .,neutral
"Nokia bought Chicago-based Navteq in 2008 , acquiring a maps database to compete with Google s maps as well as with navigation device companies such as TomTom NV and Garmin Ltd. .",positive
Nokia Corp of Finland Tuesday said it has received a unified device managment contract with Finnish operator Elisa Oyj .,neutral
Nokia has enough users to do just as well .,neutral
"Of this , EUR 38.8 mn was net interest income .",neutral
"OMEO ( www.omeo.se ) employs 55 and expects net sales of some 23 mln euro ( $ 29.8 mln ) for fiscal 2006-2007 , ending April 30 , 2007 .",neutral
"Operating loss was EUR 179mn , compared to a loss of EUR 188mn in the second quarter of 2009 .",positive
Operating profit for the quarter April-June 2006 amounted to EUR182 .2 m on sales of EUR3 .62 bn .,neutral
Operating profit totaled EUR 18.6 mn or 8.3 % of net sales .,neutral
"Operating profit was EUR 9.8 mn , compared to a loss of EUR 12.7 mn in the corresponding period in 2009 .",positive
"Pre-tax loss totaled EUR 0.3 mn , compared to a loss of EUR 2.2 mn in the first quarter of 2005 .",positive
"Pretax profit totalled EUR 2.0 mn , compared to a loss of EUR 159.2 mn in the fourth quarter of 2008 .",positive
"Pretax profit totalled EUR 80.8 mn , compared to a loss of EUR 13.1 mn in the corresponding period in 2009 .",positive
"Previously , EB delivered a custom solution for LG Electronics and now is making it commercially available for other mobile terminal vendors as well as to wireless operators .",positive
"Previously , Vaahto Pulp has supplied headboxes with rectifier roll and dilution control technology for Stora Enso 's mill in Imatra , eastern Finland .",neutral
Production will expand to other of Elcoteq 's locations including Mexico and Hungary during 2010 .,positive
Profit of the accounting period was EUR 0.3 mn .,neutral
Rapala said it estimates it will make savings of 1-2 mln eur a year by centralising its French operations at one site .,positive
"Re-use back into PET bottles has also steadily increased and the rate of use in strapping tape has picked up again after a dip in 2005 , Petcore said previously .",positive
"Russia accounted for 9 % of the Lagardere magazine division 's revenue , or EUR 114.40 mn ( USD 148.11 mn ) in 2009 , the USA - for 18 % .",neutral
"Sales are expected to increase in the end of the year 2006 , however .",positive
Satama 's net sales would be higher than the year before .,positive
Scanfil expects net sales in 2008 to remain at the 2007 level .,neutral
"SINGAPORE ( ICIS ) -- ( 1 ) Kemira and Indian water infrastructure firm ( 2 ) IVRCL have agreed to form a join venture which includes a new inorganic coagulant manufacturing facility in Andhra Pradesh state , India , the Finnish water treatment chemicals maker said on Tuesday .",positive
"So , at the present time Nokian tires had the contract of tires production in China .",neutral
"Solvay S.A. has engaged Poyry to provide project management , engineering , procurement , and site services for a hydrogen peroxide production plant to be built by a Solvay-BASF joint venture at BASF 's Zandvliet site , Belgium .",neutral
"SOUTHFIELD , Mich. -- Central Corporate Credit Union will again distribute patronage dividends to members by waiving all service fees incurred during the months of July and November 2008 , to the tune of an estimated $ 1 million .",positive
"SRV will raise its holding in the company so that by the summer of 2008 , it will have a majority .",positive
"Systeemitiimi 's sales and project resources will also be strengthened , director Paul Skogberg said .",positive
"Tallink claims the watertight doors of both Vana Tallinn and Regina Baltica , including their electrical systems , are fully in working order .",positive
Talvivaara has secured a 10-year off-take agreement for 100 per cent of its main output of nickel and cobalt to Norilsk Nickel and entered into a long-term zinc streaming agreement with Nyrstar NV .,positive
Tekla Group 's net sales for 2005 were approximately 38 million euros .,neutral
TeliaSonera has secured deliveries for 4G modems with support for 3G and 2G during the second quarter 2010 .,positive
"The 50-50 joint venture , to be called Nokia Siemens Networks , will be comprised of Nokia 's network business group and Siemens ' carrier-related operations , creating estimated synergies of 1.5 billion euros ( $ 1.9 billion ) by 2010 , Nokia said .",positive
The acquisition of Boomeranger Boats Oy is in line with the Done Solutions strategy of developing its business through company acquisitions .,positive
The actions are expected to deliver annual cost savings of some EUR15-20m .,positive
"The agreement , which will cover monitoring , maintenance , server capacity service and backups , has a one-year extension option .",neutral
The amendment will not incur additional costs .,neutral
The announced restructuring will significantly decrease the Company 's indebtedness .,positive
The companies expect the first orders already in 2011 .,positive
The company also expects to sell its products in other Russian region .,positive
The company also said that its board of directors has proposed a profit distribution of EUR0 .92 per share .,neutral
The company closed last year with a turnover of about four million euros .,neutral
The company expects net sales of 65 mln euro ( $ 85.1 mln ) for 2006 .,neutral
The company expects sales revenue of RMB8 .0 billion in 2009 .,neutral
The company feels these leases are prime locations due to several producing formations in the immediate area .,positive
The company has exported into about twenty European countries as well as to Africa .,neutral
The company is well positioned in Brazil and Uruguay .,positive
The company reports a loss for the period of EUR 0.4 mn compared to a loss of EUR 1.9 mn in the corresponding period in 2005 .,positive
The company 's net sales in 2009 totalled MEUR 307.8 with an operating margin of 13.5 per cent .,neutral
The company 's operating profit for 2006 stood at 39.6 mln euro ( $ 57.9 mln ) .,neutral
"The company 's profit totaled Ls 134,700 .",neutral
"The company targets sales of Ls 27.1 mn ( Ls 23.498 mn ) and a profit of Ls 300,000 ( Ls 371,500 ) in 2007 .",neutral
The company turned to earnings per share ( EPS ) of EUR 0.03 versus loss per share of EUR 0.01 .,positive
The company will build altogether 130 new substations by the end of this year .,neutral
The diesel margin has remained high .,positive
"The divestment is in line with the company 's plans to focus on selected growth segments and streamline corporate structure , the company explained .",positive
The divestment of Raisio 's margarine business in May 2009 gave the company a clearer focus on grain-based products .,positive
The earnings in the comparative period included a capital gain of EUR 8mn from the sale of OMX shares .,neutral
The Finnish textiles and clothing company Marimekko Corporation ( OMX Helsinki : MMO1V ) reported on Wednesday ( 5 November ) an operating profit of EUR8 .1 m on net sales of EUR59m for the period from January to September 2008 .,neutral
The first quarter was as expected and was in line with analysts ' forecasts .,neutral
"The fourth quarter saw Rapala swing back to a pretax profit of 1.5 mln eur from a year earlier loss of 1.2 mln on the back of a 30 pct uplift in sales to 44.8 mln eur , and a stronger performance in North America .",positive
The German subsidiary will produce software development services for Ixonos Telecommunications Business Unit 's client projects .,neutral
"The Group 's consolidated net sales for 2008 totaled 3.4 billion euros and it employs approximately 13,000 persons .",neutral
"The Group 's consolidated net sales for 2009 totaled 1.5 billion euros and it employs approximately 10,000 persons .",neutral
"The Group 's revenue amounts to over EUR 80 million , about half of which is accounted for by exports .",neutral
The Group 's revenue in 2008 amounted to EUR 94 million and the company currently employs approximately 730 people .,neutral
The Group 's revenue in 2009 amounted to EUR 70 million and the company currently employs approximately 780 people .,neutral
The group will expand the chain to include 45 stores .,positive
The insurance division turned a EUR120m profit .,neutral
The ISO certification demonstrates that we are moving forward in our quality commitments to our customers . ',positive
The long-term contract is global .,positive
The members of the management team will contribute to the adjustment measures with temporary salary cut of 5 % .,positive
The offer represents a premium of 24 % over the stock 's closing price on Friday .,positive
The opening of the portal is part of the expansion strategy of Alma Media 's Marketplaces business unit .,neutral
"The recovery of demand that started toward the end of 2009 , continued in January-March 2010 .",positive
The sale of the Healthcare Trade business supports Oriola-KD 's strategy to focus on Pharmaceutical Wholesale and Retail businesses .,positive
The sale will lead to a pretax capital gain of EUR 22 million for the Finnish company in 2011 .,positive
"The segment has an annual revenue of approximately EUR400m , the company said .",neutral
The soapstone deposits in the Medvezhyegorsk area are expected to increase Tulikivi 's current reserves considerably .,positive
The solvency capital ratio of both companies was 2.7 times the solvency limit .,neutral
"Then , it said the contract was estimated to contribute more than EUR150m to its net sales in 2010 .",positive
These measures are expected to produce annual cost savings of EUR 1.5 million starting in 2007 .,positive
This will bring cost savings of about EUR 3mn a year .,positive
Through the acquisition Solteq will expand its solutions offering by Microsoft 's Dynamics business software products .,positive
"Under the agreement , Japrotek will deliver nine storage tanks in the volume range of 1,000 cu m to 3,000 cu m with included agitators .",neutral
"Under the agreement , TietoEnator will provide Blyk with extended application and business process management services and an IT infrastructure .",positive
Under the agreement Ponsse will provide forest machine maintenance services to Stora Enso 's Russian wood procurement operations .,neutral
Under the contract Cramo Sverige and its subcontractor Brinkab AB will provide all scaffolding installations at LKAB 's new pellets plant in Kiruna in northern Sweden .,positive
Under the terms of this agreement Lextel Group has committed to an opening order of EUR3 .75 m for Benefon mobile units to be co-branded with Capitel for the China market .,neutral
Vacon 's office will support its customers in Brazil and South America .,neutral
We can capitalize on our experience from a number of similar bridge projects in the Nordic countries .,positive
"Via the move , the company aims annual savings of some EUR3m , the main part of which are expected to be realized this year .",positive
"With the second phase of the new Innova building , Tecnopolis presence in Jyvaskyla will increase to a total of approximately 62,000 floor square meters .",neutral
With this acquisition Panostaja Oyj further expands its business area specialising in digital printing .,positive
- Moody 's said it gave P A1 long-term senior unsecured and P P-1 short-term debt ratings to Finnish lender Aktia Bank 's EUR1bn USD1 .4 bn euro medium-term note EMTN program of 25 March 2011 .,neutral
"Brazilian non-profit interbank Camara Interbancaria de Pagamentos CIP has acquired solutions from US business integration solutions provider Sterling Commerce , the latter company said in a statement .",positive
`` Leipurin is a growing and rapidly internationalizing Group .,positive
`` NTC has a geographical presence that complements Ramirent 's existing network and brings us closer to our customers in the East Bohemia region in the CzechRepublic . '',positive
"`` Several growth initiatives in the chosen geographic areas are already ongoing , '' it continued , noting Lindex opened its first store in the Czech Republic this autumn in Brno .",positive
"`` We have analyzed Kaupthing Bank Sweden and found a business which fits well into Alandsbanken , '' said Alandsbanken 's chief executive Peter Wiklof in a statement .",positive
"2010 16 July 2010 - Finnish steel maker Rautaruukki Oyj HEL : RTRKS , or Ruukki , said today it turned to a net profit of EUR20m in the second quarter of 2010 from a net loss of EUR94m in the corresponding period last year .",positive
28 October 2010 - Finnish wood products technology supplier Raute Oyj HEL : RUTAV said today it swung to a net profit of EUR3m for the first nine months of 2010 versus a net loss of EUR5 .2 m for the same period a year earlier .,positive
"3 February 2011 - Finnish broadband data communication systems provider Teleste Oyj HEL : TLT1V said yesterday its net profit rocketed to EUR4 .8 m in 2010 from EUR416 ,000 in 2009 and it lifted its dividend proposal .",positive
"4 February 2011 - Finnish broadband data communication systems provider Teleste Oyj HEL : TLT1V said Wednesday its net profit rocketed to EUR4 .8 m in 2010 from EUR416 ,000 in 2009 and it lifted its dividend proposal .",positive
"agreement with SHB 30 December 2009 - Finnish financial services group Aktia HEL : AKTAV has concluded a market making agreement with Svenska Handelsbanken STO : SHB A , or SHB , the two parties said today .",positive
"AUSTIN , Texas , Sept. 6 -- Texas Department Of Transportation awards contract for Teleste Video Compression and Distribution Equipment .",positive
"Cargotec Corporation , Press Release , August 26 , 2008 at 10 a.m. Finnish time Cargotec 's MacGREGOR business area providing marine cargo handling and offshore load handling solutions has received significant offshore crane retrofit order .",positive
CEO of the company Tarmo Noop said the growth in the sale of premium beers was the biggest .,positive
"EBIT totalled EUR 14.4 mn , compared to a loss of EUR 0.3 mn in the corresponding period in 2009 .",positive
"Finnish broadband data communication systems provider Teleste Oyj HEL : TLT1V said yesterday it returned to a net profit of EUR 2.7 million USD 3.8 m for the first nine months of 2010 versus a net loss of EUR 579,000 for the same period of 2009 .",positive
Finnish construction company Lemminkainen Oyj HEL : LEM1S said yesterday that it would build a plastic film extrusion plant for packaging materials supplier Ab Rani Plast Oy at Lemminkainen 's Kaluga industrial park in Russia .,neutral
Finnish consumer packaging manufacturer Huhtamaki Oyj said it swung to a net profit of 84.1 mln euro $ 105.6 mln in the first nine months of 2006 from a net loss of 2.6 mln euro $ 3.3 mln in the same period of 2005 .,positive
"Finnish dental care group Oral Hammaslaakarit Oyj posted a total net profit of 849,000 euro $ 1.1 mln in the first nine months of 2006 versus a net loss of 331,000 euro $ 421,000 in the same period of 2005 .",positive
"Finnish IT consultancy Satama Interactive Oyj posted a net profit of 1.4 mln euro $ 2.0 mln for the first nine months of 2007 , compared to a net loss of 462,000 euro $ 664,000 for the same period of 2006 .",positive
"Finnish pulp and paper machinery maker Vaahto Group Oyj swung to a 1.1 mln euro $ 1.4 mln net profit in the fiscal 2005-06 , ended August 31 , 2006 , from a 249,000 euro $ 319,000 net loss in the fiscal 2004-05 .",positive
Finnish silicon wafers manufacturer Okmetic Oyj said it swung to a net profit of 4.9 mln euro $ 6.3 mln in the first nine months of 2006 from a net loss of 1.8 mln euro $ 2.3 mln a year earlier .,positive
Glaston also has efficiency measures in all other units .,neutral
"Growth was strongest in F-Secure 's operator ISPs , mobile operators and cable operators business .",positive
"In the second quarter of 2010 , the company 's net profit was EUR1 .7 m compared to a net loss of EUR1 .3 m in April-June 2009 .",positive
It therefore seems that Finnish shipping company Viking Line will get the subsidy it needs to order its new LNG-fuelled vessel .,positive
"Jarmo Honkamaa , head of the oil refining business at Neste Oil , says the situation looks promising from their viewpoint .",positive
"ADP News - Feb 25 , 2009 - Finnish printed circuit board PCB maker Aspocomp Group Oyj HEL : ACG1V said today it swung to a net profit of EUR 300,000 USD 385,000 for 2008 versus a net loss of EUR 65.3 million",positive
"ADP News - Nov 6 , 2008 - Finnish retail software developer Aldata Solution Oyj OMX : ALD1V said today that it swung to a net profit of EUR 2.1 million USD 2.7 m for the first nine months of 2008 versus a net loss of EU",positive
"Mformation and Nokia noted they have established interoperability agreements that cover commercially proven , standards-based management of mobile devices , as well as mobile device security and mobile application management .",positive
"mn , and pretax profit to EUR 46.4 mn from EUR 35.8 mn in the third quarter of 2006 .",positive
"Net sales will , however , increase from 2005 .",positive
"Nokia will deliver a WCDMA 3G-HSPA radio network , including the modular , high capacity Nokia Flexi WCDMA base station to Indosat .",neutral
Operating profit totaled EUR 17.7 mn compared to EUR 17.6 mn in the corresponding period in 2007 .,positive
"Order intake , on the other hand , is expected to be stronger than in 2007 .",positive
"Outokumpu of Finland , stainless steel manufacturer , plans to enter into a supply agreement with the Indian Railways .",positive
"Profit after taxes was EUR 0.1 mn , compared to EUR -0.4 mn the previous year .",positive
Profit for the period was EUR 15.6 mn compared to EUR 14.1 mn in 2007 .,positive
"Quarterly diluted EPS on continuing operations came in at 0.21 eur , compared with last year 's 0.12 eur .",positive
Rapala estimates its net sales for 2008 will increase by between 8.0 pct and 12 pct assuming 2007 exchange rates .,positive
"Raute posted a net profit of 1.8 mln euro $ 2.6 mln for the third quarter of 2007 , compared to a net loss of 299,000 euro $ 430,000 for the corresponding period of 2006 .",positive
Return on equity stood at 18.3 % compared to 15.4 % in the third quarter of 2005 .,positive
"Russian export duties will activate harvesting in Finland , and sales in Russia will increase also .",positive
"Tectia Corporation HEL : TEC1V , a provider of real-time security solutions , today announced that it has appointed LAN2LAN , a provider of IT services in the UK , to distribute its data security and manage file transfer software .",positive
"The Bristol Port Company has sealed a one million pound contract with Cooper Specialised Handling to supply it with four 45-tonne , customised reach stackers from Konecranes .",positive
The company expects net sales to significantly increase from 2009 .,positive
"The company 's net profit amounted to EE 55.5 mn , which was 36 % more than in 2004 .",positive
"The company said that it will supply the WCDMA 3G-HSPA radio network , including the modular , high capacity Nokia Flexi WCDMA base station in East Java , Bali , Sumatra and Batam .",positive
"The contract traded at an all-time high of $ 50,200 a ton on April 24 .",neutral
"The EBITDA was EUR116m compared to EUR115m , corresponding to an EBITDA margin of 33 % .",positive
"The fair value of investment properties totalled EUR 2,299.9 mn , compared to EUR 2,229.5 mn in the corresponding period in 2009 .",positive
The fund at fair value will increase correspondingly .,positive
The impact of this acquisition to Teleste 's net sales for 2010 is estimated to be approximately EUR 2 million .,neutral
The impact on TietoEnator 's net sales for 2008 from the purchase is expected to be some 11 mln euro $ 15.9 mln .,neutral
The optimization of the steel components heating process will reduce the energy consumption .,positive
The proportion of Estonian and Lithuanian passengers on the Tallinn-Helsinki route also grew in July .,positive
These savings will have full impact as of the beginning of 2007 .,neutral
This assignment strengthens Poyry 's position as an international provider of engineering and project services to the chemical process industry .,positive
This new partnership agreement represents a significant milestone for both parties .,positive
"Tiimari Latvian representative Ineta Zaharova said that the company earned LVL 122,000 in 2005 profit , which is 20 times more that in 2004 .",positive
"Together , Yahoo and Nokia said they will continue to deliver Internet experiences that address the core needs of consumers , developers , operators and advertisers .",neutral
"Via the agreement , Ramirent will expand the range of equipment and services it delivers to Destia , Ramirent Finland 's managing director Kari Aulasmaa , said .",positive
"Via the takeover , Panostaja further expands its business area specialising in digital printing , which since previously consists of the subsidiaries Kopijyva Oy and Sokonet Oy .",positive
"- Inge Larsen (CFO), 29,045 shares , representing 0.50 % of the share capital .",neutral
The forecast for 2012 is 3.3 % .,neutral
"The share capital of Alma Media Corporation (business ID 1944757-4)is EUR 45,031,513.80 and it is divided into 75,052,523 shares .",neutral
The company is listed on the Nordic Exchange in Helsinki .,neutral
"Incap Contract Manufacturing will carry out the manufacturing for these agreements at its factory in Tumkur , near Bangalore .",neutral
"It will be operated by Nokia , and supported by its Nokia NetAct network and service management system .",neutral
28 January 2011 - Finnish technology center operator Technopolis Oyj (HEL : TPS1V)said today it will invest EUR22 .5 m in the construction of the second phase of an office facility in Tampere .,neutral
Comptel Corporation will publish its financial statements for 2008 on 12 February 2009 .,neutral
"Finnish L&T Recoil , a company specialising in used oil regeneration , is building a facility in Hamina in Finland in 2008 .",neutral
The shops are located in the capital region and the Paijat-Hame region .,neutral
The carrier said its Area travel agency is to sell most of its outlets to sister chain Suomen Matkatoimisto (SMT)and use its remaining bricks-and-mortar presence to primarily target business customers going forward .,neutral
The annual net sales of the unit is some EUR 5 million and it currently employs some 55 people .,neutral
"On the following workday customers can check from their home computers how their purchases are divided between different ingredient groups , how much energy various products contain and what is the nutritional content of all purchases .",neutral
Name of Company in which holdings have been acquired : Citycon Oyj 2 .,neutral
"BasWare is headquartered in Espoo , Finland .",neutral
"The store is located in Poznan in a shopping center named Pestka , the company added .",neutral
"The other seats would go to Edgar Edmonds , an American with experience of the clothing and retail industry , and Christian Fischer , an Austrian with experience in the winter sports goods business .",neutral
"According to the Act , universities can now acquire private funding .",neutral
"Following its strategy , Tikkurila has established a fully-owned sales company TOO Tikkurila in Almaty , Kazakhstan , for marketing decorative paints under the Finnish Tikkurila brand and the Russian Teks brand .",neutral
Asian traffic declined by 3.4 per cent .,negative
"Ahlstrom 's 5,700 employees serve customers via sales offices and production facilities in more than 20 countries on six continents .",neutral
"Raute , headquartered in Nastola , Finland , is a technology company serving the wood products industry worldwide .",neutral
"Consumer products manufacturer Fiskars Corp. will open a distribution and warehouse center in Southaven , creating 100 jobs .",positive
"According to latest information , Benefon will launch its Twig device on 20 September 2006 .",neutral
Atria will also buy the shares of Kauhajoen Teurastamokiinteistot Oy (Kauhajoki slaughterhouse property)from Itikka Co-operative .,neutral
"The joint venture will invest about EUR 500,000 in production technology straight away .",neutral
He will report to CapMan Plc 's CEO Heikki Westerlund .,neutral
The price will be specified at the completion date .,neutral
A total of $ 78 million will be invested in the project .,neutral
"Finnish IT consultancy Satama Interactive Oyj said on November 13 , 2006 that Jarmo Lonnfors took up the position of CEO .",neutral
"H1 '08 H1 '07 Q2 '08 Q2 '07 in mln euro , unless otherwise stated Net sales 386 328.6 201 160.7 Operating profit 46.3 35.8 23.2 9.5 Pre-tax profit 33.6 26.9 18.7 5.1 Net profit 25.1 25.4 14 4.0 EPS in euro 2.20 2.36 1.24 0.38 1.0 euro = $ 1.60 www.componenta.com",neutral
"` Nordea 's definitely too big for Sampo to acquire , ' said an analyst ` But Sampo would appear to have an agenda for Nordea ahead of the privatisation .",neutral
`` Fixed Mobile Convergence solutions represent a key value proposition in today 's communication market .,neutral
`` There is no room to modify the share component as we have already indicated . '',neutral
`` We could be there .,neutral
`` We were the lowest bidders and now the final approval is awaited . '',positive
"1 p.m. Central office of Nordea Bank 19 3-ya ulitsa Yamskogo Polya , Building 1 Telephone : 495 777-34-77 ext. 3932 , 3931 03.02.2011 Unimilk - EGM 03-04 .02.2011 XVI international business-summit Food Business Russia 2011 will take place .",neutral
"128,538 shares can still be subscribed for with Series E share options , max .",neutral
15 November 2010 - Finnish energy company Fortum Oyj HEL : FUM1V said today it and partners started negotiations to establish a new operating model for energy supply in the Turku region of western Finland .,neutral
"561,470 new shares under 2003 option rights plan Packaging company Huhtamaki Oyj reported on Monday that a total of 561,470 new shares of the company have been issued based on share subscriptions under its 2003 option rights plan .",neutral
"A meeting for the media and analysts will be held on the same day at 10:30 a.m. at Stonesoft Headquarters in Helsinki , Italahdenkatu 22 A. The Interim report will be presented by Stonesoft 's CEO Ilkka Hiidenheimo .",neutral
A meeting of Glisten shareholders to vote on the bid will be held on 12 March .,neutral
"A replay will be available until 27 October 2006 in the following numbers : US callers : +1 617-á801-á6888 , non-US callers : +44 20 7365 8427 , access code : 2659 5401 .",neutral
"A spokesman said : `` The food store center , subject to council and local support , could comprise a supermarket or smaller store and other niche outlets , and this will be firmed up following consultation with the council and local community regarding appropriate uses and occupiers . ''",neutral
"A total of 185 Wonderware Certified SIs are available to integrate and support Wonderware products such as InTouch -« HMI software , IndustrialSQL Server historian , Wonderware Information Server , DT Analyst software or QI Analyst SPC software .",neutral
A. Le Coq had a market share of 41.3 percent and rival beverage group Saku 32.1 percent .,neutral
"About 36 % of this came from Aspo Chemicals , 39 % from Aspo Shipping and 25 % from Aspo Systems .",neutral
"About 72 % of Evraz Group shares are owned by Lanebrook , whose beneficiaries , on the one hand , are Millhouse , the holding company for the assets of billionaire Roman Abramovich and his business partners 50 % ; and Evraz executives Alexander Abramov and Alexander Frolov 50 % , on the other .",neutral
Absolut Bank is exploring the possibility of further borrowing .,neutral
Aker Yards Finland will begin using Chinese subcontractors at its Finnish shipyards .,neutral
Finnish food industry companies HK Ruokatalo and Atria will form a joint venture company called L+ñnsi-Kalkkuna to produce turkey meat .,positive
Finnish food industry company L+ñnnen Tehtaat is planning changes to its fish product business .,neutral
Finnish plumbing and heating systems supplier Uponor is temporarily laying off its whole workforce in Finland for two weeks as of mid-July 2009 .,negative
Finnish property investment company Citycon plans to issue directed subordinated convertible bonds to institutional investors .,neutral
"In Finland , Hamina Cargo Terminal , of Finnish Nurminen Logistics , has purchased a warehouse with ground lease rights in the Port of Hamina .",neutral
"In Finland , metal sector company Componenta is laying off temporarily the staff of its Pori mill from Christmas 2008 till 6 January 2009 .",negative
"Member of the HK Ruokatalo Group in Finland , Scan , is launching a joint venture slaughterhouse with Team Ugglarp in Sk+Ñne , southern Sweden .",neutral
"The largest construction company in Finland , YIT Corporation , is to acquire 70 % of the shares in the Slovak construction company Reding Bratislava .",neutral
"According to Aktia Asset Management , Finnish analysts ' forecasts for 2009 are still too high .",negative
"According to business media reports , Usmanov planned to transfer his MegaFon stake to the state-controlled Svyazinvest , in exchange for a stake in the merged RosTelecom .",neutral
"According to CEO Hannu Syrj+ñnen , a new common name and visual identity is required as the group has grown and internationalised .",neutral
"According to Gallup Food and Farm Facts , beef consumption totaled 99mn kilos in Finland in 2007 .",neutral
"According to him , construction work will start in spring 2007 , and the facility is to be commissioned in spring 2008 .",neutral
"According to Soosalu , particular attention was paid to residents privacy and security in the design of the Aleksandri Street building .",neutral
"According to statistics by the Finnish Maritime Administration , shipping did not increase much in January-August 2009 , however .",neutral
"According to the company , a decision in the issue will be made in the summer of 2010 , at the earliest , and in the summer of 2011 , at the latest .",neutral
"According to the company , the lay-offs will be temporary .",neutral
"According to the Finnish-Russian Chamber of Commerce , all the major construction companies of Finland are operating in Russia .",neutral
"According to the notification , the holdings of Ameriprice Inc. and its group companies are now in total 808,973 shares , which represent 3.582 % of Tekla -¦ s shares and voting rights .",neutral
"According to the report , Elisa 's and DNA 's joint market share of Finland 's telecom market is 59 % .",neutral
After that the two companies sat down and sewed up the present deal .,neutral
"After the sale , Savcor Group Ltd will comprise Savcor ART , a corporate function and an investment in Cencorp Corporation .",neutral
"Ahlstrom 's 5,800 employees serve customers via sales offices and production facilities in more than 20 countries on six continents .",neutral
Ahlstrom 's share is quoted on the NASDAQ OMX Helsinki .,neutral
Ahlstrom 's share is quoted on the NASDAQ OMX Helsinki .,neutral
Airbus will attempt to evacuate up to 873 people within 90 seconds .,neutral
"ALEXANDRIA , Va. , June 7 -- Michael G. Williams of Newbury Park , Calif. , has developed a network device .",neutral
All rights reserved .,neutral
All YIT Capital Markets Day materials will be available on the company 's Internet site at www.yitgroup.com/investors at 10:30 on September 26 .,neutral
"Alma Media holds 70 % of this company , the remaining shares being owned by the company 's key employees .",neutral
Almost the entire office building will be occupied by Metso .,neutral
"Also , Westpac is to issue a benchmark , 18 month FRN deal in Euros .",neutral
Also the development of online businesses will continue .,neutral
Altimo previously agreed a similar deal with Telenor to merge their stakes in VimpelCom and Kyivstar-GSM .,neutral
As a part of the agreement 10 employees from the John Deere Forestry documentation functions will transfer to DokuMentori Oy .,neutral
"As a result , a total of 82 employees would be given notice .",neutral
"As a result of the transaction , Sanoma Budapest has acquired a stake in the online store Egeszsegbolt .",neutral
"As an alternative to the share exchange , Panostaja offers a full cash consideration at the value of 1.27 euro $ 1.7 per share .",neutral
"As part of the reorganisation measures that will take place in spring 2006 , Tamglass Finton will start personnel negotiations that will affect its entire staff of 33 .",negative
"As reported June 26 , `` both circuits continued to alternately report the track as vacant and then occupied almost constantly from June 17 , when part of the track signaling device was replaced , to the time of the crash , according to the Metro source . ''",neutral
"At 10.58 am , Outokumpu declined 2.74 pct to 24.87 eur , while the OMX Helsinki 25 was 0.55 pct higher at 2,825.14 and the OMX Helsinki added 0.64 pct to 9,386.89 .",neutral
at 9:00 EET Alma Media 's Annual Report for 2009 is scheduled to be published in calendar week 9 .,neutral
"At end-August , Sampo was Nordea 's biggest shareholder with a 20.6 % stake , followed by the state with 19.9 % .",neutral
"At first , Solteq 's services to companies operating in the St. Petersburg area will include maintenance and material management systems and data collection solutions .",neutral
Autotank Group is part of Aspo 's Systems Division .,neutral
Basware Einvoices Oy will be merged into the parent company during the present fiscal period .,neutral
"Because the application can be considered as a hacking application , it is classified by F-Secure as riskware .",neutral
"Before FKI , John Jiang has worked in several general manager or senior business consultant positions for international companies in China .",neutral
Benefon 's target is to lay off temporarily of permanently up to 20 % of the Salo plant 's staff .,negative
"Besides , Pit-Produkt will enter the new segments .",neutral
"Bids or offers include at least 1,000 shares and the value of the shares must correspond to at least EUR4 ,000 .",neutral
CapMan made its initial investment in OneMed in June 2006 .,neutral
"CapMan said the deal 's effect on its cash flow for 2009 totals EUR3 .4 m , but the transaction would not affect its financial results for 2009 as it was executed at fair value .",neutral
Catalysts segment includes refinery catalysts and polyolefin catalysts product categories .,neutral
"Componenta is a metal sector company with international operations and production plants located in Finland , the Netherlands , Sweden and Turkey .",neutral
"Comptel Corporation Sami Ervio President and CEO , Distribution : NASDAQ OMX Helsinki Major media Comptel Dynamic OSS solutions enable telecom service providers to deliver services flexibly and charge them effectively .",neutral
"Consisting of seven interconnected units , Mega Image 's logistics center will be 347 metres in length and 12 metres in height .",neutral
"Construction work on the Helsinki Music Centre is to start this autumn , with the total cost of the project estimated at 140 million euros .",neutral
COPYRIGHT AFX News and AFX Financial News Logo are registered trademarks of AFX News Limited,neutral
"Cramo , headquartered in Vantaa , Finland , rents construction machinery and equipment , as well as rents and sells modular space .",neutral
Currency conversions are based on exchange rates at the time of the deal .,neutral
"Currently the Terminator lures are produced in a subcontract facility in Mexico but the manufacturing will be transferred to Rapala 's factory in Shenzhen , China .",neutral
"Destia Oy is a Finnish infrastructure and construction service company building , maintaining and designing traffic routes , industrial and traffic environments , but also complete living environments .",neutral
"Digia will also set up two subsidiaries , Digia Norway AS and Digia USA Inc. .",neutral
Dutch publisher De Vijver said today it has agreed to buy a 49 % stake in Belgian weekly magazine Humo from Finnish media company Sanoma HEL : SAA1V .,neutral
Each share is entitled to one vote .,neutral
Each year the dividend is deducted from the subscription price .,neutral
Earnings per share EPS amounted to EUR0 .01 .,neutral
Earnings per share were EUR -0.04 -0.06 .,neutral
Elcoteq has a global network of After Market Service sites which have a long experience in serving Consumer Electronics and Systems Solutions customers .,neutral
Elcoteq SE is listed on the Nasdaq OMX Helsinki Ltd. .,neutral
Electronic versions require 24-48 hours as each copy is customized to the client with digital controls and custom watermarks .,neutral
"Elisa Corporation will disclose its financial statements for 2006 on Thursday , 8 February 2007 .",neutral
"Empresa de Desarrollo Urbano de Quito , INNOVAR-UIO , Ecuador has commissioned Poyry to prepare a feasibility study for a new urban rapid mass transit system .",neutral
"Erkki Jarvinen , President of Rautakirja and the head of the Sanoma Trade division , will leave his current tasks in spring 2009 for a similar position outside the Sanoma Group .",neutral
"Ethanol would be made from barley , and production could start in 2008 .",neutral
"EXEL COMPOSITES IN BRIEF Exel Composites is a technology company which designs , manufactures and markets composite profiles and tubes for industrial applications .",neutral
Exel is headquartered in Mantyharju in Finland .,neutral
facades in Riga 8 March 2010 - Finnish construction company YIT Oyj HEL : YTY1V said today that it will build the frame and the facades in a tower construction project in Riga .,neutral
Fancy Dans on the move FAB Glasgow gift and interiors store Fancy Dans is moving !,neutral
"Financial Statements include the consolidated financial statements of the Group , the Board of Directors ' Report , the Auditors ' Report and the Corporate Governance Statement .",neutral
"FinancialWire tm is not a press release service , and receives no compensation for its news , opinions or distributions .",neutral
"Finnair expands : Finnair plans to add more flights on routes to Hong Kong , India and Russia .",positive
Finnish Bank of +àland will launch its long-term pension savings account at the beginning of June 2010 .,neutral
Finnish food company Raisio Oyj HEL : RAIVV said today it will buy British snacks and confectionery company Big Bear Group plc for an enterprise value of EUR 95.3 million USD 129.9 m .,positive
Finnish industrial group Ruukki Group Plc OMX Helsinki : RUG1V said on Friday 14 November that its furniture business segment Incap Furniture has concluded personnel negotiations that were started at the end of September .,neutral
"Finnish metal components supplier Componenta on December 26 , 2006 applied for approval with the Turkish Capital Markets Board to launch a mandatory offer for the remaining shares in iron and aluminium castings producer Doktas Dokumculuk .",neutral
"Finnish Sampo-Rosenlew manufactures approximately seven forest machines monthly , and about half of machines are exported .",neutral
Finnlines has six ships under construction in China with deliveries scheduled between the first quarter of 2011 and the final quarter of 2012 .,neutral
Finnlines will announce in week 17 of 2006 what measures it will take to tackle the situation .,neutral
"firm 28 October 2009 - Finnish lifting equipment maker Konecranes Oyj HEL : KCR1V said today it acquired US Machine Tool Solutions Unlimited in Cincinnati , Ohio , for an undisclosed sum .",positive
"Following the issue , the new shares will constitute 10 percent of the firm 's capital .",neutral
"For the purposes of the possible acquisition , PKC would establish a subsidiary in Poland .",neutral
"Founded in 1923 , Finnair is one of the world 's oldest airlines and flies to 60 destinations with a fleet of 63 aircraft , employing 9,500 people .",neutral
"GeoSentric is acquiring extra financing by issuing a maximum of 220,000 new shares and a convertible bond with subscription rights for 880,000 shares , which have been fully subscribed .",neutral
"Glaston 's share GLA1V is listed on the NASDAQ OMX Helsinki , Mid Cap List .",neutral
Grounds for the notification : Tiimari Plc 12/30/2010 issued Capital Convertible Loan allocation decision by the Board on 01/31/2011 .,neutral
Growth is expected to continue in 2008 .,positive
GyPSii service supports ten different languages including Korean and Russian .,neutral
He confirmed his view on July 6 .,neutral
He is a member of the Board of numerous com-panies and a shareholder of the Boardman Ltd board specialist net-work .,neutral
"HELSINKI AFX - Cargotec said it has bought a 95 pct stake in Indital Construction Machinery Ltd , a Bangalore-based company that makes fork lift trucks and mobile cranes , for an undisclosed sum .",neutral
"HELSINKI AFX - Cramo said it has agreed to sell Cramo Nederland BV CNL , its Dutch machinery and equipment rental unit , to Jaston Groep for an undisclosed sum .",neutral
"Helsinki-based Componenta bought Turkish listed company Doktas in October 2006 for 89 million euros , making it the largest Finnish investment in Turkey to date .",neutral
"However , the offering will probably not be made at the current valuation , which partly derives from the deal in which the company was merged into a stock market shell .",neutral
"HUHTAMAKI OYJ STOCK EXCHANGE RELEASE , 16.9.2008 AT 13.32 Huhtamaki 's Capital Markets Day for institutional investors and analysts is held in Espoo , September 16 , 2008 starting at 13.30 pm Finnish time .",neutral
"I can say categorically , no , ' Wahlroos was quoted as saying by the paper , when asked about Sampo 's interest in making a bid for RSA .",neutral
"If Honkarakenne starts production there , it will need a partner for sawmill operations .",neutral
"In addition , nine fixed-term employment contracts will not be extended and two people will leave the company under pension arrangements .",neutral
"In addition , the existing service counter area in the reception hall will be rebuilt and access provided to local rail connections .",neutral
"In addition a reduction of nine persons will be made through pension or other arrangements , the company added .",neutral
"In addition to the Tulikivi Corporation , he is also currently a member of the Board of the following companies : Altia Corporation , J+ñrvi-Suomen Portti Osuuskunta , Osuuskunta KPY , Profile Vehicles Oy and Voimatel Oy .",neutral
"In future , the plant will focus on the production of flange profiles for wind farm towers .",neutral
In return the New York-based private equity firm will receive a 51 % stake in the Latvian IT and telecom group .,neutral
"In the Baltic countries , Atria 's target is organic growth .",neutral
"Incap Corporation Stock Exchange Announcement 29 April 2010 at 1 p.m. INVITATION TO A NEWS CONFERENCE ON INCAP 'S INTERIM REPORT Q1-2010 Incap will publish its interim report for January-March 2010 on Wednesday , 5 May 2010 .",neutral
"India is high on our priority since business links between our two countries is also expanding , '' Tornstrom said .",neutral
IonPhasE 's second major owner is venture capital firm Aura Capital .,neutral
"Iso Omena is based in the Matinkyla district of the southern part of the city of Espoo , southern Finland .",neutral
It moved into the No. 2 spot in 2000 when it merged steel operations with Avesta Sheffield to form AvestaPolarit .,neutral
"ITG 's share in the deal is estimated at some 500,000 euro $ 627,000 .",neutral
"Its customers include local companies Slo Oy , Kiilto Oy , Toptronics Oy , Normark Suomi Oy , Pellonpaja Oy and Mansner Oy .",neutral
"Ixonos estimates that it will hire 20 specialists in mechanical engineering , electronics design , and R&D for its new unit in Jyvaeskylae by the end of 2009 .",positive
"Jensen , Njastein and Mike Critch , the head of Dovre North America business unit , will report to Toivola .",neutral
"Jukka Hienonen , the current Finnair CEO , will step down at the end of January 2010 .",neutral
"Kemira , headquartered in Helsinki , Finland , is an international chemicals group comprising the business areas Kemira Pulp & Paper , Kemira Water , Kemira Specialty and Kemira Coatings .",neutral
Kemira 's partner in the project is St. Petersburg Water Works .,neutral
Kershaw takes up the position with immediate effect from her previous role as marketing manager of Sankey Home & Garden Products .,neutral
KONE is listed on the Nordic Exchange in Helsinki .,neutral
"L&T is operative in Finland , Sweden , Latvia , Russia and Norway .",neutral
"Last week , however , Nokia announced that it will pursue a long-term relationship with Microsoft , and make the Windows Phone 7 operating system the foundation for Nokia mobile phones .",neutral
Latvia 's Stockmann shopping mall is a subsidiary of Finland 's Stockmann Plc. .,neutral
"LEED is an internationally recognized green building certification system , developed by the U.S. Green Building Council .",neutral
LONDON AFX - Fortum said it has agreed to sell its industrial maintenance service operations to funds managed by CapMan for an undisclosed sum .,neutral
"China Unicom , NYSE : CHU , HKSE : 0762 , and SHSE : 600050 , the second largest mobile carrier in the country .",neutral
"Maximum amount of terminations in Finland is 40 employees , the company added .",neutral
Measures will be launched immediately and are due to be finalized in the first quarter of 2010 .,neutral
"Metsa-Botnia will finance the payment of dividends , the repayment of capital and the repurchase of its own shares with the funds deriving from its divestment of the Uruguay operations , and shares in Pohjolan Voima , and by utilising its existing financing facilities .",neutral
Metso 's delivery will include a complete coated board line with related air systems and two winders .,neutral
Mobile data transfer is expected to increase explosively in the LTE era .,neutral
Most of the dividend will go to the Grimaldi family .,neutral
"mr Bakman sees also expansion options on the Tallinn-Helisnki link , claiming however , that operating the link with only a single ship is not enough .",neutral
"M-real Corporation Press release on 3 November at 10:35 am M-real Corporation was the second best company in the materials sector including e.g. forest industry companies in the Carbon Disclosure Leadership Index CDLI , Nordic Report 2009 .",positive
"M-Real said there are ` no grounds ' for the rumors , which ` have been circulating in the market for some months . '",neutral
"Nastola , axe 14 jobs 16 February 2010 - Finnish wood products technology firm Raute Oyj HEL : RUTAV said today that it will transfer to Nastola , southern Finland , the production of its Jyvaskyla plant , which will affect 14 people .",neutral
Neste Shipping is the most likely to remain Finnish as the oil sector and its transports are significant for emergency supply .,neutral